image_path,pig_id,x1,y1,x2,y2,status
/Users/vineelap/Documents/piglets_detection/piglet-detection-main/artifacts/label_samples/2026-07-10__10_00_07#M/track_744_f10860.jpg,3,254,24,330,88,boxed
/Users/vineelap/Documents/piglets_detection/piglet-detection-main/artifacts/label_samples/2026-07-11__09_30_06#M/track_1479_f11500.jpg,3,169,59,248,92,boxed
/Users/vineelap/Documents/piglets_detection/piglet-detection-main/artifacts/label_samples/2026-07-10__10_00_07#M/track_853_f12100.jpg,2,187,72,260,103,boxed
/Users/vineelap/Documents/piglets_detection/piglet-detection-main/artifacts/label_samples/2026-07-10__10_00_07#M/track_469_f8670.jpg,10,92,200,193,305,boxed
/Users/vineelap/Documents/piglets_detection/piglet-detection-main/artifacts/label_samples/2026-07-10__13_00_08#M/track_408_f8940.jpg,8,233,66,295,109,boxed
/Users/vineelap/Documents/piglets_detection/piglet-detection-main/artifacts/label_samples/2026-07-10__13_00_08#M/track_1099_f12630.jpg,14,212,52,305,133,boxed
/Users/vineelap/Documents/piglets_detection/piglet-detection-main/artifacts/label_samples/2026-07-10__08_30_06#M/track_1186_f7300.jpg,6,70,149,137,227,boxed
/Users/vineelap/Documents/piglets_detection/piglet-detection-main/artifacts/label_samples/2026-07-10__08_30_06#M/track_692_f3800.jpg,13,142,24,237,107,boxed
/Users/vineelap/Documents/piglets_detection/piglet-detection-main/artifacts/label_samples/2026-07-10__13_00_08#M/track_693_f9840.jpg,14,165,110,257,208,boxed
/Users/vineelap/Documents/piglets_detection/piglet-detection-main/artifacts/label_samples/2026-07-10__13_00_08#M/track_973_f11410.jpg,12,28,137,112,239,boxed
/Users/vineelap/Documents/piglets_detection/piglet-detection-main/artifacts/label_samples/2026-07-14__16_00_06#M/track_331.jpg,13,181,99,243,136,boxed
/Users/vineelap/Documents/piglets_detection/piglet-detection-main/artifacts/label_samples/2026-07-10__10_00_07#M/track_1063_f13420.jpg,12,135,115,243,186,boxed
/Users/vineelap/Documents/piglets_detection/piglet-detection-main/artifacts/label_samples/2026-07-10__08_30_06#M/track_1122_f6840.jpg,12,51,91,147,211,boxed
/Users/vineelap/Documents/piglets_detection/piglet-detection-main/artifacts/label_samples/2026-07-10__10_00_07#M/track_1195_f14510.jpg,2,108,186,177,276,boxed
/Users/vineelap/Documents/piglets_detection/piglet-detection-main/artifacts/label_samples/2026-07-11__09_30_06#M/track_1240_f10510.jpg,6,194,215,263,284,boxed
/Users/vineelap/Documents/piglets_detection/piglet-detection-main/artifacts/label_samples/2026-07-10__10_00_07#M/track_1364_f15550.jpg,11,126,110,193,192,boxed
/Users/vineelap/Documents/piglets_detection/piglet-detection-main/artifacts/label_samples/2026-07-10__10_00_07#M/track_966_f12730.jpg,3,177,118,261,189,boxed
/Users/vineelap/Documents/piglets_detection/piglet-detection-main/artifacts/label_samples/2026-07-10__08_30_06#M/track_253_f1180.jpg,11,145,143,244,240,boxed
/Users/vineelap/Documents/piglets_detection/piglet-detection-main/artifacts/label_samples/2026-07-10__13_30_08#M/track_937_f6360.jpg,14,22,186,96,285,boxed
/Users/vineelap/Documents/piglets_detection/piglet-detection-main/artifacts/label_samples/2026-07-10__10_00_07#M/track_735_f10770.jpg,1,32,193,105,245,boxed
/Users/vineelap/Documents/piglets_detection/piglet-detection-main/artifacts/label_samples/2026-07-14__16_00_06#M/track_130.jpg,10,48,16,120,69,boxed
/Users/vineelap/Documents/piglets_detection/piglet-detection-main/artifacts/label_samples/2026-07-10__13_00_08#M/track_1528_f19040.jpg,14,83,215,170,308,boxed
/Users/vineelap/Documents/piglets_detection/piglet-detection-main/artifacts/label_samples/2026-07-11__09_30_06#M/track_2090_f14940.jpg,3,96,106,178,198,boxed
/Users/vineelap/Documents/piglets_detection/piglet-detection-main/artifacts/label_samples/2026-07-10__13_00_08#M/track_1103_f12770.jpg,14,178,170,262,254,boxed
/Users/vineelap/Documents/piglets_detection/piglet-detection-main/artifacts/label_samples/2026-07-10__13_00_08#M/track_433_f9040.jpg,13,121,145,213,259,boxed
/Users/vineelap/Documents/piglets_detection/piglet-detection-main/artifacts/label_samples/2026-07-10__08_30_06#M/track_416_f2010.jpg,2,98,3,169,57,boxed
/Users/vineelap/Documents/piglets_detection/piglet-detection-main/artifacts/label_samples/2026-07-10__13_00_08#M/track_1200_f14930.jpg,11,140,117,224,204,boxed
/Users/vineelap/Documents/piglets_detection/piglet-detection-main/artifacts/label_samples/2026-07-11__09_30_06#M/track_2344_f15970.jpg,2,176,54,285,132,boxed
/Users/vineelap/Documents/piglets_detection/piglet-detection-main/artifacts/label_samples/2026-07-11__09_30_06#M/track_382_f2920.jpg,8,207,185,272,250,boxed
/Users/vineelap/Documents/piglets_detection/piglet-detection-main/artifacts/label_samples/2026-07-10__13_00_08#M/track_417_f9120.jpg,1,136,206,191,272,boxed
/Users/vineelap/Documents/piglets_detection/piglet-detection-main/artifacts/label_samples/2026-07-10__13_00_08#M/track_1169_f14430.jpg,11,128,131,209,237,boxed
/Users/vineelap/Documents/piglets_detection/piglet-detection-main/artifacts/label_samples/2026-07-10__10_00_07#M/track_791_f11260.jpg,3,178,70,261,134,boxed
/Users/vineelap/Documents/piglets_detection/piglet-detection-main/artifacts/label_samples/2026-07-10__13_00_08#M/track_448_f9140.jpg,10,100,152,205,260,boxed
/Users/vineelap/Documents/piglets_detection/piglet-detection-main/artifacts/label_samples/2026-07-10__13_30_08#M/track_1734_f11480.jpg,8,222,45,284,89,boxed
/Users/vineelap/Documents/piglets_detection/piglet-detection-main/artifacts/label_samples/2026-07-11__09_30_06#M/track_1940_f14030.jpg,11,130,134,230,207,boxed
/Users/vineelap/Documents/piglets_detection/piglet-detection-main/artifacts/label_samples/2026-07-10__13_00_08#M/track_1446_f18480.jpg,11,158,180,281,279,boxed
/Users/vineelap/Documents/piglets_detection/piglet-detection-main/artifacts/label_samples/2026-07-10__13_30_08#M/track_182_f900.jpg,8,257,199,343,270,boxed
/Users/vineelap/Documents/piglets_detection/piglet-detection-main/artifacts/label_samples/2026-07-10__10_00_07#M/track_1863_f18770.jpg,8,100,125,195,208,boxed
/Users/vineelap/Documents/piglets_detection/piglet-detection-main/artifacts/label_samples/2026-07-10__08_30_06#M/track_940_f4860.jpg,8,96,116,177,178,boxed
/Users/vineelap/Documents/piglets_detection/piglet-detection-main/artifacts/label_samples/2026-07-10__13_30_08#M/track_334_f2020.jpg,8,199,59,270,122,boxed
/Users/vineelap/Documents/piglets_detection/piglet-detection-main/artifacts/label_samples/2026-07-14__16_00_06#M/track_646.jpg,6,88,148,187,246,boxed
/Users/vineelap/Documents/piglets_detection/piglet-detection-main/artifacts/label_samples/2026-07-10__13_30_08#M/track_1500_f9210.jpg,12,113,139,210,267,boxed
/Users/vineelap/Documents/piglets_detection/piglet-detection-main/artifacts/label_samples/2026-07-10__13_00_08#M/track_987_f11440.jpg,11,56,176,154,267,boxed
/Users/vineelap/Documents/piglets_detection/piglet-detection-main/artifacts/label_samples/2026-07-10__10_00_07#M/track_1025_f13110.jpg,3,,,,,skip
/Users/vineelap/Documents/piglets_detection/piglet-detection-main/artifacts/label_samples/2026-07-10__10_00_07#M/track_791_f11270.jpg,3,168,81,249,138,boxed
/Users/vineelap/Documents/piglets_detection/piglet-detection-main/artifacts/label_samples/2026-07-10__13_30_08#M/track_941_f6430.jpg,6,117,167,211,242,boxed
/Users/vineelap/Documents/piglets_detection/piglet-detection-main/artifacts/label_samples/2026-07-11__09_30_06#M/track_2398_f16140.jpg,14,155,157,248,241,boxed
/Users/vineelap/Documents/piglets_detection/piglet-detection-main/artifacts/label_samples/2026-07-10__13_00_08#M/track_1609_f19650.jpg,6,254,28,347,71,boxed
/Users/vineelap/Documents/piglets_detection/piglet-detection-main/artifacts/label_samples/2026-07-10__13_00_08#M/track_973_f11320.jpg,12,50,121,164,205,boxed
/Users/vineelap/Documents/piglets_detection/piglet-detection-main/artifacts/label_samples/2026-07-10__10_00_07#M/track_1157_f14080.jpg,10,203,15,283,71,boxed
/Users/vineelap/Documents/piglets_detection/piglet-detection-main/artifacts/label_samples/2026-07-10__13_30_08#M/track_1588_f9570.jpg,6,54,215,119,296,boxed
/Users/vineelap/Documents/piglets_detection/piglet-detection-main/artifacts/label_samples/2026-07-10__10_00_07#M/track_793_f11220.jpg,1,141,203,218,267,boxed
/Users/vineelap/Documents/piglets_detection/piglet-detection-main/artifacts/label_samples/2026-07-10__13_30_08#M/track_113_f650.jpg,14,161,107,251,183,boxed
/Users/vineelap/Documents/piglets_detection/piglet-detection-main/artifacts/label_samples/2026-07-11__09_30_06#M/track_1359_f10820.jpg,2,151,159,236,242,boxed
/Users/vineelap/Documents/piglets_detection/piglet-detection-main/artifacts/label_samples/2026-07-11__09_30_06#M/track_2316_f15930.jpg,2,183,29,271,67,boxed
/Users/vineelap/Documents/piglets_detection/piglet-detection-main/artifacts/label_samples/2026-07-10__13_30_08#M/track_937_f6370.jpg,14,31,160,120,240,boxed
/Users/vineelap/Documents/piglets_detection/piglet-detection-main/artifacts/label_samples/2026-07-10__13_00_08#M/track_887_f10690.jpg,11,193,62,312,144,boxed
/Users/vineelap/Documents/piglets_detection/piglet-detection-main/artifacts/label_samples/2026-07-10__13_30_08#M/track_744_f4880.jpg,8,123,203,194,276,boxed
/Users/vineelap/Documents/piglets_detection/piglet-detection-main/artifacts/label_samples/2026-07-10__10_00_07#M/track_1132_f13930.jpg,12,162,17,294,103,boxed
/Users/vineelap/Documents/piglets_detection/piglet-detection-main/artifacts/label_samples/2026-07-10__13_30_08#M/track_991_f6680.jpg,10,175,240,298,358,boxed
/Users/vineelap/Documents/piglets_detection/piglet-detection-main/artifacts/label_samples/2026-07-10__10_00_07#M/track_817_f11630.jpg,2,,,,,skip
/Users/vineelap/Documents/piglets_detection/piglet-detection-main/artifacts/label_samples/2026-07-11__09_30_06#M/track_382_f2880.jpg,8,160,151,250,232,boxed
/Users/vineelap/Documents/piglets_detection/piglet-detection-main/artifacts/label_samples/2026-07-10__08_30_06#M/track_573_f3020.jpg,12,50,184,156,314,boxed
/Users/vineelap/Documents/piglets_detection/piglet-detection-main/artifacts/label_samples/2026-07-10__13_30_08#M/track_1104_f7000.jpg,6,47,48,98,96,boxed
/Users/vineelap/Documents/piglets_detection/piglet-detection-main/artifacts/label_samples/2026-07-10__10_00_07#M/track_1800_f18410.jpg,13,199,48,270,121,boxed
/Users/vineelap/Documents/piglets_detection/piglet-detection-main/artifacts/label_samples/2026-07-10__13_00_08#M/track_898_f11130.jpg,12,102,110,195,192,boxed
/Users/vineelap/Documents/piglets_detection/piglet-detection-main/artifacts/label_samples/2026-07-10__10_00_07#M/track_948_f12640.jpg,10,179,7,252,67,boxed
/Users/vineelap/Documents/piglets_detection/piglet-detection-main/artifacts/label_samples/2026-07-10__10_00_07#M/track_1354_f15540.jpg,13,58,168,178,267,boxed
/Users/vineelap/Documents/piglets_detection/piglet-detection-main/artifacts/label_samples/2026-07-10__08_30_06#M/track_857_f4440.jpg,8,200,177,292,243,boxed
/Users/vineelap/Documents/piglets_detection/piglet-detection-main/artifacts/label_samples/2026-07-10__13_30_08#M/track_570_f3550.jpg,3,75,236,146,318,boxed
/Users/vineelap/Documents/piglets_detection/piglet-detection-main/artifacts/label_samples/2026-07-10__13_30_08#M/track_934_f6280.jpg,1,58,190,137,268,boxed
/Users/vineelap/Documents/piglets_detection/piglet-detection-main/artifacts/label_samples/2026-07-10__13_30_08#M/track_1686_f10030.jpg,3,82,188,134,282,boxed
/Users/vineelap/Documents/piglets_detection/piglet-detection-main/artifacts/label_samples/2026-07-10__10_00_07#M/track_1554_f16890.jpg,11,232,12,301,73,boxed
/Users/vineelap/Documents/piglets_detection/piglet-detection-main/artifacts/label_samples/2026-07-10__13_30_08#M/track_337_f2070.jpg,6,150,73,230,141,boxed
/Users/vineelap/Documents/piglets_detection/piglet-detection-main/artifacts/label_samples/2026-07-11__09_30_06#M/track_665_f5120.jpg,3,58,170,152,292,boxed
/Users/vineelap/Documents/piglets_detection/piglet-detection-main/artifacts/label_samples/2026-07-10__13_00_08#M/track_773_f10090.jpg,3,208,54,297,129,boxed
/Users/vineelap/Documents/piglets_detection/piglet-detection-main/artifacts/label_samples/2026-07-10__10_00_07#M/track_990_f12850.jpg,11,24,191,113,325,boxed
/Users/vineelap/Documents/piglets_detection/piglet-detection-main/artifacts/label_samples/2026-07-10__13_30_08#M/track_1081_f7090.jpg,8,242,73,321,131,boxed
/Users/vineelap/Documents/piglets_detection/piglet-detection-main/artifacts/label_samples/2026-07-11__09_30_06#M/track_1258_f10310.jpg,11,233,67,314,167,boxed
/Users/vineelap/Documents/piglets_detection/piglet-detection-main/artifacts/label_samples/2026-07-11__09_30_06#M/track_1906_f13970.jpg,14,229,98,314,196,boxed
/Users/vineelap/Documents/piglets_detection/piglet-detection-main/artifacts/label_samples/2026-07-10__13_30_08#M/track_1215_f7540.jpg,6,179,109,264,162,boxed
/Users/vineelap/Documents/piglets_detection/piglet-detection-main/artifacts/label_samples/2026-07-10__13_00_08#M/track_1220_f15650.jpg,14,84,214,177,308,boxed
/Users/vineelap/Documents/piglets_detection/piglet-detection-main/artifacts/label_samples/2026-07-10__10_00_07#M/track_532_f9360.jpg,10,102,143,189,246,boxed
/Users/vineelap/Documents/piglets_detection/piglet-detection-main/artifacts/label_samples/2026-07-10__13_30_08#M/track_775_f5370.jpg,8,31,159,92,230,boxed
/Users/vineelap/Documents/piglets_detection/piglet-detection-main/artifacts/label_samples/2026-07-10__13_30_08#M/track_790_f5620.jpg,11,29,91,111,165,boxed
/Users/vineelap/Documents/piglets_detection/piglet-detection-main/artifacts/label_samples/2026-07-10__10_00_07#M/track_940_f12620.jpg,1,129,143,224,215,boxed
/Users/vineelap/Documents/piglets_detection/piglet-detection-main/artifacts/label_samples/2026-07-11__09_30_06#M/track_510_f3750.jpg,14,158,101,252,181,boxed
/Users/vineelap/Documents/piglets_detection/piglet-detection-main/artifacts/label_samples/2026-07-10__13_30_08#M/track_211_f1050.jpg,13,183,49,304,142,boxed
/Users/vineelap/Documents/piglets_detection/piglet-detection-main/artifacts/label_samples/2026-07-11__09_30_06#M/track_272_f2030.jpg,8,75,23,143,81,boxed
/Users/vineelap/Documents/piglets_detection/piglet-detection-main/artifacts/label_samples/2026-07-11__09_30_06#M/track_1640_f12350.jpg,3,104,41,170,121,boxed
/Users/vineelap/Documents/piglets_detection/piglet-detection-main/artifacts/label_samples/2026-07-10__10_00_07#M/track_1522_f16640.jpg,11,193,22,273,89,boxed
/Users/vineelap/Documents/piglets_detection/piglet-detection-main/artifacts/label_samples/2026-07-11__09_30_06#M/track_2753_f17650.jpg,14,125,116,220,226,boxed
/Users/vineelap/Documents/piglets_detection/piglet-detection-main/artifacts/label_samples/2026-07-10__13_30_08#M/track_199_f1030.jpg,12,111,193,230,297,boxed
/Users/vineelap/Documents/piglets_detection/piglet-detection-main/artifacts/label_samples/2026-07-10__10_00_07#M/track_495_f8940.jpg,13,168,89,244,186,boxed
/Users/vineelap/Documents/piglets_detection/piglet-detection-main/artifacts/label_samples/2026-07-10__10_00_07#M/track_311_f7570.jpg,2,34,84,99,160,boxed
/Users/vineelap/Documents/piglets_detection/piglet-detection-main/artifacts/label_samples/2026-07-10__13_00_08#M/track_1116_f12830.jpg,11,58,150,170,283,boxed
/Users/vineelap/Documents/piglets_detection/piglet-detection-main/artifacts/label_samples/2026-07-10__08_30_06#M/track_1150_f6920.jpg,12,41,86,153,199,boxed
/Users/vineelap/Documents/piglets_detection/piglet-detection-main/artifacts/label_samples/2026-07-10__13_00_08#M/track_913_f10840.jpg,6,87,280,166,369,boxed
/Users/vineelap/Documents/piglets_detection/piglet-detection-main/artifacts/label_samples/2026-07-11__09_30_06#M/track_1859_f13650.jpg,8,114,75,202,117,boxed
/Users/vineelap/Documents/piglets_detection/piglet-detection-main/artifacts/label_samples/2026-07-10__10_00_07#M/track_1105_f13650.jpg,3,,,,,skip
/Users/vineelap/Documents/piglets_detection/piglet-detection-main/artifacts/label_samples/2026-07-10__13_00_08#M/track_928_f10880.jpg,14,94,123,186,215,boxed
/Users/vineelap/Documents/piglets_detection/piglet-detection-main/artifacts/label_samples/2026-07-11__09_30_06#M/track_2977_f19570.jpg,2,140,85,224,157,boxed
/Users/vineelap/Documents/piglets_detection/piglet-detection-main/artifacts/label_samples/2026-07-10__08_30_06#M/track_454_f2200.jpg,4,,,,,skip
/Users/vineelap/Documents/piglets_detection/piglet-detection-main/artifacts/label_samples/2026-07-10__13_30_08#M/track_941_f6440.jpg,6,154,187,243,278,boxed
/Users/vineelap/Documents/piglets_detection/piglet-detection-main/artifacts/label_samples/2026-07-10__10_00_07#M/track_1459_f16210.jpg,13,5,67,109,153,boxed
/Users/vineelap/Documents/piglets_detection/piglet-detection-main/artifacts/label_samples/2026-07-10__13_00_08#M/track_1527_f19050.jpg,14,101,198,205,304,boxed
/Users/vineelap/Documents/piglets_detection/piglet-detection-main/artifacts/label_samples/2026-07-10__13_30_08#M/track_1507_f9320.jpg,6,265,109,370,164,boxed
/Users/vineelap/Documents/piglets_detection/piglet-detection-main/artifacts/label_samples/2026-07-10__10_00_07#M/track_1215_f14600.jpg,10,211,67,285,132,boxed
/Users/vineelap/Documents/piglets_detection/piglet-detection-main/artifacts/label_samples/2026-07-10__13_30_08#M/track_1141_f7290.jpg,13,21,195,126,326,boxed
/Users/vineelap/Documents/piglets_detection/piglet-detection-main/artifacts/label_samples/2026-07-10__10_00_07#M/track_901_f12250.jpg,6,176,128,223,204,boxed
/Users/vineelap/Documents/piglets_detection/piglet-detection-main/artifacts/label_samples/2026-07-10__10_00_07#M/track_662_f10600.jpg,10,144,158,261,290,boxed
/Users/vineelap/Documents/piglets_detection/piglet-detection-main/artifacts/label_samples/2026-07-10__10_00_07#M/track_1389_f15720.jpg,10,,,,,skip
/Users/vineelap/Documents/piglets_detection/piglet-detection-main/artifacts/label_samples/2026-07-11__09_30_06#M/track_651_f5110.jpg,2,134,3,201,53,boxed
/Users/vineelap/Documents/piglets_detection/piglet-detection-main/artifacts/label_samples/2026-07-11__09_30_06#M/track_1998_f14560.jpg,2,222,129,295,190,boxed
/Users/vineelap/Documents/piglets_detection/piglet-detection-main/artifacts/label_samples/2026-07-10__13_00_08#M/track_433_f9100.jpg,13,12,150,101,258,boxed
/Users/vineelap/Documents/piglets_detection/piglet-detection-main/artifacts/label_samples/2026-07-10__13_30_08#M/track_973_f6600.jpg,14,62,159,156,236,boxed
/Users/vineelap/Documents/piglets_detection/piglet-detection-main/artifacts/label_samples/2026-07-10__10_00_07#M/track_1489_f16520.jpg,2,74,138,133,233,boxed
/Users/vineelap/Documents/piglets_detection/piglet-detection-main/artifacts/label_samples/2026-07-10__13_00_08#M/track_693_f9850.jpg,14,199,100,296,202,boxed
/Users/vineelap/Documents/piglets_detection/piglet-detection-main/artifacts/label_samples/2026-07-10__13_30_08#M/track_902_f6050.jpg,13,92,96,201,193,boxed
/Users/vineelap/Documents/piglets_detection/piglet-detection-main/artifacts/label_samples/2026-07-10__10_00_07#M/track_502_f9020.jpg,2,156,17,246,50,boxed
/Users/vineelap/Documents/piglets_detection/piglet-detection-main/artifacts/label_samples/2026-07-11__09_30_06#M/track_267_f2000.jpg,6,220,64,320,108,boxed
/Users/vineelap/Documents/piglets_detection/piglet-detection-main/artifacts/label_samples/2026-07-10__13_00_08#M/track_856_f10530.jpg,13,44,29,133,114,boxed
/Users/vineelap/Documents/piglets_detection/piglet-detection-main/artifacts/label_samples/2026-07-10__10_00_07#M/track_785_f11190.jpg,10,52,9,139,89,boxed
/Users/vineelap/Documents/piglets_detection/piglet-detection-main/artifacts/label_samples/2026-07-10__13_30_08#M/track_1215_f7550.jpg,6,162,184,235,262,boxed
/Users/vineelap/Documents/piglets_detection/piglet-detection-main/artifacts/label_samples/2026-07-10__13_00_08#M/track_330_f8800.jpg,1,132,240,212,325,boxed
/Users/vineelap/Documents/piglets_detection/piglet-detection-main/artifacts/label_samples/2026-07-11__09_30_06#M/track_521_f3970.jpg,14,187,32,305,129,boxed
/Users/vineelap/Documents/piglets_detection/piglet-detection-main/artifacts/label_samples/2026-07-10__10_00_07#M/track_68_f2520.jpg,8,220,37,296,91,boxed
/Users/vineelap/Documents/piglets_detection/piglet-detection-main/artifacts/label_samples/2026-07-10__13_30_08#M/track_1683_f9980.jpg,12,72,85,153,187,boxed
/Users/vineelap/Documents/piglets_detection/piglet-detection-main/artifacts/label_samples/2026-07-10__10_00_07#M/track_286_f7360.jpg,8,,,,,skip
/Users/vineelap/Documents/piglets_detection/piglet-detection-main/artifacts/label_samples/2026-07-10__10_00_07#M/track_1195_f14530.jpg,2,180,98,275,166,boxed
/Users/vineelap/Documents/piglets_detection/piglet-detection-main/artifacts/label_samples/2026-07-10__08_30_06#M/track_328_f1630.jpg,12,36,139,134,233,boxed
/Users/vineelap/Documents/piglets_detection/piglet-detection-main/artifacts/label_samples/2026-07-10__13_00_08#M/track_422_f9030.jpg,6,113,195,174,260,boxed
/Users/vineelap/Documents/piglets_detection/piglet-detection-main/artifacts/label_samples/2026-07-11__09_30_06#M/track_416_f3070.jpg,10,46,216,159,341,boxed
/Users/vineelap/Documents/piglets_detection/piglet-detection-main/artifacts/label_samples/2026-07-11__09_30_06#M/track_416_f3080.jpg,10,37,176,123,298,boxed
/Users/vineelap/Documents/piglets_detection/piglet-detection-main/artifacts/label_samples/2026-07-10__10_00_07#M/track_134_f3700.jpg,1,123,27,194,83,boxed
/Users/vineelap/Documents/piglets_detection/piglet-detection-main/artifacts/label_samples/2026-07-10__13_30_08#M/track_399_f2860.jpg,6,197,154,276,234,boxed
/Users/vineelap/Documents/piglets_detection/piglet-detection-main/artifacts/label_samples/2026-07-11__09_30_06#M/track_2149_f15060.jpg,6,87,79,152,126,boxed
/Users/vineelap/Documents/piglets_detection/piglet-detection-main/artifacts/label_samples/2026-07-11__09_30_06#M/track_1027_f8660.jpg,3,106,111,187,205,boxed
/Users/vineelap/Documents/piglets_detection/piglet-detection-main/artifacts/label_samples/2026-07-10__13_00_08#M/track_604_f9620.jpg,6,70,68,141,121,boxed
/Users/vineelap/Documents/piglets_detection/piglet-detection-main/artifacts/label_samples/2026-07-11__09_30_06#M/track_617_f4800.jpg,6,85,215,156,304,boxed
/Users/vineelap/Documents/piglets_detection/piglet-detection-main/artifacts/label_samples/2026-07-10__08_30_06#M/track_446_f2130.jpg,6,288,110,367,170,boxed
/Users/vineelap/Documents/piglets_detection/piglet-detection-main/artifacts/label_samples/2026-07-11__09_30_06#M/track_1590_f12170.jpg,11,13,160,122,272,boxed
/Users/vineelap/Documents/piglets_detection/piglet-detection-main/artifacts/label_samples/2026-07-11__09_30_06#M/track_1749_f13000.jpg,3,101,91,205,156,boxed
/Users/vineelap/Documents/piglets_detection/piglet-detection-main/artifacts/label_samples/2026-07-10__10_00_07#M/track_1123_f13900.jpg,3,88,131,168,210,boxed
/Users/vineelap/Documents/piglets_detection/piglet-detection-main/artifacts/label_samples/2026-07-10__10_00_07#M/track_1326_f15330.jpg,2,155,111,285,165,boxed
/Users/vineelap/Documents/piglets_detection/piglet-detection-main/artifacts/label_samples/2026-07-10__13_00_08#M/track_1565_f19270.jpg,2,101,202,196,322,boxed
/Users/vineelap/Documents/piglets_detection/piglet-detection-main/artifacts/label_samples/2026-07-10__13_30_08#M/track_263_f1550.jpg,8,159,212,238,279,boxed
/Users/vineelap/Documents/piglets_detection/piglet-detection-main/artifacts/label_samples/2026-07-10__13_30_08#M/track_1531_f9330.jpg,11,77,47,161,146,boxed
/Users/vineelap/Documents/piglets_detection/piglet-detection-main/artifacts/label_samples/2026-07-11__09_30_06#M/track_1485_f11590.jpg,2,159,183,235,266,boxed
/Users/vineelap/Documents/piglets_detection/piglet-detection-main/artifacts/label_samples/2026-07-10__13_00_08#M/track_907_f10810.jpg,14,13,101,99,181,boxed
/Users/vineelap/Documents/piglets_detection/piglet-detection-main/artifacts/label_samples/2026-07-10__13_00_08#M/track_1220_f15680.jpg,14,85,214,170,315,boxed
/Users/vineelap/Documents/piglets_detection/piglet-detection-main/artifacts/label_samples/2026-07-10__10_00_07#M/track_2014_f19660.jpg,13,218,11,301,74,boxed
/Users/vineelap/Documents/piglets_detection/piglet-detection-main/artifacts/label_samples/2026-07-11__09_30_06#M/track_2355_f15990.jpg,3,106,112,175,192,boxed
/Users/vineelap/Documents/piglets_detection/piglet-detection-main/artifacts/label_samples/2026-07-11__09_30_06#M/track_2794_f17900.jpg,3,139,145,233,222,boxed
/Users/vineelap/Documents/piglets_detection/piglet-detection-main/artifacts/label_samples/2026-07-10__13_30_08#M/track_783_f5340.jpg,11,67,38,152,131,boxed
/Users/vineelap/Documents/piglets_detection/piglet-detection-main/artifacts/label_samples/2026-07-10__10_00_07#M/track_522_f9240.jpg,8,107,209,177,284,boxed
/Users/vineelap/Documents/piglets_detection/piglet-detection-main/artifacts/label_samples/2026-07-11__09_30_06#M/track_2219_f15490.jpg,14,123,60,196,151,boxed
/Users/vineelap/Documents/piglets_detection/piglet-detection-main/artifacts/label_samples/2026-07-10__13_00_08#M/track_1433_f18340.jpg,13,103,160,202,287,boxed
/Users/vineelap/Documents/piglets_detection/piglet-detection-main/artifacts/label_samples/2026-07-10__10_00_07#M/track_21_f400.jpg,10,10,214,101,332,boxed
/Users/vineelap/Documents/piglets_detection/piglet-detection-main/artifacts/label_samples/2026-07-10__08_30_06#M/track_924_f4750.jpg,13,13,10,92,85,boxed
/Users/vineelap/Documents/piglets_detection/piglet-detection-main/artifacts/label_samples/2026-07-10__13_00_08#M/track_1553_f19140.jpg,2,75,44,120,116,boxed
/Users/vineelap/Documents/piglets_detection/piglet-detection-main/artifacts/label_samples/2026-07-10__10_00_07#M/track_758_f10960.jpg,2,132,99,203,154,boxed
/Users/vineelap/Documents/piglets_detection/piglet-detection-main/artifacts/label_samples/2026-07-10__10_00_07#M/track_1964_f19660.jpg,13,222,87,299,154,boxed
/Users/vineelap/Documents/piglets_detection/piglet-detection-main/artifacts/label_samples/2026-07-10__10_00_07#M/track_1063_f13430.jpg,12,151,63,267,133,boxed
/Users/vineelap/Documents/piglets_detection/piglet-detection-main/artifacts/label_samples/2026-07-10__10_00_07#M/track_445_f8530.jpg,10,194,166,330,273,boxed
/Users/vineelap/Documents/piglets_detection/piglet-detection-main/artifacts/label_samples/2026-07-10__10_00_07#M/track_1051_f13350.jpg,11,102,170,200,279,boxed
/Users/vineelap/Documents/piglets_detection/piglet-detection-main/artifacts/label_samples/2026-07-10__10_00_07#M/track_951_f12580.jpg,2,58,63,114,156,boxed
/Users/vineelap/Documents/piglets_detection/piglet-detection-main/artifacts/label_samples/2026-07-14__16_00_06#M/track_656.jpg,1,237,130,280,171,boxed
/Users/vineelap/Documents/piglets_detection/piglet-detection-main/artifacts/label_samples/2026-07-10__08_30_06#M/track_503_f2550.jpg,13,40,167,140,282,boxed
/Users/vineelap/Documents/piglets_detection/piglet-detection-main/artifacts/label_samples/2026-07-10__13_30_08#M/track_1720_f10320.jpg,6,170,213,242,290,boxed
/Users/vineelap/Documents/piglets_detection/piglet-detection-main/artifacts/label_samples/2026-07-10__13_30_08#M/track_5_f0.jpg,11,393,125,500,250,boxed
/Users/vineelap/Documents/piglets_detection/piglet-detection-main/artifacts/label_samples/2026-07-10__10_00_07#M/track_748_f10880.jpg,2,122,142,211,208,boxed
/Users/vineelap/Documents/piglets_detection/piglet-detection-main/artifacts/label_samples/2026-07-10__13_00_08#M/track_681_f9800.jpg,1010,,,,,skip
/Users/vineelap/Documents/piglets_detection/piglet-detection-main/artifacts/label_samples/2026-07-10__10_00_07#M/track_976_f12790.jpg,11,29,92,103,190,boxed
/Users/vineelap/Documents/piglets_detection/piglet-detection-main/artifacts/label_samples/2026-07-10__10_00_07#M/track_326_f7660.jpg,12,200,119,287,220,boxed
/Users/vineelap/Documents/piglets_detection/piglet-detection-main/artifacts/label_samples/2026-07-10__13_30_08#M/track_14_f50.jpg,13,88,94,207,193,boxed
/Users/vineelap/Documents/piglets_detection/piglet-detection-main/artifacts/label_samples/2026-07-11__09_30_06#M/track_1829_f13710.jpg,11,179,42,265,111,boxed
/Users/vineelap/Documents/piglets_detection/piglet-detection-main/artifacts/label_samples/2026-07-10__13_00_08#M/track_710_f9980.jpg,8,205,162,275,229,boxed
/Users/vineelap/Documents/piglets_detection/piglet-detection-main/artifacts/label_samples/2026-07-10__08_30_06#M/track_1150_f6930.jpg,12,49,101,163,211,boxed
/Users/vineelap/Documents/piglets_detection/piglet-detection-main/artifacts/label_samples/2026-07-11__09_30_06#M/track_1667_f12480.jpg,11,96,184,214,293,boxed
/Users/vineelap/Documents/piglets_detection/piglet-detection-main/artifacts/label_samples/2026-07-10__13_30_08#M/track_974_f6600.jpg,8,234,168,332,254,boxed
/Users/vineelap/Documents/piglets_detection/piglet-detection-main/artifacts/label_samples/2026-07-11__09_30_06#M/track_1945_f14030.jpg,2,28,246,115,314,boxed
/Users/vineelap/Documents/piglets_detection/piglet-detection-main/artifacts/label_samples/2026-07-14__16_00_06#M/track_1062.jpg,3,150,51,208,97,boxed
/Users/vineelap/Documents/piglets_detection/piglet-detection-main/artifacts/label_samples/2026-07-10__13_30_08#M/track_1671_f9910.jpg,12,75,32,164,107,boxed
/Users/vineelap/Documents/piglets_detection/piglet-detection-main/artifacts/label_samples/2026-07-11__09_30_06#M/track_1727_f12730.jpg,2,158,93,194,160,boxed
/Users/vineelap/Documents/piglets_detection/piglet-detection-main/artifacts/label_samples/2026-07-10__13_00_08#M/track_410_f9010.jpg,14,104,165,176,253,boxed
/Users/vineelap/Documents/piglets_detection/piglet-detection-main/artifacts/label_samples/2026-07-14__16_00_06#M/track_2.jpg,12,154,196,227,285,boxed
/Users/vineelap/Documents/piglets_detection/piglet-detection-main/artifacts/label_samples/2026-07-10__13_00_08#M/track_1479_f18710.jpg,11,81,148,175,266,boxed
/Users/vineelap/Documents/piglets_detection/piglet-detection-main/artifacts/label_samples/2026-07-10__10_00_07#M/track_662_f10830.jpg,10,152,131,261,211,boxed
/Users/vineelap/Documents/piglets_detection/piglet-detection-main/artifacts/label_samples/2026-07-10__08_30_06#M/track_897_f4490.jpg,13,3,213,81,295,boxed
/Users/vineelap/Documents/piglets_detection/piglet-detection-main/artifacts/label_samples/2026-07-11__09_30_06#M/track_1504_f11730.jpg,2,100,48,139,148,boxed
/Users/vineelap/Documents/piglets_detection/piglet-detection-main/artifacts/label_samples/2026-07-11__09_30_06#M/track_1166_f9470.jpg,14,90,151,178,258,boxed
/Users/vineelap/Documents/piglets_detection/piglet-detection-main/artifacts/label_samples/2026-07-10__08_30_06#M/track_1318_f8490.jpg,6,143,142,204,192,boxed
/Users/vineelap/Documents/piglets_detection/piglet-detection-main/artifacts/label_samples/2026-07-10__10_00_07#M/track_1438_f16080.jpg,11,220,21,289,77,boxed
/Users/vineelap/Documents/piglets_detection/piglet-detection-main/artifacts/label_samples/2026-07-11__09_30_06#M/track_1117_f9150.jpg,11,133,180,237,283,boxed
/Users/vineelap/Documents/piglets_detection/piglet-detection-main/artifacts/label_samples/2026-07-10__10_00_07#M/track_707_f10470.jpg,1,154,45,216,95,boxed
/Users/vineelap/Documents/piglets_detection/piglet-detection-main/artifacts/label_samples/2026-07-10__10_00_07#M/track_1517_f16650.jpg,1,69,108,137,181,boxed
/Users/vineelap/Documents/piglets_detection/piglet-detection-main/artifacts/label_samples/2026-07-11__09_30_06#M/track_1477_f11610.jpg,11,299,132,419,228,boxed
/Users/vineelap/Documents/piglets_detection/piglet-detection-main/artifacts/label_samples/2026-07-11__09_30_06#M/track_1477_f11530.jpg,11,44,190,142,343,boxed
/Users/vineelap/Documents/piglets_detection/piglet-detection-main/artifacts/label_samples/2026-07-11__09_30_06#M/track_1269_f10440.jpg,3,98,81,171,147,boxed
/Users/vineelap/Documents/piglets_detection/piglet-detection-main/artifacts/label_samples/2026-07-10__10_00_07#M/track_736_f10780.jpg,1,,,,,skip
/Users/vineelap/Documents/piglets_detection/piglet-detection-main/artifacts/label_samples/2026-07-10__13_00_08#M/track_448_f9080.jpg,10,70,212,165,343,boxed
/Users/vineelap/Documents/piglets_detection/piglet-detection-main/artifacts/label_samples/2026-07-10__10_00_07#M/track_1411_f16550.jpg,8,224,53,273,101,boxed
/Users/vineelap/Documents/piglets_detection/piglet-detection-main/artifacts/label_samples/2026-07-11__09_30_06#M/track_1318_f10650.jpg,6,197,79,245,126,boxed
/Users/vineelap/Documents/piglets_detection/piglet-detection-main/artifacts/label_samples/2026-07-10__08_30_06#M/track_1124_f6790.jpg,12,45,95,146,201,boxed
/Users/vineelap/Documents/piglets_detection/piglet-detection-main/artifacts/label_samples/2026-07-10__13_30_08#M/track_1090_f6970.jpg,11,38,0,122,58,boxed
/Users/vineelap/Documents/piglets_detection/piglet-detection-main/artifacts/label_samples/2026-07-10__13_30_08#M/track_1189_f7480.jpg,10,140,267,261,363,boxed
/Users/vineelap/Documents/piglets_detection/piglet-detection-main/artifacts/label_samples/2026-07-11__09_30_06#M/track_617_f4790.jpg,6,61,183,126,273,boxed
/Users/vineelap/Documents/piglets_detection/piglet-detection-main/artifacts/label_samples/2026-07-11__09_30_06#M/track_382_f2910.jpg,8,169,198,238,269,boxed
/Users/vineelap/Documents/piglets_detection/piglet-detection-main/artifacts/label_samples/2026-07-10__10_00_07#M/track_45_f1720.jpg,1,212,78,258,127,boxed
/Users/vineelap/Documents/piglets_detection/piglet-detection-main/artifacts/label_samples/2026-07-10__08_30_06#M/track_940_f4850.jpg,8,72,144,151,205,boxed
/Users/vineelap/Documents/piglets_detection/piglet-detection-main/artifacts/label_samples/2026-07-10__13_00_08#M/track_879_f10630.jpg,6,160,91,254,154,boxed
/Users/vineelap/Documents/piglets_detection/piglet-detection-main/artifacts/label_samples/2026-07-11__09_30_06#M/track_1240_f10600.jpg,6,125,48,212,131,boxed
/Users/vineelap/Documents/piglets_detection/piglet-detection-main/artifacts/label_samples/2026-07-10__13_30_08#M/track_1072_f6910.jpg,11,87,209,168,306,boxed
/Users/vineelap/Documents/piglets_detection/piglet-detection-main/artifacts/label_samples/2026-07-10__08_30_06#M/track_328_f1670.jpg,12,17,129,113,230,boxed
/Users/vineelap/Documents/piglets_detection/piglet-detection-main/artifacts/label_samples/2026-07-10__08_30_06#M/track_503_f2560.jpg,1,19,185,103,239,boxed
/Users/vineelap/Documents/piglets_detection/piglet-detection-main/artifacts/label_samples/2026-07-10__10_00_07#M/track_942_f14020.jpg,2,175,65,236,115,boxed
/Users/vineelap/Documents/piglets_detection/piglet-detection-main/artifacts/label_samples/2026-07-10__10_00_07#M/track_1256_f14970.jpg,11,211,8,282,87,boxed
/Users/vineelap/Documents/piglets_detection/piglet-detection-main/artifacts/label_samples/2026-07-10__10_00_07#M/track_1887_f18950.jpg,1,422,69,490,127,boxed
/Users/vineelap/Documents/piglets_detection/piglet-detection-main/artifacts/label_samples/2026-07-10__13_30_08#M/track_159_f870.jpg,8,268,175,334,239,boxed
/Users/vineelap/Documents/piglets_detection/piglet-detection-main/artifacts/label_samples/2026-07-10__10_00_07#M/track_695_f10390.jpg,12,144,156,235,264,boxed
/Users/vineelap/Documents/piglets_detection/piglet-detection-main/artifacts/label_samples/2026-07-11__09_30_06#M/track_2782_f17780.jpg,3,87,84,173,130,boxed
/Users/vineelap/Documents/piglets_detection/piglet-detection-main/artifacts/label_samples/2026-07-10__13_00_08#M/track_732_f9940.jpg,6,148,96,231,152,boxed
/Users/vineelap/Documents/piglets_detection/piglet-detection-main/artifacts/label_samples/2026-07-10__08_30_06#M/track_1122_f6880.jpg,12,52,91,160,212,boxed
/Users/vineelap/Documents/piglets_detection/piglet-detection-main/artifacts/label_samples/2026-07-10__13_30_08#M/track_1125_f7110.jpg,12,21,120,112,232,boxed
/Users/vineelap/Documents/piglets_detection/piglet-detection-main/artifacts/label_samples/2026-07-11__09_30_06#M/track_1616_f12220.jpg,10,310,122,390,214,boxed
/Users/vineelap/Documents/piglets_detection/piglet-detection-main/artifacts/label_samples/2026-07-10__13_30_08#M/track_898_f6030.jpg,2,122,133,197,222,boxed
/Users/vineelap/Documents/piglets_detection/piglet-detection-main/artifacts/label_samples/2026-07-10__10_00_07#M/track_1340_f15380.jpg,2,185,29,260,72,boxed
/Users/vineelap/Documents/piglets_detection/piglet-detection-main/artifacts/label_samples/2026-07-11__09_30_06#M/track_2794_f17890.jpg,3,67,144,131,231,boxed
/Users/vineelap/Documents/piglets_detection/piglet-detection-main/artifacts/label_samples/2026-07-10__13_30_08#M/track_1893_f12190.jpg,1,105,220,170,299,boxed
/Users/vineelap/Documents/piglets_detection/piglet-detection-main/artifacts/label_samples/2026-07-11__09_30_06#M/track_2751_f17590.jpg,2,114,97,163,198,boxed
/Users/vineelap/Documents/piglets_detection/piglet-detection-main/artifacts/label_samples/2026-07-10__13_30_08#M/track_1528_f9300.jpg,14,63,195,190,283,boxed
/Users/vineelap/Documents/piglets_detection/piglet-detection-main/artifacts/label_samples/2026-07-10__13_30_08#M/track_510_f3210.jpg,1,132,203,197,305,boxed
/Users/vineelap/Documents/piglets_detection/piglet-detection-main/artifacts/label_samples/2026-07-10__13_30_08#M/track_1227_f7770.jpg,3,187,94,292,172,boxed
/Users/vineelap/Documents/piglets_detection/piglet-detection-main/artifacts/label_samples/2026-07-10__08_30_06#M/track_323_f1590.jpg,8,146,216,237,312,boxed
/Users/vineelap/Documents/piglets_detection/piglet-detection-main/artifacts/label_samples/2026-07-10__10_00_07#M/track_811_f11560.jpg,10,71,45,168,137,boxed
/Users/vineelap/Documents/piglets_detection/piglet-detection-main/artifacts/label_samples/2026-07-10__13_30_08#M/track_1584_f9550.jpg,6,80,265,146,368,boxed
/Users/vineelap/Documents/piglets_detection/piglet-detection-main/artifacts/label_samples/2026-07-11__09_30_06#M/track_2473_f16360.jpg,2,164,54,244,92,boxed
/Users/vineelap/Documents/piglets_detection/piglet-detection-main/artifacts/label_samples/2026-07-10__10_00_07#M/track_483_f8800.jpg,12,170,139,261,253,boxed
/Users/vineelap/Documents/piglets_detection/piglet-detection-main/artifacts/label_samples/2026-07-11__09_30_06#M/track_2855_f18720.jpg,3,119,35,190,112,boxed
/Users/vineelap/Documents/piglets_detection/piglet-detection-main/artifacts/label_samples/2026-07-10__13_00_08#M/track_676_f9620.jpg,1,112,201,198,263,boxed
/Users/vineelap/Documents/piglets_detection/piglet-detection-main/artifacts/label_samples/2026-07-10__10_00_07#M/track_662_f10640.jpg,10,174,135,275,273,boxed
/Users/vineelap/Documents/piglets_detection/piglet-detection-main/artifacts/label_samples/2026-07-10__13_00_08#M/track_1446_f18470.jpg,11,146,190,258,300,boxed
/Users/vineelap/Documents/piglets_detection/piglet-detection-main/artifacts/label_samples/2026-07-10__13_00_08#M/track_421_f9020.jpg,10,126,187,246,294,boxed
/Users/vineelap/Documents/piglets_detection/piglet-detection-main/artifacts/label_samples/2026-07-10__10_00_07#M/track_1472_f16330.jpg,2,106,179,181,277,boxed
/Users/vineelap/Documents/piglets_detection/piglet-detection-main/artifacts/label_samples/2026-07-10__13_30_08#M/track_27_f220.jpg,3,69,122,158,190,boxed
/Users/vineelap/Documents/piglets_detection/piglet-detection-main/artifacts/label_samples/2026-07-10__08_30_06#M/track_375_f1930.jpg,2,93,137,174,237,boxed
/Users/vineelap/Documents/piglets_detection/piglet-detection-main/artifacts/label_samples/2026-07-11__09_30_06#M/track_1961_f14680.jpg,8,132,144,231,192,boxed
/Users/vineelap/Documents/piglets_detection/piglet-detection-main/artifacts/label_samples/2026-07-10__13_30_08#M/track_159_f800.jpg,8,197,87,257,139,boxed
/Users/vineelap/Documents/piglets_detection/piglet-detection-main/artifacts/label_samples/2026-07-10__08_30_06#M/track_936_f4860.jpg,13,71,66,168,159,boxed
/Users/vineelap/Documents/piglets_detection/piglet-detection-main/artifacts/label_samples/2026-07-14__16_00_06#M/track_1045.jpg,3,215,139,331,202,boxed
/Users/vineelap/Documents/piglets_detection/piglet-detection-main/artifacts/label_samples/2026-07-10__13_00_08#M/track_1220_f15440.jpg,14,65,235,180,325,boxed
/Users/vineelap/Documents/piglets_detection/piglet-detection-main/artifacts/label_samples/2026-07-10__08_30_06#M/track_915_f4630.jpg,12,128,538,289,630,boxed
/Users/vineelap/Documents/piglets_detection/piglet-detection-main/artifacts/label_samples/2026-07-10__13_00_08#M/track_1562_f19440.jpg,11,74,250,181,361,boxed
/Users/vineelap/Documents/piglets_detection/piglet-detection-main/artifacts/label_samples/2026-07-11__09_30_06#M/track_1675_f12520.jpg,11,132,191,249,297,boxed
/Users/vineelap/Documents/piglets_detection/piglet-detection-main/artifacts/label_samples/2026-07-11__09_30_06#M/track_2355_f16000.jpg,3,144,58,229,116,boxed
/Users/vineelap/Documents/piglets_detection/piglet-detection-main/artifacts/label_samples/2026-07-10__13_30_08#M/track_1227_f7740.jpg,3,147,159,254,249,boxed
/Users/vineelap/Documents/piglets_detection/piglet-detection-main/artifacts/label_samples/2026-07-10__13_00_08#M/track_606_f9560.jpg,13,140,109,239,201,boxed
/Users/vineelap/Documents/piglets_detection/piglet-detection-main/artifacts/label_samples/2026-07-11__09_30_06#M/track_2538_f16470.jpg,2,113,116,208,187,boxed
/Users/vineelap/Documents/piglets_detection/piglet-detection-main/artifacts/label_samples/2026-07-10__10_00_07#M/track_977_f13020.jpg,3,77,148,169,229,boxed
/Users/vineelap/Documents/piglets_detection/piglet-detection-main/artifacts/label_samples/2026-07-10__10_00_07#M/track_1658_f17520.jpg,8,204,66,296,139,boxed
/Users/vineelap/Documents/piglets_detection/piglet-detection-main/artifacts/label_samples/2026-07-10__10_00_07#M/track_447_f8530.jpg,2,134,127,218,219,boxed
/Users/vineelap/Documents/piglets_detection/piglet-detection-main/artifacts/label_samples/2026-07-11__09_30_06#M/track_2994_f19690.jpg,6,181,190,247,255,boxed
/Users/vineelap/Documents/piglets_detection/piglet-detection-main/artifacts/label_samples/2026-07-11__09_30_06#M/track_1829_f13700.jpg,11,131,55,213,156,boxed
/Users/vineelap/Documents/piglets_detection/piglet-detection-main/artifacts/label_samples/2026-07-14__16_00_06#M/track_1376.jpg,6,,,,,skip
/Users/vineelap/Documents/piglets_detection/piglet-detection-main/artifacts/label_samples/2026-07-11__09_30_06#M/track_2679_f17090.jpg,6,283,62,366,118,boxed
/Users/vineelap/Documents/piglets_detection/piglet-detection-main/artifacts/label_samples/2026-07-10__13_30_08#M/track_263_f1680.jpg,8,131,287,213,382,boxed
/Users/vineelap/Documents/piglets_detection/piglet-detection-main/artifacts/label_samples/2026-07-10__13_30_08#M/track_1725_f10360.jpg,11,243,84,355,172,boxed
/Users/vineelap/Documents/piglets_detection/piglet-detection-main/artifacts/label_samples/2026-07-10__13_30_08#M/track_1189_f7500.jpg,10,116,222,224,361,boxed
/Users/vineelap/Documents/piglets_detection/piglet-detection-main/artifacts/label_samples/2026-07-10__10_00_07#M/track_1153_f14090.jpg,10,196,40,269,98,boxed
/Users/vineelap/Documents/piglets_detection/piglet-detection-main/artifacts/label_samples/2026-07-10__13_30_08#M/track_126_f610.jpg,11,51,212,155,315,boxed
/Users/vineelap/Documents/piglets_detection/piglet-detection-main/artifacts/label_samples/2026-07-10__13_00_08#M/track_973_f11390.jpg,12,24,113,121,220,boxed
/Users/vineelap/Documents/piglets_detection/piglet-detection-main/artifacts/label_samples/2026-07-10__10_00_07#M/track_1438_f16100.jpg,11,175,8,246,73,boxed
/Users/vineelap/Documents/piglets_detection/piglet-detection-main/artifacts/label_samples/2026-07-10__08_30_06#M/track_719_f3800.jpg,12,57,69,169,160,boxed
/Users/vineelap/Documents/piglets_detection/piglet-detection-main/artifacts/label_samples/2026-07-10__10_00_07#M/track_1447_f16250.jpg,8,207,20,263,70,boxed
/Users/vineelap/Documents/piglets_detection/piglet-detection-main/artifacts/label_samples/2026-07-10__13_30_08#M/track_1683_f9970.jpg,12,35,105,120,199,boxed
/Users/vineelap/Documents/piglets_detection/piglet-detection-main/artifacts/label_samples/2026-07-10__08_30_06#M/track_246_f1290.jpg,11,172,170,296,273,boxed
/Users/vineelap/Documents/piglets_detection/piglet-detection-main/artifacts/label_samples/2026-07-10__13_30_08#M/track_360_f2430.jpg,14,86,146,174,261,boxed
/Users/vineelap/Documents/piglets_detection/piglet-detection-main/artifacts/label_samples/2026-07-10__13_30_08#M/track_263_f1560.jpg,8,159,167,254,244,boxed
/Users/vineelap/Documents/piglets_detection/piglet-detection-main/artifacts/label_samples/2026-07-10__10_00_07#M/track_165_f3870.jpg,1,194,78,252,149,boxed
/Users/vineelap/Documents/piglets_detection/piglet-detection-main/artifacts/label_samples/2026-07-10__08_30_06#M/track_333_f1780.jpg,8,165,148,239,218,boxed
/Users/vineelap/Documents/piglets_detection/piglet-detection-main/artifacts/label_samples/2026-07-10__13_30_08#M/track_788_f5390.jpg,14,31,183,127,292,boxed
/Users/vineelap/Documents/piglets_detection/piglet-detection-main/artifacts/label_samples/2026-07-10__10_00_07#M/track_1472_f16320.jpg,2,86,165,167,274,boxed
/Users/vineelap/Documents/piglets_detection/piglet-detection-main/artifacts/label_samples/2026-07-10__10_00_07#M/track_726_f10760.jpg,1,41,101,115,192,boxed
/Users/vineelap/Documents/piglets_detection/piglet-detection-main/artifacts/label_samples/2026-07-10__13_30_08#M/track_1614_f9730.jpg,3,85,10,146,78,boxed
/Users/vineelap/Documents/piglets_detection/piglet-detection-main/artifacts/label_samples/2026-07-10__08_30_06#M/track_1186_f7310.jpg,6,99,173,188,246,boxed
/Users/vineelap/Documents/piglets_detection/piglet-detection-main/artifacts/label_samples/2026-07-11__09_30_06#M/track_2503_f16570.jpg,10,179,165,264,267,boxed
/Users/vineelap/Documents/piglets_detection/piglet-detection-main/artifacts/label_samples/2026-07-10__13_30_08#M/track_502_f3210.jpg,13,162,174,253,295,boxed
/Users/vineelap/Documents/piglets_detection/piglet-detection-main/artifacts/label_samples/2026-07-10__10_00_07#M/track_483_f9160.jpg,12,184,119,273,219,boxed
/Users/vineelap/Documents/piglets_detection/piglet-detection-main/artifacts/label_samples/2026-07-11__09_30_06#M/track_1712_f12690.jpg,3,84,155,189,240,boxed
/Users/vineelap/Documents/piglets_detection/piglet-detection-main/artifacts/label_samples/2026-07-10__08_30_06#M/track_1346_f8780.jpg,6,57,240,116,333,boxed
/Users/vineelap/Documents/piglets_detection/piglet-detection-main/artifacts/label_samples/2026-07-10__10_00_07#M/track_1440_f16110.jpg,3,174,48,228,87,boxed
/Users/vineelap/Documents/piglets_detection/piglet-detection-main/artifacts/label_samples/2026-07-10__10_00_07#M/track_1022_f13060.jpg,2,164,74,242,139,boxed
/Users/vineelap/Documents/piglets_detection/piglet-detection-main/artifacts/label_samples/2026-07-10__13_00_08#M/track_755_f10050.jpg,3,138,97,191,163,boxed
/Users/vineelap/Documents/piglets_detection/piglet-detection-main/artifacts/label_samples/2026-07-10__08_30_06#M/track_864_f4360.jpg,12,195,161,324,262,boxed
/Users/vineelap/Documents/piglets_detection/piglet-detection-main/artifacts/label_samples/2026-07-10__10_00_07#M/track_1063_f13440.jpg,12,194,0,292,81,boxed
/Users/vineelap/Documents/piglets_detection/piglet-detection-main/artifacts/label_samples/2026-07-10__10_00_07#M/track_1322_f15310.jpg,8,154,174,218,252,boxed
/Users/vineelap/Documents/piglets_detection/piglet-detection-main/artifacts/label_samples/2026-07-11__09_30_06#M/track_1991_f14460.jpg,6,152,141,225,212,boxed
/Users/vineelap/Documents/piglets_detection/piglet-detection-main/artifacts/label_samples/2026-07-10__10_00_07#M/track_469_f9020.jpg,10,182,79,293,178,boxed
/Users/vineelap/Documents/piglets_detection/piglet-detection-main/artifacts/label_samples/2026-07-10__10_00_07#M/track_1964_f19400.jpg,13,182,32,246,97,boxed
/Users/vineelap/Documents/piglets_detection/piglet-detection-main/artifacts/label_samples/2026-07-11__09_30_06#M/track_1269_f10380.jpg,3,176,82,256,143,boxed
/Users/vineelap/Documents/piglets_detection/piglet-detection-main/artifacts/label_samples/2026-07-11__09_30_06#M/track_1343_f10770.jpg,3,158,67,226,135,boxed
/Users/vineelap/Documents/piglets_detection/piglet-detection-main/artifacts/label_samples/2026-07-10__13_30_08#M/track_447_f3160.jpg,11,192,11,266,81,boxed
/Users/vineelap/Documents/piglets_detection/piglet-detection-main/artifacts/label_samples/2026-07-10__13_00_08#M/track_1218_f15640.jpg,14,93,231,183,307,boxed
/Users/vineelap/Documents/piglets_detection/piglet-detection-main/artifacts/label_samples/2026-07-10__13_00_08#M/track_1218_f15280.jpg,14,97,229,185,304,boxed
/Users/vineelap/Documents/piglets_detection/piglet-detection-main/artifacts/label_samples/2026-07-10__13_00_08#M/track_419_f9060.jpg,3,118,128,191,216,boxed
/Users/vineelap/Documents/piglets_detection/piglet-detection-main/artifacts/label_samples/2026-07-10__13_00_08#M/track_854_f10610.jpg,12,153,65,282,149,boxed
/Users/vineelap/Documents/piglets_detection/piglet-detection-main/artifacts/label_samples/2026-07-10__13_30_08#M/track_1514_f9240.jpg,12,208,86,317,201,boxed
/Users/vineelap/Documents/piglets_detection/piglet-detection-main/artifacts/label_samples/2026-07-10__13_30_08#M/track_1843_f11650.jpg,8,208,32,260,74,boxed
/Users/vineelap/Documents/piglets_detection/piglet-detection-main/artifacts/label_samples/2026-07-10__10_00_07#M/track_811_f11490.jpg,10,46,14,142,91,boxed
/Users/vineelap/Documents/piglets_detection/piglet-detection-main/artifacts/label_samples/2026-07-10__13_00_08#M/track_476_f9240.jpg,11,48,189,148,292,boxed
/Users/vineelap/Documents/piglets_detection/piglet-detection-main/artifacts/label_samples/2026-07-10__13_30_08#M/track_937_f6340.jpg,14,65,228,161,325,boxed
/Users/vineelap/Documents/piglets_detection/piglet-detection-main/artifacts/label_samples/2026-07-11__09_30_06#M/track_1060_f8890.jpg,3,143,127,224,201,boxed
/Users/vineelap/Documents/piglets_detection/piglet-detection-main/artifacts/label_samples/2026-07-10__13_30_08#M/track_2015_f13720.jpg,8,145,247,231,313,boxed
/Users/vineelap/Documents/piglets_detection/piglet-detection-main/artifacts/label_samples/2026-07-10__13_00_08#M/track_410_f8980.jpg,14,44,153,123,235,boxed
/Users/vineelap/Documents/piglets_detection/piglet-detection-main/artifacts/label_samples/2026-07-10__13_30_08#M/track_337_f2080.jpg,6,196,65,269,132,boxed
/Users/vineelap/Documents/piglets_detection/piglet-detection-main/artifacts/label_samples/2026-07-11__09_30_06#M/track_2114_f14940.jpg,6,148,252,218,331,boxed
/Users/vineelap/Documents/piglets_detection/piglet-detection-main/artifacts/label_samples/2026-07-10__13_00_08#M/track_1546_f19110.jpg,3,53,131,132,202,boxed
/Users/vineelap/Documents/piglets_detection/piglet-detection-main/artifacts/label_samples/2026-07-10__13_30_08#M/track_982_f6620.jpg,3,89,90,188,147,boxed
/Users/vineelap/Documents/piglets_detection/piglet-detection-main/artifacts/label_samples/2026-07-10__10_00_07#M/track_971_f12790.jpg,1,251,154,308,196,boxed
/Users/vineelap/Documents/piglets_detection/piglet-detection-main/artifacts/label_samples/2026-07-10__13_30_08#M/track_27_f120.jpg,3,91,178,172,280,boxed
/Users/vineelap/Documents/piglets_detection/piglet-detection-main/artifacts/label_samples/2026-07-10__13_30_08#M/track_1275_f7870.jpg,8,228,152,298,225,boxed
/Users/vineelap/Documents/piglets_detection/piglet-detection-main/artifacts/label_samples/2026-07-10__13_00_08#M/track_1609_f19640.jpg,6,218,76,301,111,boxed
/Users/vineelap/Documents/piglets_detection/piglet-detection-main/artifacts/label_samples/2026-07-10__10_00_07#M/track_542_f9410.jpg,2,184,137,265,219,boxed
/Users/vineelap/Documents/piglets_detection/piglet-detection-main/artifacts/label_samples/2026-07-10__13_30_08#M/track_582_f3640.jpg,8,68,55,148,101,boxed
/Users/vineelap/Documents/piglets_detection/piglet-detection-main/artifacts/label_samples/2026-07-10__13_00_08#M/track_412_f8990.jpg,13,70,30,162,109,boxed
/Users/vineelap/Documents/piglets_detection/piglet-detection-main/artifacts/label_samples/2026-07-10__10_00_07#M/track_1927_f19220.jpg,1,204,96,252,143,boxed
/Users/vineelap/Documents/piglets_detection/piglet-detection-main/artifacts/label_samples/2026-07-10__13_00_08#M/track_564_f9560.jpg,1,160,91,217,151,boxed
/Users/vineelap/Documents/piglets_detection/piglet-detection-main/artifacts/label_samples/2026-07-10__10_00_07#M/track_6_f120.jpg,11,6,163,116,279,boxed
/Users/vineelap/Documents/piglets_detection/piglet-detection-main/artifacts/label_samples/2026-07-10__13_30_08#M/track_232_f1190.jpg,8,124,247,200,335,boxed
/Users/vineelap/Documents/piglets_detection/piglet-detection-main/artifacts/label_samples/2026-07-10__13_00_08#M/track_460_f9130.jpg,2,160,142,236,241,boxed
/Users/vineelap/Documents/piglets_detection/piglet-detection-main/artifacts/label_samples/2026-07-11__09_30_06#M/track_1242_f9900.jpg,14,106,14,190,67,boxed
/Users/vineelap/Documents/piglets_detection/piglet-detection-main/artifacts/label_samples/2026-07-11__09_30_06#M/track_1318_f10690.jpg,6,176,71,236,128,boxed
/Users/vineelap/Documents/piglets_detection/piglet-detection-main/artifacts/label_samples/2026-07-11__09_30_06#M/track_1477_f11620.jpg,11,115,145,264,253,boxed
/Users/vineelap/Documents/piglets_detection/piglet-detection-main/artifacts/label_samples/2026-07-10__13_30_08#M/track_721_f4850.jpg,14,173,37,292,148,boxed
/Users/vineelap/Documents/piglets_detection/piglet-detection-main/artifacts/label_samples/2026-07-11__09_30_06#M/track_1366_f10920.jpg,10,252,42,363,103,boxed
/Users/vineelap/Documents/piglets_detection/piglet-detection-main/artifacts/label_samples/2026-07-10__13_30_08#M/track_943_f6390.jpg,14,86,6,178,81,boxed
/Users/vineelap/Documents/piglets_detection/piglet-detection-main/artifacts/label_samples/2026-07-10__13_00_08#M/track_411_f9020.jpg,12,134,163,223,284,boxed
/Users/vineelap/Documents/piglets_detection/piglet-detection-main/artifacts/label_samples/2026-07-11__09_30_06#M/track_1469_f11560.jpg,10,200,89,306,174,boxed
/Users/vineelap/Documents/piglets_detection/piglet-detection-main/artifacts/label_samples/2026-07-11__09_30_06#M/track_2939_f19170.jpg,8,84,145,157,207,boxed
/Users/vineelap/Documents/piglets_detection/piglet-detection-main/artifacts/label_samples/2026-07-11__09_30_06#M/track_2583_f16620.jpg,10,13,26,82,101,boxed
/Users/vineelap/Documents/piglets_detection/piglet-detection-main/artifacts/label_samples/2026-07-11__09_30_06#M/track_2679_f17080.jpg,6,161,170,247,254,boxed
/Users/vineelap/Documents/piglets_detection/piglet-detection-main/artifacts/label_samples/2026-07-10__13_30_08#M/track_596_f3730.jpg,8,26,194,106,279,boxed
/Users/vineelap/Documents/piglets_detection/piglet-detection-main/artifacts/label_samples/2026-07-10__10_00_07#M/track_601_f9730.jpg,10,104,145,183,256,boxed
/Users/vineelap/Documents/piglets_detection/piglet-detection-main/artifacts/label_samples/2026-07-10__13_00_08#M/track_404_f8920.jpg,10,32,166,150,266,boxed
/Users/vineelap/Documents/piglets_detection/piglet-detection-main/artifacts/label_samples/2026-07-11__09_30_06#M/track_1578_f11990.jpg,8,33,181,110,259,boxed
/Users/vineelap/Documents/piglets_detection/piglet-detection-main/artifacts/label_samples/2026-07-10__13_30_08#M/track_1048_f6820.jpg,11,51,63,140,198,boxed
/Users/vineelap/Documents/piglets_detection/piglet-detection-main/artifacts/label_samples/2026-07-10__13_30_08#M/track_257_f1480.jpg,8,116,186,215,273,boxed
/Users/vineelap/Documents/piglets_detection/piglet-detection-main/artifacts/label_samples/2026-07-10__13_00_08#M/track_1052_f12050.jpg,12,201,108,309,233,boxed
/Users/vineelap/Documents/piglets_detection/piglet-detection-main/artifacts/label_samples/2026-07-10__13_30_08#M/track_489_f3160.jpg,10,92,58,188,131,boxed
/Users/vineelap/Documents/piglets_detection/piglet-detection-main/artifacts/label_samples/2026-07-10__13_30_08#M/track_790_f5560.jpg,11,109,22,202,100,boxed
/Users/vineelap/Documents/piglets_detection/piglet-detection-main/artifacts/label_samples/2026-07-10__13_30_08#M/track_1242_f7590.jpg,11,68,34,160,95,boxed
/Users/vineelap/Documents/piglets_detection/piglet-detection-main/artifacts/label_samples/2026-07-10__13_30_08#M/track_360_f2440.jpg,14,76,144,163,240,boxed
/Users/vineelap/Documents/piglets_detection/piglet-detection-main/artifacts/label_samples/2026-07-11__09_30_06#M/track_1166_f9480.jpg,14,108,130,212,229,boxed
/Users/vineelap/Documents/piglets_detection/piglet-detection-main/artifacts/label_samples/2026-07-14__16_00_06#M/track_649.jpg,3,98,72,137,135,boxed
/Users/vineelap/Documents/piglets_detection/piglet-detection-main/artifacts/label_samples/2026-07-10__13_30_08#M/track_1201_f7500.jpg,11,71,152,186,263,boxed
/Users/vineelap/Documents/piglets_detection/piglet-detection-main/artifacts/label_samples/2026-07-10__13_00_08#M/track_732_f9920.jpg,6,174,70,253,125,boxed
/Users/vineelap/Documents/piglets_detection/piglet-detection-main/artifacts/label_samples/2026-07-10__10_00_07#M/track_915_f12430.jpg,2,191,95,275,156,boxed
/Users/vineelap/Documents/piglets_detection/piglet-detection-main/artifacts/label_samples/2026-07-10__13_00_08#M/track_580_f9620.jpg,11,75,89,176,175,boxed
/Users/vineelap/Documents/piglets_detection/piglet-detection-main/artifacts/label_samples/2026-07-10__13_30_08#M/track_1686_f10040.jpg,3,59,179,124,282,boxed
/Users/vineelap/Documents/piglets_detection/piglet-detection-main/artifacts/label_samples/2026-07-10__13_30_08#M/track_805_f5540.jpg,8,66,81,108,139,boxed
/Users/vineelap/Documents/piglets_detection/piglet-detection-main/artifacts/label_samples/2026-07-11__09_30_06#M/track_1164_f9500.jpg,2,83,133,128,197,boxed
/Users/vineelap/Documents/piglets_detection/piglet-detection-main/artifacts/label_samples/2026-07-11__09_30_06#M/track_1728_f12840.jpg,3,64,95,126,185,boxed
/Users/vineelap/Documents/piglets_detection/piglet-detection-main/artifacts/label_samples/2026-07-11__09_30_06#M/track_1926_f13940.jpg,8,182,137,252,193,boxed
/Users/vineelap/Documents/piglets_detection/piglet-detection-main/artifacts/label_samples/2026-07-10__13_00_08#M/track_1552_f19230.jpg,8,210,2,275,47,boxed
/Users/vineelap/Documents/piglets_detection/piglet-detection-main/artifacts/label_samples/2026-07-10__13_30_08#M/track_1199_f7430.jpg,8,207,196,289,262,boxed
/Users/vineelap/Documents/piglets_detection/piglet-detection-main/artifacts/label_samples/2026-07-11__09_30_06#M/track_2077_f14880.jpg,11,37,36,105,97,boxed
/Users/vineelap/Documents/piglets_detection/piglet-detection-main/artifacts/label_samples/2026-07-10__13_30_08#M/track_440_f3010.jpg,13,148,45,250,117,boxed
/Users/vineelap/Documents/piglets_detection/piglet-detection-main/artifacts/label_samples/2026-07-10__13_30_08#M/track_453_f2990.jpg,1,128,127,193,177,boxed
/Users/vineelap/Documents/piglets_detection/piglet-detection-main/artifacts/label_samples/2026-07-10__13_00_08#M/track_898_f11010.jpg,12,26,158,125,279,boxed
/Users/vineelap/Documents/piglets_detection/piglet-detection-main/artifacts/label_samples/2026-07-11__09_30_06#M/track_1727_f12720.jpg,2,192,34,249,67,boxed
/Users/vineelap/Documents/piglets_detection/piglet-detection-main/artifacts/label_samples/2026-07-10__13_00_08#M/track_755_f10080.jpg,3,88,130,166,211,boxed
/Users/vineelap/Documents/piglets_detection/piglet-detection-main/artifacts/label_samples/2026-07-10__13_30_08#M/track_1189_f7490.jpg,10,102,261,232,390,boxed
/Users/vineelap/Documents/piglets_detection/piglet-detection-main/artifacts/label_samples/2026-07-10__13_00_08#M/track_1479_f18680.jpg,11,172,170,253,295,boxed
/Users/vineelap/Documents/piglets_detection/piglet-detection-main/artifacts/label_samples/2026-07-10__13_00_08#M/track_416_f9040.jpg,11,108,236,205,355,boxed
/Users/vineelap/Documents/piglets_detection/piglet-detection-main/artifacts/label_samples/2026-07-11__09_30_06#M/track_149_f1200.jpg,14,60,215,150,314,boxed
/Users/vineelap/Documents/piglets_detection/piglet-detection-main/artifacts/label_samples/2026-07-10__13_00_08#M/track_415_f8980.jpg,8,130,87,201,162,boxed
/Users/vineelap/Documents/piglets_detection/piglet-detection-main/artifacts/label_samples/2026-07-10__10_00_07#M/track_785_f11140.jpg,10,61,0,135,85,boxed
/Users/vineelap/Documents/piglets_detection/piglet-detection-main/artifacts/label_samples/2026-07-11__09_30_06#M/track_1825_f14200.jpg,2,228,94,309,162,boxed
/Users/vineelap/Documents/piglets_detection/piglet-detection-main/artifacts/label_samples/2026-07-11__09_30_06#M/track_1547_f11870.jpg,14,83,172,185,251,boxed
/Users/vineelap/Documents/piglets_detection/piglet-detection-main/artifacts/label_samples/2026-07-10__13_30_08#M/track_1734_f10520.jpg,8,207,24,267,74,boxed
/Users/vineelap/Documents/piglets_detection/piglet-detection-main/artifacts/label_samples/2026-07-11__09_30_06#M/track_1616_f12230.jpg,10,260,148,357,260,boxed
/Users/vineelap/Documents/piglets_detection/piglet-detection-main/artifacts/label_samples/2026-07-10__13_30_08#M/track_1133_f7130.jpg,12,25,117,118,223,boxed
/Users/vineelap/Documents/piglets_detection/piglet-detection-main/artifacts/label_samples/2026-07-10__13_30_08#M/track_1110_f7110.jpg,11,54,57,134,145,boxed
/Users/vineelap/Documents/piglets_detection/piglet-detection-main/artifacts/label_samples/2026-07-10__13_00_08#M/track_1243_f15720.jpg,11,17,211,121,325,boxed
/Users/vineelap/Documents/piglets_detection/piglet-detection-main/artifacts/label_samples/2026-07-11__09_30_06#M/track_1612_f12210.jpg,3,160,99,241,176,boxed
/Users/vineelap/Documents/piglets_detection/piglet-detection-main/artifacts/label_samples/2026-07-10__13_30_08#M/track_1552_f9520.jpg,10,115,212,217,328,boxed
/Users/vineelap/Documents/piglets_detection/piglet-detection-main/artifacts/label_samples/2026-07-10__10_00_07#M/track_1765_f18240.jpg,3,88,54,132,110,boxed
/Users/vineelap/Documents/piglets_detection/piglet-detection-main/artifacts/label_samples/2026-07-10__13_30_08#M/track_193_f940.jpg,8,65,111,117,163,boxed
/Users/vineelap/Documents/piglets_detection/piglet-detection-main/artifacts/label_samples/2026-07-10__13_30_08#M/track_1449_f9000.jpg,8,191,210,264,296,boxed
/Users/vineelap/Documents/piglets_detection/piglet-detection-main/artifacts/label_samples/2026-07-10__13_30_08#M/track_1442_f8950.jpg,8,222,176,303,255,boxed
/Users/vineelap/Documents/piglets_detection/piglet-detection-main/artifacts/label_samples/2026-07-10__10_00_07#M/track_853_f12120.jpg,2,190,68,271,130,boxed
/Users/vineelap/Documents/piglets_detection/piglet-detection-main/artifacts/label_samples/2026-07-10__13_00_08#M/track_1535_f19100.jpg,14,119,143,208,229,boxed
/Users/vineelap/Documents/piglets_detection/piglet-detection-main/artifacts/label_samples/2026-07-11__09_30_06#M/track_1749_f12990.jpg,3,178,69,270,146,boxed
/Users/vineelap/Documents/piglets_detection/piglet-detection-main/artifacts/label_samples/2026-07-10__13_00_08#M/track_1562_f19290.jpg,11,9,244,94,372,boxed
/Users/vineelap/Documents/piglets_detection/piglet-detection-main/artifacts/label_samples/2026-07-10__13_30_08#M/track_902_f6040.jpg,13,49,97,156,215,boxed
/Users/vineelap/Documents/piglets_detection/piglet-detection-main/artifacts/label_samples/2026-07-10__10_00_07#M/track_977_f12770.jpg,3,54,82,124,165,boxed
/Users/vineelap/Documents/piglets_detection/piglet-detection-main/artifacts/label_samples/2026-07-11__09_30_06#M/track_1007_f8590.jpg,11,16,139,126,256,boxed
/Users/vineelap/Documents/piglets_detection/piglet-detection-main/artifacts/label_samples/2026-07-11__09_30_06#M/track_1421_f11290.jpg,3,140,85,197,151,boxed
/Users/vineelap/Documents/piglets_detection/piglet-detection-main/artifacts/label_samples/2026-07-10__13_30_08#M/track_440_f2980.jpg,13,155,6,234,87,boxed
/Users/vineelap/Documents/piglets_detection/piglet-detection-main/artifacts/label_samples/2026-07-11__09_30_06#M/track_2994_f19480.jpg,6,164,1,212,49,boxed
/Users/vineelap/Documents/piglets_detection/piglet-detection-main/artifacts/label_samples/2026-07-11__09_30_06#M/track_1852_f14150.jpg,3,269,79,361,137,boxed
/Users/vineelap/Documents/piglets_detection/piglet-detection-main/artifacts/label_samples/2026-07-10__13_30_08#M/track_1317_f8020.jpg,6,261,76,339,128,boxed
/Users/vineelap/Documents/piglets_detection/piglet-detection-main/artifacts/label_samples/2026-07-10__13_30_08#M/track_750_f4920.jpg,11,158,104,260,188,boxed
/Users/vineelap/Documents/piglets_detection/piglet-detection-main/artifacts/label_samples/2026-07-10__13_30_08#M/track_320_f2300.jpg,13,163,51,255,173,boxed
/Users/vineelap/Documents/piglets_detection/piglet-detection-main/artifacts/label_samples/2026-07-10__13_30_08#M/track_788_f5380.jpg,14,35,187,131,281,boxed
/Users/vineelap/Documents/piglets_detection/piglet-detection-main/artifacts/label_samples/2026-07-10__10_00_07#M/track_758_f10980.jpg,2,103,101,167,164,boxed
/Users/vineelap/Documents/piglets_detection/piglet-detection-main/artifacts/label_samples/2026-07-11__09_30_06#M/track_438_f3830.jpg,3,166,69,243,110,boxed
/Users/vineelap/Documents/piglets_detection/piglet-detection-main/artifacts/label_samples/2026-07-10__13_00_08#M/track_676_f9630.jpg,1,124,226,185,310,boxed
/Users/vineelap/Documents/piglets_detection/piglet-detection-main/artifacts/label_samples/2026-07-10__13_30_08#M/track_525_f3680.jpg,3,95,219,154,318,boxed
/Users/vineelap/Documents/piglets_detection/piglet-detection-main/artifacts/label_samples/2026-07-10__13_30_08#M/track_1201_f7490.jpg,11,16,179,118,304,boxed
/Users/vineelap/Documents/piglets_detection/piglet-detection-main/artifacts/label_samples/2026-07-10__08_30_06#M/track_551_f2870.jpg,6,269,118,341,188,boxed
/Users/vineelap/Documents/piglets_detection/piglet-detection-main/artifacts/label_samples/2026-07-10__10_00_07#M/track_1081_f13520.jpg,2,161,9,259,65,boxed
/Users/vineelap/Documents/piglets_detection/piglet-detection-main/artifacts/label_samples/2026-07-10__13_30_08#M/track_1090_f6990.jpg,11,15,42,90,139,boxed
/Users/vineelap/Documents/piglets_detection/piglet-detection-main/artifacts/label_samples/2026-07-11__09_30_06#M/track_339_f3000.jpg,10,198,35,302,98,boxed
/Users/vineelap/Documents/piglets_detection/piglet-detection-main/artifacts/label_samples/2026-07-10__10_00_07#M/track_906_f12280.jpg,10,181,12,257,73,boxed
/Users/vineelap/Documents/piglets_detection/piglet-detection-main/artifacts/label_samples/2026-07-10__08_30_06#M/track_1124_f6720.jpg,12,49,108,160,208,boxed
/Users/vineelap/Documents/piglets_detection/piglet-detection-main/artifacts/label_samples/2026-07-11__09_30_06#M/track_665_f5130.jpg,3,138,210,213,302,boxed
/Users/vineelap/Documents/piglets_detection/piglet-detection-main/artifacts/label_samples/2026-07-11__09_30_06#M/track_1629_f12270.jpg,10,290,102,375,210,boxed
/Users/vineelap/Documents/piglets_detection/piglet-detection-main/artifacts/label_samples/2026-07-10__10_00_07#M/track_1278_f15070.jpg,10,178,35,251,121,boxed
/Users/vineelap/Documents/piglets_detection/piglet-detection-main/artifacts/label_samples/2026-07-10__10_00_07#M/track_1397_f15770.jpg,10,194,13,289,84,boxed
/Users/vineelap/Documents/piglets_detection/piglet-detection-main/artifacts/label_samples/2026-07-11__09_30_06#M/track_1939_f13980.jpg,6,162,195,266,265,boxed
/Users/vineelap/Documents/piglets_detection/piglet-detection-main/artifacts/label_samples/2026-07-10__10_00_07#M/track_1031_f13250.jpg,2,218,18,299,95,boxed
/Users/vineelap/Documents/piglets_detection/piglet-detection-main/artifacts/label_samples/2026-07-10__13_30_08#M/track_1467_f9070.jpg,11,133,15,224,100,boxed
/Users/vineelap/Documents/piglets_detection/piglet-detection-main/artifacts/label_samples/2026-07-10__08_30_06#M/track_264_f1210.jpg,11,135,1,265,108,boxed
/Users/vineelap/Documents/piglets_detection/piglet-detection-main/artifacts/label_samples/2026-07-10__13_30_08#M/track_502_f3200.jpg,13,127,155,246,286,boxed
/Users/vineelap/Documents/piglets_detection/piglet-detection-main/artifacts/label_samples/2026-07-10__10_00_07#M/track_1051_f13370.jpg,11,95,153,184,270,boxed
/Users/vineelap/Documents/piglets_detection/piglet-detection-main/artifacts/label_samples/2026-07-10__08_30_06#M/track_573_f2990.jpg,12,158,59,308,195,boxed
/Users/vineelap/Documents/piglets_detection/piglet-detection-main/artifacts/label_samples/2026-07-10__13_30_08#M/track_354_f2360.jpg,6,66,179,131,267,boxed
/Users/vineelap/Documents/piglets_detection/piglet-detection-main/artifacts/label_samples/2026-07-14__16_00_06#M/track_316.jpg,6,138,132,226,245,boxed
/Users/vineelap/Documents/piglets_detection/piglet-detection-main/artifacts/label_samples/2026-07-10__10_00_07#M/track_1157_f14060.jpg,10,198,16,278,73,boxed
/Users/vineelap/Documents/piglets_detection/piglet-detection-main/artifacts/label_samples/2026-07-10__10_00_07#M/track_1620_f17250.jpg,11,83,60,155,133,boxed
/Users/vineelap/Documents/piglets_detection/piglet-detection-main/artifacts/label_samples/2026-07-11__09_30_06#M/track_1626_f12260.jpg,6,190,126,278,210,boxed
/Users/vineelap/Documents/piglets_detection/piglet-detection-main/artifacts/label_samples/2026-07-10__10_00_07#M/track_1215_f14670.jpg,10,209,29,286,99,boxed
/Users/vineelap/Documents/piglets_detection/piglet-detection-main/artifacts/label_samples/2026-07-10__08_30_06#M/track_1250_f7860.jpg,6,233,39,311,104,boxed
/Users/vineelap/Documents/piglets_detection/piglet-detection-main/artifacts/label_samples/2026-07-11__09_30_06#M/track_2217_f15630.jpg,11,121,100,192,185,boxed
/Users/vineelap/Documents/piglets_detection/piglet-detection-main/artifacts/label_samples/2026-07-10__13_30_08#M/track_82_f420.jpg,14,147,16,215,76,boxed
/Users/vineelap/Documents/piglets_detection/piglet-detection-main/artifacts/label_samples/2026-07-11__09_30_06#M/track_1116_f9210.jpg,2,235,145,342,228,boxed
/Users/vineelap/Documents/piglets_detection/piglet-detection-main/artifacts/label_samples/2026-07-10__10_00_07#M/track_1096_f13890.jpg,10,213,54,295,123,boxed
/Users/vineelap/Documents/piglets_detection/piglet-detection-main/artifacts/label_samples/2026-07-11__09_30_06#M/track_2668_f17020.jpg,6,210,12,283,61,boxed
/Users/vineelap/Documents/piglets_detection/piglet-detection-main/artifacts/label_samples/2026-07-10__13_30_08#M/track_1265_f7760.jpg,14,223,64,333,162,boxed
/Users/vineelap/Documents/piglets_detection/piglet-detection-main/artifacts/label_samples/2026-07-10__13_30_08#M/track_941_f6410.jpg,6,154,135,232,214,boxed
/Users/vineelap/Documents/piglets_detection/piglet-detection-main/artifacts/label_samples/2026-07-10__08_30_06#M/track_936_f4850.jpg,13,76,61,166,151,boxed
/Users/vineelap/Documents/piglets_detection/piglet-detection-main/artifacts/label_samples/2026-07-10__10_00_07#M/track_1051_f13360.jpg,11,109,153,199,268,boxed
/Users/vineelap/Documents/piglets_detection/piglet-detection-main/artifacts/label_samples/2026-07-11__09_30_06#M/track_1667_f12520.jpg,11,140,182,254,313,boxed
/Users/vineelap/Documents/piglets_detection/piglet-detection-main/artifacts/label_samples/2026-07-10__13_30_08#M/track_746_f4870.jpg,3,173,61,237,185,boxed
/Users/vineelap/Documents/piglets_detection/piglet-detection-main/artifacts/label_samples/2026-07-10__10_00_07#M/track_1278_f15060.jpg,10,184,31,250,102,boxed
/Users/vineelap/Documents/piglets_detection/piglet-detection-main/artifacts/label_samples/2026-07-10__10_00_07#M/track_1522_f16800.jpg,11,187,34,270,106,boxed
/Users/vineelap/Documents/piglets_detection/piglet-detection-main/artifacts/label_samples/2026-07-10__10_00_07#M/track_1226_f14540.jpg,10,123,51,209,131,boxed
/Users/vineelap/Documents/piglets_detection/piglet-detection-main/artifacts/label_samples/2026-07-10__10_00_07#M/track_1438_f16090.jpg,11,200,20,266,86,boxed
/Users/vineelap/Documents/piglets_detection/piglet-detection-main/artifacts/label_samples/2026-07-10__13_30_08#M/track_1507_f9280.jpg,6,244,112,350,186,boxed
/Users/vineelap/Documents/piglets_detection/piglet-detection-main/artifacts/label_samples/2026-07-10__13_00_08#M/track_1405_f18140.jpg,14,61,150,167,252,boxed
/Users/vineelap/Documents/piglets_detection/piglet-detection-main/artifacts/label_samples/2026-07-11__09_30_06#M/track_1953_f14100.jpg,6,141,145,215,224,boxed
/Users/vineelap/Documents/piglets_detection/piglet-detection-main/artifacts/label_samples/2026-07-10__10_00_07#M/track_1278_f15140.jpg,10,145,0,228,63,boxed
/Users/vineelap/Documents/piglets_detection/piglet-detection-main/artifacts/label_samples/2026-07-10__10_00_07#M/track_1096_f13920.jpg,10,196,50,276,118,boxed
/Users/vineelap/Documents/piglets_detection/piglet-detection-main/artifacts/label_samples/2026-07-10__13_30_08#M/track_421_f2920.jpg,6,149,159,218,235,boxed
/Users/vineelap/Documents/piglets_detection/piglet-detection-main/artifacts/label_samples/2026-07-10__10_00_07#M/track_990_f12820.jpg,11,41,164,119,294,boxed
/Users/vineelap/Documents/piglets_detection/piglet-detection-main/artifacts/label_samples/2026-07-10__13_00_08#M/track_695_f9720.jpg,6,251,122,324,203,boxed
/Users/vineelap/Documents/piglets_detection/piglet-detection-main/artifacts/label_samples/2026-07-14__16_00_06#M/track_680.jpg,3,219,101,263,154,boxed
/Users/vineelap/Documents/piglets_detection/piglet-detection-main/artifacts/label_samples/2026-07-10__10_00_07#M/track_1633_f17410.jpg,11,152,28,215,100,boxed
/Users/vineelap/Documents/piglets_detection/piglet-detection-main/artifacts/label_samples/2026-07-11__09_30_06#M/track_1906_f14010.jpg,14,244,108,346,231,boxed
/Users/vineelap/Documents/piglets_detection/piglet-detection-main/artifacts/label_samples/2026-07-10__13_30_08#M/track_1265_f7780.jpg,14,37,151,132,258,boxed
/Users/vineelap/Documents/piglets_detection/piglet-detection-main/artifacts/label_samples/2026-07-10__10_00_07#M/track_1699_f17750.jpg,8,274,78,321,124,boxed
/Users/vineelap/Documents/piglets_detection/piglet-detection-main/artifacts/label_samples/2026-07-11__09_30_06#M/track_1713_f12740.jpg,11,213,30,334,133,boxed
/Users/vineelap/Documents/piglets_detection/piglet-detection-main/artifacts/label_samples/2026-07-10__13_30_08#M/track_1531_f9320.jpg,11,123,25,191,142,boxed
/Users/vineelap/Documents/piglets_detection/piglet-detection-main/artifacts/label_samples/2026-07-14__16_00_06#M/track_374.jpg,6,254,164,350,248,boxed
/Users/vineelap/Documents/piglets_detection/piglet-detection-main/artifacts/label_samples/2026-07-11__09_30_06#M/track_2800_f17960.jpg,3,127,74,224,166,boxed
/Users/vineelap/Documents/piglets_detection/piglet-detection-main/artifacts/label_samples/2026-07-10__08_30_06#M/track_821_f4430.jpg,6,180,32,255,98,boxed
/Users/vineelap/Documents/piglets_detection/piglet-detection-main/artifacts/label_samples/2026-07-10__08_30_06#M/track_1150_f6890.jpg,12,32,79,159,206,boxed
/Users/vineelap/Documents/piglets_detection/piglet-detection-main/artifacts/label_samples/2026-07-10__10_00_07#M/track_1147_f14080.jpg,3,149,67,210,134,boxed
/Users/vineelap/Documents/piglets_detection/piglet-detection-main/artifacts/label_samples/2026-07-10__13_00_08#M/track_1235_f15510.jpg,11,116,181,239,318,boxed
/Users/vineelap/Documents/piglets_detection/piglet-detection-main/artifacts/label_samples/2026-07-11__09_30_06#M/track_1657_f12600.jpg,14,83,124,160,212,boxed
/Users/vineelap/Documents/piglets_detection/piglet-detection-main/artifacts/label_samples/2026-07-11__09_30_06#M/track_1046_f8940.jpg,14,87,65,170,140,boxed
/Users/vineelap/Documents/piglets_detection/piglet-detection-main/artifacts/label_samples/2026-07-10__13_30_08#M/track_89_f560.jpg,8,192,79,253,129,boxed
/Users/vineelap/Documents/piglets_detection/piglet-detection-main/artifacts/label_samples/2026-07-10__08_30_06#M/track_737_f4280.jpg,12,105,81,213,211,boxed
/Users/vineelap/Documents/piglets_detection/piglet-detection-main/artifacts/label_samples/2026-07-11__09_30_06#M/track_1640_f12390.jpg,3,140,40,232,123,boxed
/Users/vineelap/Documents/piglets_detection/piglet-detection-main/artifacts/label_samples/2026-07-10__10_00_07#M/track_1340_f15400.jpg,2,,,,,skip
/Users/vineelap/Documents/piglets_detection/piglet-detection-main/artifacts/label_samples/2026-07-10__10_00_07#M/track_1215_f14640.jpg,10,162,43,251,110,boxed
/Users/vineelap/Documents/piglets_detection/piglet-detection-main/artifacts/label_samples/2026-07-11__09_30_06#M/track_1556_f11990.jpg,2,75,148,146,243,boxed
/Users/vineelap/Documents/piglets_detection/piglet-detection-main/artifacts/label_samples/2026-07-10__13_00_08#M/track_1418_f18210.jpg,11,119,44,219,139,boxed
/Users/vineelap/Documents/piglets_detection/piglet-detection-main/artifacts/label_samples/2026-07-10__13_00_08#M/track_1486_f18710.jpg,13,83,131,193,232,boxed
/Users/vineelap/Documents/piglets_detection/piglet-detection-main/artifacts/label_samples/2026-07-10__13_00_08#M/track_856_f10540.jpg,13,45,46,134,127,boxed
/Users/vineelap/Documents/piglets_detection/piglet-detection-main/artifacts/label_samples/2026-07-10__08_30_06#M/track_680_f3590.jpg,8,145,36,222,102,boxed
/Users/vineelap/Documents/piglets_detection/piglet-detection-main/artifacts/label_samples/2026-07-10__08_30_06#M/track_370_f1840.jpg,1,144,50,216,133,boxed
/Users/vineelap/Documents/piglets_detection/piglet-detection-main/artifacts/label_samples/2026-07-10__10_00_07#M/track_954_f12590.jpg,3,173,133,258,236,boxed
/Users/vineelap/Documents/piglets_detection/piglet-detection-main/artifacts/label_samples/2026-07-10__10_00_07#M/track_445_f8540.jpg,10,194,171,299,279,boxed
/Users/vineelap/Documents/piglets_detection/piglet-detection-main/artifacts/label_samples/2026-07-10__10_00_07#M/track_971_f12780.jpg,1,170,206,244,283,boxed
/Users/vineelap/Documents/piglets_detection/piglet-detection-main/artifacts/label_samples/2026-07-10__10_00_07#M/track_1256_f14950.jpg,11,193,55,275,134,boxed
/Users/vineelap/Documents/piglets_detection/piglet-detection-main/artifacts/label_samples/2026-07-10__08_30_06#M/track_414_f2220.jpg,6,242,128,302,178,boxed
/Users/vineelap/Documents/piglets_detection/piglet-detection-main/artifacts/label_samples/2026-07-10__10_00_07#M/track_599_f9680.jpg,1,45,111,132,180,boxed
/Users/vineelap/Documents/piglets_detection/piglet-detection-main/artifacts/label_samples/2026-07-10__13_30_08#M/track_113_f840.jpg,14,179,165,282,245,boxed
/Users/vineelap/Documents/piglets_detection/piglet-detection-main/artifacts/label_samples/2026-07-10__10_00_07#M/track_1195_f14520.jpg,2,159,83,238,184,boxed
/Users/vineelap/Documents/piglets_detection/piglet-detection-main/artifacts/label_samples/2026-07-10__13_30_08#M/track_973_f6610.jpg,14,102,189,214,265,boxed
/Users/vineelap/Documents/piglets_detection/piglet-detection-main/artifacts/label_samples/2026-07-10__10_00_07#M/track_1038_f13290.jpg,14,32,38,97,101,boxed
/Users/vineelap/Documents/piglets_detection/piglet-detection-main/artifacts/label_samples/2026-07-10__10_00_07#M/track_206_f6030.jpg,12,98,28,206,111,boxed
/Users/vineelap/Documents/piglets_detection/piglet-detection-main/artifacts/label_samples/2026-07-10__13_00_08#M/track_860_f10520.jpg,10,234,77,339,186,boxed
/Users/vineelap/Documents/piglets_detection/piglet-detection-main/artifacts/label_samples/2026-07-10__13_30_08#M/track_791_f5400.jpg,6,47,32,105,96,boxed
/Users/vineelap/Documents/piglets_detection/piglet-detection-main/artifacts/label_samples/2026-07-10__08_30_06#M/track_564_f2920.jpg,13,125,79,240,175,boxed
/Users/vineelap/Documents/piglets_detection/piglet-detection-main/artifacts/label_samples/2026-07-11__09_30_06#M/track_2312_f15880.jpg,6,188,121,255,178,boxed
/Users/vineelap/Documents/piglets_detection/piglet-detection-main/artifacts/label_samples/2026-07-10__13_30_08#M/track_50_f270.jpg,12,66,92,176,222,boxed
/Users/vineelap/Documents/piglets_detection/piglet-detection-main/artifacts/label_samples/2026-07-10__13_30_08#M/track_940_f6390.jpg,6,114,156,197,256,boxed
/Users/vineelap/Documents/piglets_detection/piglet-detection-main/artifacts/label_samples/2026-07-10__10_00_07#M/track_957_f12640.jpg,3,182,31,274,102,boxed
/Users/vineelap/Documents/piglets_detection/piglet-detection-main/artifacts/label_samples/2026-07-11__09_30_06#M/track_192_f1430.jpg,3,198,111,257,154,boxed
/Users/vineelap/Documents/piglets_detection/piglet-detection-main/artifacts/label_samples/2026-07-10__10_00_07#M/track_2_f150.jpg,11,19,162,145,289,boxed
/Users/vineelap/Documents/piglets_detection/piglet-detection-main/artifacts/label_samples/2026-07-11__09_30_06#M/track_2077_f14920.jpg,11,52,20,123,85,boxed
/Users/vineelap/Documents/piglets_detection/piglet-detection-main/artifacts/label_samples/2026-07-11__09_30_06#M/track_2567_f16570.jpg,1,132,193,208,264,boxed
/Users/vineelap/Documents/piglets_detection/piglet-detection-main/artifacts/label_samples/2026-07-10__08_30_06#M/track_936_f4930.jpg,13,6,24,72,84,boxed
/Users/vineelap/Documents/piglets_detection/piglet-detection-main/artifacts/label_samples/2026-07-11__09_30_06#M/track_1922_f13940.jpg,10,22,174,113,333,boxed
/Users/vineelap/Documents/piglets_detection/piglet-detection-main/artifacts/label_samples/2026-07-10__10_00_07#M/track_1655_f17520.jpg,3,161,18,228,58,boxed
/Users/vineelap/Documents/piglets_detection/piglet-detection-main/artifacts/label_samples/2026-07-10__13_30_08#M/track_155_f760.jpg,2,97,137,177,238,boxed
/Users/vineelap/Documents/piglets_detection/piglet-detection-main/artifacts/label_samples/2026-07-10__10_00_07#M/track_1102_f13780.jpg,2,136,132,215,212,boxed
/Users/vineelap/Documents/piglets_detection/piglet-detection-main/artifacts/label_samples/2026-07-10__10_00_07#M/track_581_f9580.jpg,12,176,20,265,119,boxed
/Users/vineelap/Documents/piglets_detection/piglet-detection-main/artifacts/label_samples/2026-07-11__09_30_06#M/track_1022_f8830.jpg,2,109,211,173,300,boxed
/Users/vineelap/Documents/piglets_detection/piglet-detection-main/artifacts/label_samples/2026-07-10__10_00_07#M/track_1389_f15690.jpg,10,205,7,287,67,boxed
/Users/vineelap/Documents/piglets_detection/piglet-detection-main/artifacts/label_samples/2026-07-10__13_30_08#M/track_453_f2980.jpg,1,73,129,145,189,boxed
/Users/vineelap/Documents/piglets_detection/piglet-detection-main/artifacts/label_samples/2026-07-10__08_30_06#M/track_1076_f6360.jpg,6,162,212,252,298,boxed
/Users/vineelap/Documents/piglets_detection/piglet-detection-main/artifacts/label_samples/2026-07-10__13_30_08#M/track_434_f2930.jpg,10,88,149,201,257,boxed
/Users/vineelap/Documents/piglets_detection/piglet-detection-main/artifacts/label_samples/2026-07-10__10_00_07#M/track_1301_f15230.jpg,11,132,210,224,298,boxed
/Users/vineelap/Documents/piglets_detection/piglet-detection-main/artifacts/label_samples/2026-07-10__08_30_06#M/track_1122_f7080.jpg,12,75,84,184,201,boxed
/Users/vineelap/Documents/piglets_detection/piglet-detection-main/artifacts/label_samples/2026-07-10__08_30_06#M/track_719_f3820.jpg,12,37,184,155,302,boxed
/Users/vineelap/Documents/piglets_detection/piglet-detection-main/artifacts/label_samples/2026-07-10__10_00_07#M/track_1658_f17510.jpg,8,162,101,239,184,boxed
/Users/vineelap/Documents/piglets_detection/piglet-detection-main/artifacts/label_samples/2026-07-10__08_30_06#M/track_1210_f7440.jpg,12,104,83,228,203,boxed
/Users/vineelap/Documents/piglets_detection/piglet-detection-main/artifacts/label_samples/2026-07-10__13_30_08#M/track_525_f3780.jpg,3,91,216,156,323,boxed
/Users/vineelap/Documents/piglets_detection/piglet-detection-main/artifacts/label_samples/2026-07-10__08_30_06#M/track_412_f2030.jpg,14,205,46,310,154,boxed
/Users/vineelap/Documents/piglets_detection/piglet-detection-main/artifacts/label_samples/2026-07-10__10_00_07#M/track_1247_f14950.jpg,12,154,3,267,76,boxed
/Users/vineelap/Documents/piglets_detection/piglet-detection-main/artifacts/label_samples/2026-07-10__13_00_08#M/track_683_f9750.jpg,12,174,48,276,141,boxed
/Users/vineelap/Documents/piglets_detection/piglet-detection-main/artifacts/label_samples/2026-07-10__10_00_07#M/track_1757_f18840.jpg,10,185,33,273,115,boxed
/Users/vineelap/Documents/piglets_detection/piglet-detection-main/artifacts/label_samples/2026-07-10__10_00_07#M/track_1347_f15430.jpg,10,193,16,276,77,boxed
/Users/vineelap/Documents/piglets_detection/piglet-detection-main/artifacts/label_samples/2026-07-10__10_00_07#M/track_1027_f13170.jpg,14,129,37,250,105,boxed
/Users/vineelap/Documents/piglets_detection/piglet-detection-main/artifacts/label_samples/2026-07-10__10_00_07#M/track_134_f3690.jpg,1,91,1,153,49,boxed
/Users/vineelap/Documents/piglets_detection/piglet-detection-main/artifacts/label_samples/2026-07-10__10_00_07#M/track_1960_f19430.jpg,14,201,16,287,80,boxed
/Users/vineelap/Documents/piglets_detection/piglet-detection-main/artifacts/label_samples/2026-07-10__10_00_07#M/track_1340_f15390.jpg,2,178,11,280,79,boxed
/Users/vineelap/Documents/piglets_detection/piglet-detection-main/artifacts/label_samples/2026-07-10__13_30_08#M/track_1327_f8090.jpg,8,180,195,278,280,boxed
/Users/vineelap/Documents/piglets_detection/piglet-detection-main/artifacts/label_samples/2026-07-10__13_30_08#M/track_88_f440.jpg,1,201,147,266,216,boxed
/Users/vineelap/Documents/piglets_detection/piglet-detection-main/artifacts/label_samples/2026-07-11__09_30_06#M/track_2851_f18580.jpg,11,223,95,305,189,boxed
/Users/vineelap/Documents/piglets_detection/piglet-detection-main/artifacts/label_samples/2026-07-10__10_00_07#M/track_109_f3420.jpg,8,98,314,155,387,boxed
/Users/vineelap/Documents/piglets_detection/piglet-detection-main/artifacts/label_samples/2026-07-10__13_30_08#M/track_721_f4860.jpg,14,121,104,215,211,boxed
/Users/vineelap/Documents/piglets_detection/piglet-detection-main/artifacts/label_samples/2026-07-10__13_30_08#M/track_746_f4880.jpg,3,67,220,167,320,boxed
/Users/vineelap/Documents/piglets_detection/piglet-detection-main/artifacts/label_samples/2026-07-10__08_30_06#M/track_383_f1880.jpg,2,47,147,111,239,boxed
/Users/vineelap/Documents/piglets_detection/piglet-detection-main/artifacts/label_samples/2026-07-10__10_00_07#M/track_154_f3810.jpg,8,41,196,113,263,boxed
/Users/vineelap/Documents/piglets_detection/piglet-detection-main/artifacts/label_samples/2026-07-11__09_30_06#M/track_1640_f12380.jpg,3,99,98,187,169,boxed
/Users/vineelap/Documents/piglets_detection/piglet-detection-main/artifacts/label_samples/2026-07-10__13_00_08#M/track_928_f10940.jpg,14,19,142,104,243,boxed
/Users/vineelap/Documents/piglets_detection/piglet-detection-main/artifacts/label_samples/2026-07-10__13_30_08#M/track_1104_f7010.jpg,6,20,56,72,106,boxed
/Users/vineelap/Documents/piglets_detection/piglet-detection-main/artifacts/label_samples/2026-07-10__13_30_08#M/track_1900_f12190.jpg,1,127,213,193,309,boxed
/Users/vineelap/Documents/piglets_detection/piglet-detection-main/artifacts/label_samples/2026-07-10__13_30_08#M/track_1125_f7130.jpg,12,24,110,120,218,boxed
/Users/vineelap/Documents/piglets_detection/piglet-detection-main/artifacts/label_samples/2026-07-10__08_30_06#M/track_375_f1940.jpg,2,122,130,195,225,boxed
/Users/vineelap/Documents/piglets_detection/piglet-detection-main/artifacts/label_samples/2026-07-10__13_00_08#M/track_887_f10680.jpg,11,175,50,298,159,boxed
/Users/vineelap/Documents/piglets_detection/piglet-detection-main/artifacts/label_samples/2026-07-10__10_00_07#M/track_1123_f13850.jpg,3,172,40,275,100,boxed
/Users/vineelap/Documents/piglets_detection/piglet-detection-main/artifacts/label_samples/2026-07-10__13_30_08#M/track_905_f6040.jpg,6,70,237,125,324,boxed
/Users/vineelap/Documents/piglets_detection/piglet-detection-main/artifacts/label_samples/2026-07-10__13_00_08#M/track_819_f10400.jpg,6,225,108,294,173,boxed
/Users/vineelap/Documents/piglets_detection/piglet-detection-main/artifacts/label_samples/2026-07-10__08_30_06#M/track_945_f4960.jpg,6,242,116,352,180,boxed
/Users/vineelap/Documents/piglets_detection/piglet-detection-main/artifacts/label_samples/2026-07-10__13_30_08#M/track_782_f5340.jpg,14,42,41,116,117,boxed
/Users/vineelap/Documents/piglets_detection/piglet-detection-main/artifacts/label_samples/2026-07-11__09_30_06#M/track_2086_f14870.jpg,6,190,165,261,222,boxed
/Users/vineelap/Documents/piglets_detection/piglet-detection-main/artifacts/label_samples/2026-07-10__10_00_07#M/track_319_f7810.jpg,2,237,167,326,236,boxed
/Users/vineelap/Documents/piglets_detection/piglet-detection-main/artifacts/label_samples/2026-07-10__13_30_08#M/track_421_f2930.jpg,6,150,54,215,116,boxed
/Users/vineelap/Documents/piglets_detection/piglet-detection-main/artifacts/label_samples/2026-07-10__10_00_07#M/track_1431_f16170.jpg,11,225,43,301,115,boxed
/Users/vineelap/Documents/piglets_detection/piglet-detection-main/artifacts/label_samples/2026-07-11__09_30_06#M/track_617_f4860.jpg,6,263,98,348,147,boxed
/Users/vineelap/Documents/piglets_detection/piglet-detection-main/artifacts/label_samples/2026-07-11__09_30_06#M/track_1293_f10580.jpg,14,118,177,218,275,boxed
/Users/vineelap/Documents/piglets_detection/piglet-detection-main/artifacts/label_samples/2026-07-10__10_00_07#M/track_1178_f14340.jpg,11,242,30,333,124,boxed
/Users/vineelap/Documents/piglets_detection/piglet-detection-main/artifacts/label_samples/2026-07-10__08_30_06#M/track_264_f1240.jpg,11,153,16,286,113,boxed
/Users/vineelap/Documents/piglets_detection/piglet-detection-main/artifacts/label_samples/2026-07-10__10_00_07#M/track_1397_f15750.jpg,10,212,3,288,70,boxed
/Users/vineelap/Documents/piglets_detection/piglet-detection-main/artifacts/label_samples/2026-07-10__13_00_08#M/track_781_f10290.jpg,13,233,52,380,150,boxed
/Users/vineelap/Documents/piglets_detection/piglet-detection-main/artifacts/label_samples/2026-07-10__10_00_07#M/track_165_f3880.jpg,1,254,25,316,79,boxed
/Users/vineelap/Documents/piglets_detection/piglet-detection-main/artifacts/label_samples/2026-07-10__08_30_06#M/track_375_f1910.jpg,2,71,134,143,231,boxed
/Users/vineelap/Documents/piglets_detection/piglet-detection-main/artifacts/label_samples/2026-07-11__09_30_06#M/track_2829_f18410.jpg,3,100,88,156,154,boxed
/Users/vineelap/Documents/piglets_detection/piglet-detection-main/artifacts/label_samples/2026-07-10__13_30_08#M/track_12_f140.jpg,6,168,155,229,218,boxed
/Users/vineelap/Documents/piglets_detection/piglet-detection-main/artifacts/label_samples/2026-07-10__10_00_07#M/track_1003_f13320.jpg,13,109,87,177,176,boxed
/Users/vineelap/Documents/piglets_detection/piglet-detection-main/artifacts/label_samples/2026-07-11__09_30_06#M/track_2790_f18870.jpg,2,113,12,175,69,boxed
/Users/vineelap/Documents/piglets_detection/piglet-detection-main/artifacts/label_samples/2026-07-11__09_30_06#M/track_2968_f19440.jpg,10,135,59,261,141,boxed
/Users/vineelap/Documents/piglets_detection/piglet-detection-main/artifacts/label_samples/2026-07-10__13_30_08#M/track_1725_f10380.jpg,11,229,102,340,185,boxed
/Users/vineelap/Documents/piglets_detection/piglet-detection-main/artifacts/label_samples/2026-07-10__13_30_08#M/track_179_f890.jpg,1,198,51,282,139,boxed
/Users/vineelap/Documents/piglets_detection/piglet-detection-main/artifacts/label_samples/2026-07-11__09_30_06#M/track_3009_f19670.jpg,11,29,152,128,274,boxed
/Users/vineelap/Documents/piglets_detection/piglet-detection-main/artifacts/label_samples/2026-07-10__13_30_08#M/track_699_f4540.jpg,11,62,74,154,144,boxed
/Users/vineelap/Documents/piglets_detection/piglet-detection-main/artifacts/label_samples/2026-07-10__13_00_08#M/track_1404_f18160.jpg,13,107,94,188,179,boxed
/Users/vineelap/Documents/piglets_detection/piglet-detection-main/artifacts/label_samples/2026-07-10__13_00_08#M/track_848_f10580.jpg,2,,,,,skip
/Users/vineelap/Documents/piglets_detection/piglet-detection-main/artifacts/label_samples/2026-07-10__13_30_08#M/track_14_f40.jpg,13,90,2,177,110,boxed
/Users/vineelap/Documents/piglets_detection/piglet-detection-main/artifacts/label_samples/2026-07-10__13_00_08#M/track_606_f9570.jpg,13,143,115,235,220,boxed
/Users/vineelap/Documents/piglets_detection/piglet-detection-main/artifacts/label_samples/2026-07-10__13_30_08#M/track_1227_f7760.jpg,3,83,224,186,317,boxed
/Users/vineelap/Documents/piglets_detection/piglet-detection-main/artifacts/label_samples/2026-07-10__08_30_06#M/track_476_f2370.jpg,2,152,45,242,93,boxed
/Users/vineelap/Documents/piglets_detection/piglet-detection-main/artifacts/label_samples/2026-07-11__09_30_06#M/track_1680_f12500.jpg,2,118,125,188,227,boxed
/Users/vineelap/Documents/piglets_detection/piglet-detection-main/artifacts/label_samples/2026-07-10__10_00_07#M/track_1472_f16340.jpg,2,143,197,198,306,boxed
/Users/vineelap/Documents/piglets_detection/piglet-detection-main/artifacts/label_samples/2026-07-10__10_00_07#M/track_1976_f19500.jpg,13,166,78,247,141,boxed
/Users/vineelap/Documents/piglets_detection/piglet-detection-main/artifacts/label_samples/2026-07-10__13_00_08#M/track_706_f9890.jpg,6,195,181,278,242,boxed
/Users/vineelap/Documents/piglets_detection/piglet-detection-main/artifacts/label_samples/2026-07-10__08_30_06#M/track_671_f3430.jpg,8,96,44,154,108,boxed
/Users/vineelap/Documents/piglets_detection/piglet-detection-main/artifacts/label_samples/2026-07-11__09_30_06#M/track_1635_f12330.jpg,11,8,184,124,312,boxed
/Users/vineelap/Documents/piglets_detection/piglet-detection-main/artifacts/label_samples/2026-07-10__10_00_07#M/track_450_f8540.jpg,10,441,49,576,158,boxed
/Users/vineelap/Documents/piglets_detection/piglet-detection-main/artifacts/label_samples/2026-07-10__13_30_08#M/track_685_f4410.jpg,11,35,59,127,136,boxed
/Users/vineelap/Documents/piglets_detection/piglet-detection-main/artifacts/label_samples/2026-07-10__13_30_08#M/track_685_f4400.jpg,11,24,55,115,130,boxed
/Users/vineelap/Documents/piglets_detection/piglet-detection-main/artifacts/label_samples/2026-07-10__13_30_08#M/track_1540_f9430.jpg,2,211,185,293,276,boxed
/Users/vineelap/Documents/piglets_detection/piglet-detection-main/artifacts/label_samples/2026-07-11__09_30_06#M/track_1027_f8650.jpg,3,185,78,275,158,boxed
/Users/vineelap/Documents/piglets_detection/piglet-detection-main/artifacts/label_samples/2026-07-11__09_30_06#M/track_1366_f10910.jpg,10,250,23,372,88,boxed
/Users/vineelap/Documents/piglets_detection/piglet-detection-main/artifacts/label_samples/2026-07-10__08_30_06#M/track_864_f4400.jpg,12,44,208,165,341,boxed
/Users/vineelap/Documents/piglets_detection/piglet-detection-main/artifacts/label_samples/2026-07-10__08_30_06#M/track_1170_f7250.jpg,12,33,84,136,189,boxed
/Users/vineelap/Documents/piglets_detection/piglet-detection-main/artifacts/label_samples/2026-07-14__16_00_06#M/track_2051.jpg,3,,,,,skip
/Users/vineelap/Documents/piglets_detection/piglet-detection-main/artifacts/label_samples/2026-07-11__09_30_06#M/track_1227_f9940.jpg,3,202,74,300,158,boxed
/Users/vineelap/Documents/piglets_detection/piglet-detection-main/artifacts/label_samples/2026-07-11__09_30_06#M/track_1616_f12250.jpg,10,243,146,320,259,boxed
/Users/vineelap/Documents/piglets_detection/piglet-detection-main/artifacts/label_samples/2026-07-10__13_30_08#M/track_685_f4440.jpg,11,18,73,114,152,boxed
/Users/vineelap/Documents/piglets_detection/piglet-detection-main/artifacts/label_samples/2026-07-10__08_30_06#M/track_530_f2770.jpg,8,268,89,364,175,boxed
/Users/vineelap/Documents/piglets_detection/piglet-detection-main/artifacts/label_samples/2026-07-10__10_00_07#M/track_55_f2230.jpg,1,242,76,318,126,boxed
/Users/vineelap/Documents/piglets_detection/piglet-detection-main/artifacts/label_samples/2026-07-10__13_00_08#M/track_736_f9960.jpg,14,13,167,122,246,boxed
/Users/vineelap/Documents/piglets_detection/piglet-detection-main/artifacts/label_samples/2026-07-10__10_00_07#M/track_1597_f17080.jpg,13,155,67,254,157,boxed
/Users/vineelap/Documents/piglets_detection/piglet-detection-main/artifacts/label_samples/2026-07-10__13_30_08#M/track_761_f5070.jpg,14,113,202,217,294,boxed
/Users/vineelap/Documents/piglets_detection/piglet-detection-main/artifacts/label_samples/2026-07-11__09_30_06#M/track_1951_f14450.jpg,2,88,133,166,240,boxed
/Users/vineelap/Documents/piglets_detection/piglet-detection-main/artifacts/label_samples/2026-07-11__09_30_06#M/track_378_f2770.jpg,13,71,196,180,310,boxed
/Users/vineelap/Documents/piglets_detection/piglet-detection-main/artifacts/label_samples/2026-07-10__13_30_08#M/track_1140_f7160.jpg,14,45,101,120,193,boxed
/Users/vineelap/Documents/piglets_detection/piglet-detection-main/artifacts/label_samples/2026-07-10__13_00_08#M/track_1231_f15460.jpg,11,27,30,109,124,boxed
/Users/vineelap/Documents/piglets_detection/piglet-detection-main/artifacts/label_samples/2026-07-10__13_30_08#M/track_933_f6270.jpg,10,168,212,257,329,boxed
/Users/vineelap/Documents/piglets_detection/piglet-detection-main/artifacts/label_samples/2026-07-10__08_30_06#M/track_1060_f6250.jpg,6,222,172,281,233,boxed
/Users/vineelap/Documents/piglets_detection/piglet-detection-main/artifacts/label_samples/2026-07-10__13_30_08#M/track_279_f1670.jpg,8,65,6,166,89,boxed
/Users/vineelap/Documents/piglets_detection/piglet-detection-main/artifacts/label_samples/2026-07-11__09_30_06#M/track_1973_f14260.jpg,3,104,154,172,247,boxed
/Users/vineelap/Documents/piglets_detection/piglet-detection-main/artifacts/label_samples/2026-07-10__10_00_07#M/track_8_f180.jpg,11,42,70,145,180,boxed
/Users/vineelap/Documents/piglets_detection/piglet-detection-main/artifacts/label_samples/2026-07-10__08_30_06#M/track_476_f2380.jpg,2,127,46,230,89,boxed
/Users/vineelap/Documents/piglets_detection/piglet-detection-main/artifacts/label_samples/2026-07-10__10_00_07#M/track_791_f11240.jpg,3,193,60,271,136,boxed
/Users/vineelap/Documents/piglets_detection/piglet-detection-main/artifacts/label_samples/2026-07-10__13_00_08#M/track_1546_f19140.jpg,3,88,147,168,232,boxed
/Users/vineelap/Documents/piglets_detection/piglet-detection-main/artifacts/label_samples/2026-07-11__09_30_06#M/track_2051_f14780.jpg,14,182,141,295,228,boxed
/Users/vineelap/Documents/piglets_detection/piglet-detection-main/artifacts/label_samples/2026-07-11__09_30_06#M/track_2425_f16240.jpg,2,93,182,151,283,boxed
/Users/vineelap/Documents/piglets_detection/piglet-detection-main/artifacts/label_samples/2026-07-10__10_00_07#M/track_1096_f13840.jpg,10,176,49,265,125,boxed
/Users/vineelap/Documents/piglets_detection/piglet-detection-main/artifacts/label_samples/2026-07-10__10_00_07#M/track_659_f10120.jpg,13,96,53,166,125,boxed
/Users/vineelap/Documents/piglets_detection/piglet-detection-main/artifacts/label_samples/2026-07-11__09_30_06#M/track_23_f130.jpg,13,11,45,117,134,boxed
/Users/vineelap/Documents/piglets_detection/piglet-detection-main/artifacts/label_samples/2026-07-11__09_30_06#M/track_1607_f12260.jpg,2,168,140,240,229,boxed
/Users/vineelap/Documents/piglets_detection/piglet-detection-main/artifacts/label_samples/2026-07-11__09_30_06#M/track_2160_f15190.jpg,2,212,34,307,91,boxed
/Users/vineelap/Documents/piglets_detection/piglet-detection-main/artifacts/label_samples/2026-07-11__09_30_06#M/track_1926_f13950.jpg,8,223,98,281,173,boxed
/Users/vineelap/Documents/piglets_detection/piglet-detection-main/artifacts/label_samples/2026-07-10__10_00_07#M/track_1022_f13170.jpg,1,236,102,311,181,boxed
/Users/vineelap/Documents/piglets_detection/piglet-detection-main/artifacts/label_samples/2026-07-10__08_30_06#M/track_740_f3840.jpg,13,2,11,118,84,boxed
/Users/vineelap/Documents/piglets_detection/piglet-detection-main/artifacts/label_samples/2026-07-10__10_00_07#M/track_1447_f16240.jpg,8,190,28,258,78,boxed
/Users/vineelap/Documents/piglets_detection/piglet-detection-main/artifacts/label_samples/2026-07-11__09_30_06#M/track_1088_f9030.jpg,2,168,94,277,168,boxed
/Users/vineelap/Documents/piglets_detection/piglet-detection-main/artifacts/label_samples/2026-07-10__10_00_07#M/track_1111_f14000.jpg,11,180,51,271,118,boxed
/Users/vineelap/Documents/piglets_detection/piglet-detection-main/artifacts/label_samples/2026-07-11__09_30_06#M/track_1973_f14270.jpg,3,33,148,101,246,boxed
/Users/vineelap/Documents/piglets_detection/piglet-detection-main/artifacts/label_samples/2026-07-11__09_30_06#M/track_1594_f12670.jpg,2,230,5,318,59,boxed
/Users/vineelap/Documents/piglets_detection/piglet-detection-main/artifacts/label_samples/2026-07-10__13_00_08#M/track_928_f10950.jpg,14,26,156,139,266,boxed
/Users/vineelap/Documents/piglets_detection/piglet-detection-main/artifacts/label_samples/2026-07-10__10_00_07#M/track_1174_f14200.jpg,13,126,81,249,196,boxed
/Users/vineelap/Documents/piglets_detection/piglet-detection-main/artifacts/label_samples/2026-07-11__09_30_06#M/track_2686_f17250.jpg,8,132,110,200,206,boxed
/Users/vineelap/Documents/piglets_detection/piglet-detection-main/artifacts/label_samples/2026-07-10__10_00_07#M/track_1708_f17820.jpg,2,162,92,263,170,boxed
/Users/vineelap/Documents/piglets_detection/piglet-detection-main/artifacts/label_samples/2026-07-10__13_00_08#M/track_729_f9950.jpg,10,165,4,293,87,boxed
/Users/vineelap/Documents/piglets_detection/piglet-detection-main/artifacts/label_samples/2026-07-11__09_30_06#M/track_1975_f14300.jpg,3,175,80,260,186,boxed
/Users/vineelap/Documents/piglets_detection/piglet-detection-main/artifacts/label_samples/2026-07-11__09_30_06#M/track_621_f4750.jpg,6,,,,,skip
/Users/vineelap/Documents/piglets_detection/piglet-detection-main/artifacts/label_samples/2026-07-10__08_30_06#M/track_333_f1740.jpg,8,138,154,232,223,boxed
/Users/vineelap/Documents/piglets_detection/piglet-detection-main/artifacts/label_samples/2026-07-10__13_00_08#M/track_1103_f12780.jpg,14,197,127,268,230,boxed
/Users/vineelap/Documents/piglets_detection/piglet-detection-main/artifacts/label_samples/2026-07-11__09_30_06#M/track_2446_f16320.jpg,10,32,241,142,367,boxed
/Users/vineelap/Documents/piglets_detection/piglet-detection-main/artifacts/label_samples/2026-07-10__13_00_08#M/track_966_f11140.jpg,12,91,11,218,85,boxed
/Users/vineelap/Documents/piglets_detection/piglet-detection-main/artifacts/label_samples/2026-07-11__09_30_06#M/track_2505_f16380.jpg,11,170,92,259,203,boxed
/Users/vineelap/Documents/piglets_detection/piglet-detection-main/artifacts/label_samples/2026-07-10__13_00_08#M/track_781_f10310.jpg,13,260,27,407,160,boxed
/Users/vineelap/Documents/piglets_detection/piglet-detection-main/artifacts/label_samples/2026-07-10__10_00_07#M/track_2014_f19650.jpg,13,208,0,291,76,boxed
/Users/vineelap/Documents/piglets_detection/piglet-detection-main/artifacts/label_samples/2026-07-10__10_00_07#M/track_1554_f17080.jpg,11,187,19,257,84,boxed
/Users/vineelap/Documents/piglets_detection/piglet-detection-main/artifacts/label_samples/2026-07-10__13_00_08#M/track_784_f10190.jpg,8,75,130,150,203,boxed
/Users/vineelap/Documents/piglets_detection/piglet-detection-main/artifacts/label_samples/2026-07-11__09_30_06#M/track_1770_f13080.jpg,3,175,9,260,80,boxed
/Users/vineelap/Documents/piglets_detection/piglet-detection-main/artifacts/label_samples/2026-07-10__10_00_07#M/track_536_f9380.jpg,8,126,77,198,169,boxed
/Users/vineelap/Documents/piglets_detection/piglet-detection-main/artifacts/label_samples/2026-07-11__09_30_06#M/track_2772_f18540.jpg,10,175,158,308,285,boxed
/Users/vineelap/Documents/piglets_detection/piglet-detection-main/artifacts/label_samples/2026-07-11__09_30_06#M/track_1975_f14280.jpg,3,107,47,190,97,boxed
/Users/vineelap/Documents/piglets_detection/piglet-detection-main/artifacts/label_samples/2026-07-11__09_30_06#M/track_1547_f11860.jpg,14,93,142,194,234,boxed
/Users/vineelap/Documents/piglets_detection/piglet-detection-main/artifacts/label_samples/2026-07-11__09_30_06#M/track_2453_f16260.jpg,3,219,98,327,185,boxed
/Users/vineelap/Documents/piglets_detection/piglet-detection-main/artifacts/label_samples/2026-07-11__09_30_06#M/track_1811_f13350.jpg,11,132,156,223,243,boxed
/Users/vineelap/Documents/piglets_detection/piglet-detection-main/artifacts/label_samples/2026-07-10__08_30_06#M/track_1170_f7240.jpg,12,31,90,128,190,boxed
/Users/vineelap/Documents/piglets_detection/piglet-detection-main/artifacts/label_samples/2026-07-10__13_30_08#M/track_1141_f7280.jpg,13,8,168,121,290,boxed
/Users/vineelap/Documents/piglets_detection/piglet-detection-main/artifacts/label_samples/2026-07-10__08_30_06#M/track_20_f90.jpg,12,146,196,255,335,boxed
/Users/vineelap/Documents/piglets_detection/piglet-detection-main/artifacts/label_samples/2026-07-10__10_00_07#M/track_542_f9420.jpg,2,242,90,352,186,boxed
/Users/vineelap/Documents/piglets_detection/piglet-detection-main/artifacts/label_samples/2026-07-10__10_00_07#M/track_323_f7650.jpg,10,71,28,197,121,boxed
/Users/vineelap/Documents/piglets_detection/piglet-detection-main/artifacts/label_samples/2026-07-11__09_30_06#M/track_1504_f11740.jpg,2,89,142,161,247,boxed
/Users/vineelap/Documents/piglets_detection/piglet-detection-main/artifacts/label_samples/2026-07-10__13_30_08#M/track_1571_f9550.jpg,14,25,102,111,193,boxed
/Users/vineelap/Documents/piglets_detection/piglet-detection-main/artifacts/label_samples/2026-07-10__10_00_07#M/track_1301_f15240.jpg,11,127,199,230,316,boxed
/Users/vineelap/Documents/piglets_detection/piglet-detection-main/artifacts/label_samples/2026-07-10__10_00_07#M/track_1326_f15340.jpg,2,149,142,240,240,boxed
/Users/vineelap/Documents/piglets_detection/piglet-detection-main/artifacts/label_samples/2026-07-10__10_00_07#M/track_968_f12670.jpg,3,424,35,513,131,boxed
/Users/vineelap/Documents/piglets_detection/piglet-detection-main/artifacts/label_samples/2026-07-10__10_00_07#M/track_1693_f17760.jpg,8,264,27,323,89,boxed
/Users/vineelap/Documents/piglets_detection/piglet-detection-main/artifacts/label_samples/2026-07-10__10_00_07#M/track_1254_f14870.jpg,8,72,84,123,152,boxed
/Users/vineelap/Documents/piglets_detection/piglet-detection-main/artifacts/label_samples/2026-07-11__09_30_06#M/track_521_f3880.jpg,14,146,200,227,302,boxed
/Users/vineelap/Documents/piglets_detection/piglet-detection-main/artifacts/label_samples/2026-07-10__10_00_07#M/track_1007_f12930.jpg,11,238,125,354,212,boxed
/Users/vineelap/Documents/piglets_detection/piglet-detection-main/artifacts/label_samples/2026-07-11__09_30_06#M/track_1742_f12930.jpg,6,189,106,263,170,boxed
/Users/vineelap/Documents/piglets_detection/piglet-detection-main/artifacts/label_samples/2026-07-10__10_00_07#M/track_1027_f13150.jpg,14,28,139,124,227,boxed
/Users/vineelap/Documents/piglets_detection/piglet-detection-main/artifacts/label_samples/2026-07-11__09_30_06#M/track_2977_f19540.jpg,2,146,96,236,180,boxed
/Users/vineelap/Documents/piglets_detection/piglet-detection-main/artifacts/label_samples/2026-07-10__13_00_08#M/track_1216_f15320.jpg,3,11,117,80,207,boxed
/Users/vineelap/Documents/piglets_detection/piglet-detection-main/artifacts/label_samples/2026-07-10__08_30_06#M/track_671_f3570.jpg,8,108,50,170,104,boxed
/Users/vineelap/Documents/piglets_detection/piglet-detection-main/artifacts/label_samples/2026-07-14__16_00_06#M/track_866.jpg,3,177,35,257,83,boxed
/Users/vineelap/Documents/piglets_detection/piglet-detection-main/artifacts/label_samples/2026-07-10__13_00_08#M/track_408_f8950.jpg,8,194,64,293,117,boxed
/Users/vineelap/Documents/piglets_detection/piglet-detection-main/artifacts/label_samples/2026-07-10__10_00_07#M/track_1111_f13990.jpg,11,184,59,279,120,boxed
/Users/vineelap/Documents/piglets_detection/piglet-detection-main/artifacts/label_samples/2026-07-10__10_00_07#M/track_1765_f18170.jpg,3,75,46,125,102,boxed
/Users/vineelap/Documents/piglets_detection/piglet-detection-main/artifacts/label_samples/2026-07-10__13_00_08#M/track_1446_f18460.jpg,11,102,190,257,319,boxed
/Users/vineelap/Documents/piglets_detection/piglet-detection-main/artifacts/label_samples/2026-07-10__13_30_08#M/track_1041_f6800.jpg,6,85,163,150,252,boxed
/Users/vineelap/Documents/piglets_detection/piglet-detection-main/artifacts/label_samples/2026-07-11__09_30_06#M/track_2939_f19180.jpg,8,102,135,182,209,boxed
/Users/vineelap/Documents/piglets_detection/piglet-detection-main/artifacts/label_samples/2026-07-10__10_00_07#M/track_817_f11640.jpg,2,,,,,skip
/Users/vineelap/Documents/piglets_detection/piglet-detection-main/artifacts/label_samples/2026-07-10__13_30_08#M/track_974_f6610.jpg,8,185,162,298,256,boxed
/Users/vineelap/Documents/piglets_detection/piglet-detection-main/artifacts/label_samples/2026-07-10__10_00_07#M/track_1190_f14330.jpg,2,197,107,279,217,boxed
/Users/vineelap/Documents/piglets_detection/piglet-detection-main/artifacts/label_samples/2026-07-10__13_30_08#M/track_199_f960.jpg,12,177,2,267,83,boxed
/Users/vineelap/Documents/piglets_detection/piglet-detection-main/artifacts/label_samples/2026-07-10__10_00_07#M/track_1364_f15540.jpg,11,117,91,193,154,boxed
/Users/vineelap/Documents/piglets_detection/piglet-detection-main/artifacts/label_samples/2026-07-10__10_00_07#M/track_1930_f19210.jpg,3,94,2,154,39,boxed
/Users/vineelap/Documents/piglets_detection/piglet-detection-main/artifacts/label_samples/2026-07-11__09_30_06#M/track_421_f3130.jpg,8,266,21,357,86,boxed
/Users/vineelap/Documents/piglets_detection/piglet-detection-main/artifacts/label_samples/2026-07-10__08_30_06#M/track_743_f3870.jpg,2,168,170,236,276,boxed
/Users/vineelap/Documents/piglets_detection/piglet-detection-main/artifacts/label_samples/2026-07-10__10_00_07#M/track_748_f10870.jpg,2,123,69,192,145,boxed
/Users/vineelap/Documents/piglets_detection/piglet-detection-main/artifacts/label_samples/2026-07-11__09_30_06#M/track_529_f4050.jpg,13,124,79,227,177,boxed
/Users/vineelap/Documents/piglets_detection/piglet-detection-main/artifacts/label_samples/2026-07-10__08_30_06#M/track_960_f5030.jpg,13,44,6,132,90,boxed
/Users/vineelap/Documents/piglets_detection/piglet-detection-main/artifacts/label_samples/2026-07-10__10_00_07#M/track_1292_f15220.jpg,2,157,76,246,164,boxed
/Users/vineelap/Documents/piglets_detection/piglet-detection-main/artifacts/label_samples/2026-07-11__09_30_06#M/track_1667_f12450.jpg,11,155,236,271,363,boxed
/Users/vineelap/Documents/piglets_detection/piglet-detection-main/artifacts/label_samples/2026-07-11__09_30_06#M/track_2383_f16080.jpg,3,49,86,107,143,boxed
/Users/vineelap/Documents/piglets_detection/piglet-detection-main/artifacts/label_samples/2026-07-11__09_30_06#M/track_2759_f18710.jpg,6,153,53,218,113,boxed
/Users/vineelap/Documents/piglets_detection/piglet-detection-main/artifacts/label_samples/2026-07-10__08_30_06#M/track_1079_f6410.jpg,6,193,128,242,190,boxed
/Users/vineelap/Documents/piglets_detection/piglet-detection-main/artifacts/label_samples/2026-07-10__08_30_06#M/track_891_f4490.jpg,13,4,108,85,186,boxed
/Users/vineelap/Documents/piglets_detection/piglet-detection-main/artifacts/label_samples/2026-07-10__10_00_07#M/track_1178_f14330.jpg,11,199,82,325,188,boxed
/Users/vineelap/Documents/piglets_detection/piglet-detection-main/artifacts/label_samples/2026-07-11__09_30_06#M/track_1939_f13970.jpg,6,225,170,317,280,boxed
/Users/vineelap/Documents/piglets_detection/piglet-detection-main/artifacts/label_samples/2026-07-10__13_30_08#M/track_640_f4130.jpg,14,190,146,310,267,boxed
/Users/vineelap/Documents/piglets_detection/piglet-detection-main/artifacts/label_samples/2026-07-10__10_00_07#M/track_1000_f12900.jpg,10,14,56,88,122,boxed
/Users/vineelap/Documents/piglets_detection/piglet-detection-main/artifacts/label_samples/2026-07-10__13_00_08#M/track_693_f9860.jpg,14,179,70,287,206,boxed
/Users/vineelap/Documents/piglets_detection/piglet-detection-main/artifacts/label_samples/2026-07-10__10_00_07#M/track_311_f7560.jpg,2,45,91,101,163,boxed
/Users/vineelap/Documents/piglets_detection/piglet-detection-main/artifacts/label_samples/2026-07-11__09_30_06#M/track_2750_f17640.jpg,10,201,60,279,147,boxed
/Users/vineelap/Documents/piglets_detection/piglet-detection-main/artifacts/label_samples/2026-07-10__08_30_06#M/track_1110_f6650.jpg,12,158,73,266,178,boxed
/Users/vineelap/Documents/piglets_detection/piglet-detection-main/artifacts/label_samples/2026-07-10__10_00_07#M/track_1102_f13760.jpg,2,,,,,skip
/Users/vineelap/Documents/piglets_detection/piglet-detection-main/artifacts/label_samples/2026-07-10__10_00_07#M/track_1960_f19450.jpg,14,67,29,151,87,boxed
/Users/vineelap/Documents/piglets_detection/piglet-detection-main/artifacts/label_samples/2026-07-10__10_00_07#M/track_1934_f19270.jpg,8,82,136,157,228,boxed
/Users/vineelap/Documents/piglets_detection/piglet-detection-main/artifacts/label_samples/2026-07-10__13_00_08#M/track_727_f9850.jpg,2,27,151,103,217,boxed
/Users/vineelap/Documents/piglets_detection/piglet-detection-main/artifacts/label_samples/2026-07-10__13_30_08#M/track_1017_f6710.jpg,11,119,215,206,325,boxed
/Users/vineelap/Documents/piglets_detection/piglet-detection-main/artifacts/label_samples/2026-07-11__09_30_06#M/track_117_f1120.jpg,8,178,194,249,271,boxed
/Users/vineelap/Documents/piglets_detection/piglet-detection-main/artifacts/label_samples/2026-07-10__10_00_07#M/track_1976_f19440.jpg,13,156,79,234,135,boxed
/Users/vineelap/Documents/piglets_detection/piglet-detection-main/artifacts/label_samples/2026-07-11__09_30_06#M/track_2188_f15590.jpg,6,273,110,335,176,boxed
/Users/vineelap/Documents/piglets_detection/piglet-detection-main/artifacts/label_samples/2026-07-10__10_00_07#M/track_1354_f15520.jpg,13,49,194,157,309,boxed
/Users/vineelap/Documents/piglets_detection/piglet-detection-main/artifacts/label_samples/2026-07-10__10_00_07#M/track_1757_f18760.jpg,10,166,77,240,149,boxed
/Users/vineelap/Documents/piglets_detection/piglet-detection-main/artifacts/label_samples/2026-07-10__10_00_07#M/track_946_f12570.jpg,3,143,169,236,279,boxed
/Users/vineelap/Documents/piglets_detection/piglet-detection-main/artifacts/label_samples/2026-07-11__09_30_06#M/track_1734_f12810.jpg,11,201,102,285,189,boxed
/Users/vineelap/Documents/piglets_detection/piglet-detection-main/artifacts/label_samples/2026-07-10__13_30_08#M/track_12_f40.jpg,6,74,199,149,261,boxed
/Users/vineelap/Documents/piglets_detection/piglet-detection-main/artifacts/label_samples/2026-07-10__13_30_08#M/track_775_f5330.jpg,8,45,140,116,229,boxed
/Users/vineelap/Documents/piglets_detection/piglet-detection-main/artifacts/label_samples/2026-07-10__10_00_07#M/track_726_f10710.jpg,1,83,116,141,201,boxed
/Users/vineelap/Documents/piglets_detection/piglet-detection-main/artifacts/label_samples/2026-07-10__08_30_06#M/track_1239_f7690.jpg,6,133,172,211,241,boxed
/Users/vineelap/Documents/piglets_detection/piglet-detection-main/artifacts/label_samples/2026-07-10__13_30_08#M/track_285_f1730.jpg,8,161,1,223,71,boxed
/Users/vineelap/Documents/piglets_detection/piglet-detection-main/artifacts/label_samples/2026-07-10__13_00_08#M/track_773_f10100.jpg,3,119,135,241,197,boxed
/Users/vineelap/Documents/piglets_detection/piglet-detection-main/artifacts/label_samples/2026-07-11__09_30_06#M/track_1922_f13920.jpg,10,105,234,202,351,boxed
/Users/vineelap/Documents/piglets_detection/piglet-detection-main/artifacts/label_samples/2026-07-11__09_30_06#M/track_1547_f11880.jpg,14,73,173,159,290,boxed
/Users/vineelap/Documents/piglets_detection/piglet-detection-main/artifacts/label_samples/2026-07-10__13_30_08#M/track_113_f830.jpg,14,168,165,268,247,boxed
/Users/vineelap/Documents/piglets_detection/piglet-detection-main/artifacts/label_samples/2026-07-11__09_30_06#M/track_2404_f16190.jpg,11,129,155,243,251,boxed
/Users/vineelap/Documents/piglets_detection/piglet-detection-main/artifacts/label_samples/2026-07-10__10_00_07#M/track_557_f9460.jpg,6,,,,,skip
/Users/vineelap/Documents/piglets_detection/piglet-detection-main/artifacts/label_samples/2026-07-10__13_00_08#M/track_1503_f18820.jpg,11,169,143,312,243,boxed
/Users/vineelap/Documents/piglets_detection/piglet-detection-main/artifacts/label_samples/2026-07-10__13_30_08#M/track_1671_f9920.jpg,12,64,43,171,117,boxed
/Users/vineelap/Documents/piglets_detection/piglet-detection-main/artifacts/label_samples/2026-07-11__09_30_06#M/track_1566_f11920.jpg,3,231,126,309,215,boxed
/Users/vineelap/Documents/piglets_detection/piglet-detection-main/artifacts/label_samples/2026-07-10__08_30_06#M/track_747_f3860.jpg,13,78,114,185,212,boxed
/Users/vineelap/Documents/piglets_detection/piglet-detection-main/artifacts/label_samples/2026-07-10__10_00_07#M/track_162_f3830.jpg,3,108,68,162,113,boxed
/Users/vineelap/Documents/piglets_detection/piglet-detection-main/artifacts/label_samples/2026-07-11__09_30_06#M/track_2974_f19340.jpg,14,92,24,175,108,boxed
/Users/vineelap/Documents/piglets_detection/piglet-detection-main/artifacts/label_samples/2026-07-10__10_00_07#M/track_547_f9430.jpg,14,167,0,234,57,boxed
/Users/vineelap/Documents/piglets_detection/piglet-detection-main/artifacts/label_samples/2026-07-10__13_00_08#M/track_1063_f12160.jpg,14,137,175,233,281,boxed
/Users/vineelap/Documents/piglets_detection/piglet-detection-main/artifacts/label_samples/2026-07-10__13_30_08#M/track_599_f4040.jpg,3,113,220,183,314,boxed
/Users/vineelap/Documents/piglets_detection/piglet-detection-main/artifacts/label_samples/2026-07-10__13_00_08#M/track_485_f9260.jpg,13,56,192,176,312,boxed
/Users/vineelap/Documents/piglets_detection/piglet-detection-main/artifacts/label_samples/2026-07-11__09_30_06#M/track_1424_f11470.jpg,2,132,92,209,158,boxed
/Users/vineelap/Documents/piglets_detection/piglet-detection-main/artifacts/label_samples/2026-07-14__16_00_06#M/track_1004.jpg,6,152,40,216,100,boxed
/Users/vineelap/Documents/piglets_detection/piglet-detection-main/artifacts/label_samples/2026-07-10__13_00_08#M/track_1545_f19110.jpg,12,52,149,128,242,boxed
/Users/vineelap/Documents/piglets_detection/piglet-detection-main/artifacts/label_samples/2026-07-10__13_00_08#M/track_1535_f19080.jpg,14,134,147,208,239,boxed
/Users/vineelap/Documents/piglets_detection/piglet-detection-main/artifacts/label_samples/2026-07-11__09_30_06#M/track_510_f3740.jpg,14,152,104,248,194,boxed
/Users/vineelap/Documents/piglets_detection/piglet-detection-main/artifacts/label_samples/2026-07-11__09_30_06#M/track_2160_f15180.jpg,2,159,78,246,154,boxed
/Users/vineelap/Documents/piglets_detection/piglet-detection-main/artifacts/label_samples/2026-07-11__09_30_06#M/track_548_f4640.jpg,14,134,23,222,70,boxed
/Users/vineelap/Documents/piglets_detection/piglet-detection-main/artifacts/label_samples/2026-07-10__10_00_07#M/track_1358_f15560.jpg,10,231,24,303,87,boxed
/Users/vineelap/Documents/piglets_detection/piglet-detection-main/artifacts/label_samples/2026-07-11__09_30_06#M/track_2722_f17470.jpg,6,208,173,271,235,boxed
/Users/vineelap/Documents/piglets_detection/piglet-detection-main/artifacts/label_samples/2026-07-10__13_30_08#M/track_211_f1060.jpg,13,160,64,296,157,boxed
/Users/vineelap/Documents/piglets_detection/piglet-detection-main/artifacts/label_samples/2026-07-10__08_30_06#M/track_1_f40.jpg,1,179,33,236,105,boxed
/Users/vineelap/Documents/piglets_detection/piglet-detection-main/artifacts/label_samples/2026-07-10__08_30_06#M/track_419_f2040.jpg,13,142,156,268,281,boxed
/Users/vineelap/Documents/piglets_detection/piglet-detection-main/artifacts/label_samples/2026-07-10__13_30_08#M/track_1081_f7040.jpg,8,262,169,362,244,boxed
/Users/vineelap/Documents/piglets_detection/piglet-detection-main/artifacts/label_samples/2026-07-11__09_30_06#M/track_1556_f11980.jpg,2,198,167,278,239,boxed
/Users/vineelap/Documents/piglets_detection/piglet-detection-main/artifacts/label_samples/2026-07-10__10_00_07#M/track_748_f10890.jpg,2,199,120,290,189,boxed
/Users/vineelap/Documents/piglets_detection/piglet-detection-main/artifacts/label_samples/2026-07-10__10_00_07#M/track_1130_f13890.jpg,2,192,27,271,65,boxed
/Users/vineelap/Documents/piglets_detection/piglet-detection-main/artifacts/label_samples/2026-07-10__13_30_08#M/track_1782_f11020.jpg,6,276,124,364,181,boxed
/Users/vineelap/Documents/piglets_detection/piglet-detection-main/artifacts/label_samples/2026-07-10__10_00_07#M/track_716_f11130.jpg,12,161,106,295,191,boxed
/Users/vineelap/Documents/piglets_detection/piglet-detection-main/artifacts/label_samples/2026-07-10__10_00_07#M/track_447_f8520.jpg,2,149,128,213,221,boxed
/Users/vineelap/Documents/piglets_detection/piglet-detection-main/artifacts/label_samples/2026-07-10__08_30_06#M/track_157_f680.jpg,14,50,179,132,289,boxed
/Users/vineelap/Documents/piglets_detection/piglet-detection-main/artifacts/label_samples/2026-07-10__10_00_07#M/track_1130_f13870.jpg,2,142,116,218,167,boxed
/Users/vineelap/Documents/piglets_detection/piglet-detection-main/artifacts/label_samples/2026-07-10__13_30_08#M/track_889_f6010.jpg,8,204,43,279,90,boxed
/Users/vineelap/Documents/piglets_detection/piglet-detection-main/artifacts/label_samples/2026-07-10__08_30_06#M/track_864_f4440.jpg,12,32,158,141,269,boxed
/Users/vineelap/Documents/piglets_detection/piglet-detection-main/artifacts/label_samples/2026-07-10__13_00_08#M/track_872_f11190.jpg,13,152,45,238,142,boxed
/Users/vineelap/Documents/piglets_detection/piglet-detection-main/artifacts/label_samples/2026-07-11__09_30_06#M/track_2734_f17720.jpg,3,65,96,125,172,boxed
/Users/vineelap/Documents/piglets_detection/piglet-detection-main/artifacts/label_samples/2026-07-10__10_00_07#M/track_422_f8300.jpg,10,134,191,229,289,boxed
/Users/vineelap/Documents/piglets_detection/piglet-detection-main/artifacts/label_samples/2026-07-10__13_30_08#M/track_132_f1030.jpg,13,174,119,287,241,boxed
/Users/vineelap/Documents/piglets_detection/piglet-detection-main/artifacts/label_samples/2026-07-10__10_00_07#M/track_1554_f16840.jpg,11,191,15,269,79,boxed
/Users/vineelap/Documents/piglets_detection/piglet-detection-main/artifacts/label_samples/2026-07-10__13_00_08#M/track_460_f9160.jpg,2,134,204,226,296,boxed
/Users/vineelap/Documents/piglets_detection/piglet-detection-main/artifacts/label_samples/2026-07-10__13_00_08#M/track_879_f10620.jpg,6,178,97,262,155,boxed
/Users/vineelap/Documents/piglets_detection/piglet-detection-main/artifacts/label_samples/2026-07-11__09_30_06#M/track_4_f130.jpg,13,91,97,194,190,boxed
/Users/vineelap/Documents/piglets_detection/piglet-detection-main/artifacts/label_samples/2026-07-11__09_30_06#M/track_1046_f8950.jpg,14,71,80,152,165,boxed
/Users/vineelap/Documents/piglets_detection/piglet-detection-main/artifacts/label_samples/2026-07-11__09_30_06#M/track_1728_f12760.jpg,3,68,133,140,214,boxed
/Users/vineelap/Documents/piglets_detection/piglet-detection-main/artifacts/label_samples/2026-07-10__13_00_08#M/track_433_f9070.jpg,13,181,133,273,237,boxed
/Users/vineelap/Documents/piglets_detection/piglet-detection-main/artifacts/label_samples/2026-07-10__10_00_07#M/track_811_f11480.jpg,10,50,20,142,103,boxed
/Users/vineelap/Documents/piglets_detection/piglet-detection-main/artifacts/label_samples/2026-07-11__09_30_06#M/track_2288_f15790.jpg,11,98,143,190,281,boxed
/Users/vineelap/Documents/piglets_detection/piglet-detection-main/artifacts/label_samples/2026-07-10__13_30_08#M/track_3_f100.jpg,11,163,169,264,274,boxed
/Users/vineelap/Documents/piglets_detection/piglet-detection-main/artifacts/label_samples/2026-07-10__08_30_06#M/track_333_f1790.jpg,8,174,133,256,199,boxed
/Users/vineelap/Documents/piglets_detection/piglet-detection-main/artifacts/label_samples/2026-07-10__08_30_06#M/track_737_f4290.jpg,12,174,88,285,225,boxed
/Users/vineelap/Documents/piglets_detection/piglet-detection-main/artifacts/label_samples/2026-07-10__10_00_07#M/track_915_f12440.jpg,2,178,86,261,146,boxed
/Users/vineelap/Documents/piglets_detection/piglet-detection-main/artifacts/label_samples/2026-07-10__13_30_08#M/track_1429_f8880.jpg,8,217,115,300,188,boxed
/Users/vineelap/Documents/piglets_detection/piglet-detection-main/artifacts/label_samples/2026-07-10__10_00_07#M/track_1149_f14300.jpg,12,96,165,188,275,boxed
/Users/vineelap/Documents/piglets_detection/piglet-detection-main/artifacts/label_samples/2026-07-10__10_00_07#M/track_1934_f19290.jpg,8,237,87,293,146,boxed
/Users/vineelap/Documents/piglets_detection/piglet-detection-main/artifacts/label_samples/2026-07-14__16_00_06#M/track_372.jpg,6,111,140,170,236,boxed
/Users/vineelap/Documents/piglets_detection/piglet-detection-main/artifacts/label_samples/2026-07-11__09_30_06#M/track_1626_f12270.jpg,6,117,7,178,56,boxed
/Users/vineelap/Documents/piglets_detection/piglet-detection-main/artifacts/label_samples/2026-07-11__09_30_06#M/track_2156_f15100.jpg,11,141,104,228,196,boxed
/Users/vineelap/Documents/piglets_detection/piglet-detection-main/artifacts/label_samples/2026-07-10__13_30_08#M/track_510_f3230.jpg,1,97,249,165,329,boxed
/Users/vineelap/Documents/piglets_detection/piglet-detection-main/artifacts/label_samples/2026-07-11__09_30_06#M/track_2114_f14950.jpg,6,179,181,256,259,boxed
/Users/vineelap/Documents/piglets_detection/piglet-detection-main/artifacts/label_samples/2026-07-10__13_00_08#M/track_580_f9590.jpg,11,126,62,228,147,boxed
/Users/vineelap/Documents/piglets_detection/piglet-detection-main/artifacts/label_samples/2026-07-10__08_30_06#M/track_924_f4760.jpg,13,10,11,95,84,boxed
/Users/vineelap/Documents/piglets_detection/piglet-detection-main/artifacts/label_samples/2026-07-10__13_00_08#M/track_448_f9120.jpg,10,61,163,171,313,boxed
/Users/vineelap/Documents/piglets_detection/piglet-detection-main/artifacts/label_samples/2026-07-11__09_30_06#M/track_2172_f15290.jpg,3,79,68,127,144,boxed
/Users/vineelap/Documents/piglets_detection/piglet-detection-main/artifacts/label_samples/2026-07-11__09_30_06#M/track_2722_f17460.jpg,6,172,176,260,250,boxed
/Users/vineelap/Documents/piglets_detection/piglet-detection-main/artifacts/label_samples/2026-07-11__09_30_06#M/track_298_f2210.jpg,3,38,38,93,102,boxed
/Users/vineelap/Documents/piglets_detection/piglet-detection-main/artifacts/label_samples/2026-07-10__08_30_06#M/track_625_f3110.jpg,13,65,338,157,422,boxed
/Users/vineelap/Documents/piglets_detection/piglet-detection-main/artifacts/label_samples/2026-07-10__08_30_06#M/track_246_f1240.jpg,11,167,164,286,265,boxed
/Users/vineelap/Documents/piglets_detection/piglet-detection-main/artifacts/label_samples/2026-07-10__13_30_08#M/track_588_f3690.jpg,11,111,130,211,204,boxed
/Users/vineelap/Documents/piglets_detection/piglet-detection-main/artifacts/label_samples/2026-07-10__10_00_07#M/track_406_f8170.jpg,1,178,40,235,94,boxed
/Users/vineelap/Documents/piglets_detection/piglet-detection-main/artifacts/label_samples/2026-07-10__10_00_07#M/track_793_f11230.jpg,1,138,236,212,304,boxed
/Users/vineelap/Documents/piglets_detection/piglet-detection-main/artifacts/label_samples/2026-07-10__13_00_08#M/track_422_f9020.jpg,6,123,178,164,254,boxed
/Users/vineelap/Documents/piglets_detection/piglet-detection-main/artifacts/label_samples/2026-07-10__13_30_08#M/track_1307_f8160.jpg,11,226,23,335,123,boxed
/Users/vineelap/Documents/piglets_detection/piglet-detection-main/artifacts/label_samples/2026-07-11__09_30_06#M/track_1605_f12160.jpg,6,234,68,311,145,boxed
/Users/vineelap/Documents/piglets_detection/piglet-detection-main/artifacts/label_samples/2026-07-10__10_00_07#M/track_1976_f19480.jpg,13,174,79,247,140,boxed
/Users/vineelap/Documents/piglets_detection/piglet-detection-main/artifacts/label_samples/2026-07-10__10_00_07#M/track_1020_f13040.jpg,2,211,109,289,171,boxed
/Users/vineelap/Documents/piglets_detection/piglet-detection-main/artifacts/label_samples/2026-07-10__13_30_08#M/track_1017_f6760.jpg,11,112,96,208,160,boxed
/Users/vineelap/Documents/piglets_detection/piglet-detection-main/artifacts/label_samples/2026-07-10__13_00_08#M/track_856_f10520.jpg,13,36,49,130,126,boxed
/Users/vineelap/Documents/piglets_detection/piglet-detection-main/artifacts/label_samples/2026-07-11__09_30_06#M/track_1605_f12230.jpg,6,204,18,276,70,boxed
/Users/vineelap/Documents/piglets_detection/piglet-detection-main/artifacts/label_samples/2026-07-11__09_30_06#M/track_2160_f15170.jpg,2,137,70,222,148,boxed
/Users/vineelap/Documents/piglets_detection/piglet-detection-main/artifacts/label_samples/2026-07-11__09_30_06#M/track_2308_f15850.jpg,2,186,150,259,228,boxed
/Users/vineelap/Documents/piglets_detection/piglet-detection-main/artifacts/label_samples/2026-07-10__10_00_07#M/track_940_f12600.jpg,1,108,188,163,271,boxed
/Users/vineelap/Documents/piglets_detection/piglet-detection-main/artifacts/label_samples/2026-07-10__08_30_06#M/track_960_f5000.jpg,13,17,10,96,66,boxed
/Users/vineelap/Documents/piglets_detection/piglet-detection-main/artifacts/label_samples/2026-07-10__13_30_08#M/track_1588_f9580.jpg,6,73,239,139,334,boxed
/Users/vineelap/Documents/piglets_detection/piglet-detection-main/artifacts/label_samples/2026-07-11__09_30_06#M/track_1060_f8900.jpg,3,154,149,240,217,boxed
/Users/vineelap/Documents/piglets_detection/piglet-detection-main/artifacts/label_samples/2026-07-10__13_30_08#M/track_447_f3150.jpg,11,190,10,278,75,boxed
/Users/vineelap/Documents/piglets_detection/piglet-detection-main/artifacts/label_samples/2026-07-10__08_30_06#M/track_323_f1600.jpg,8,103,217,184,314,boxed
/Users/vineelap/Documents/piglets_detection/piglet-detection-main/artifacts/label_samples/2026-07-10__10_00_07#M/track_1860_f18780.jpg,10,177,38,249,104,boxed
/Users/vineelap/Documents/piglets_detection/piglet-detection-main/artifacts/label_samples/2026-07-11__09_30_06#M/track_117_f1140.jpg,8,184,141,259,213,boxed
/Users/vineelap/Documents/piglets_detection/piglet-detection-main/artifacts/label_samples/2026-07-10__10_00_07#M/track_1489_f16570.jpg,2,63,90,119,161,boxed
/Users/vineelap/Documents/piglets_detection/piglet-detection-main/artifacts/label_samples/2026-07-10__10_00_07#M/track_1310_f15280.jpg,12,108,135,195,256,boxed
/Users/vineelap/Documents/piglets_detection/piglet-detection-main/artifacts/label_samples/2026-07-11__09_30_06#M/track_1852_f14110.jpg,3,169,112,238,200,boxed
/Users/vineelap/Documents/piglets_detection/piglet-detection-main/artifacts/label_samples/2026-07-10__13_30_08#M/track_60_f290.jpg,1,26,158,112,259,boxed
/Users/vineelap/Documents/piglets_detection/piglet-detection-main/artifacts/label_samples/2026-07-11__09_30_06#M/track_1366_f10900.jpg,10,246,48,349,118,boxed
/Users/vineelap/Documents/piglets_detection/piglet-detection-main/artifacts/label_samples/2026-07-10__08_30_06#M/track_352_f1790.jpg,1,117,14,169,67,boxed
/Users/vineelap/Documents/piglets_detection/piglet-detection-main/artifacts/label_samples/2026-07-10__10_00_07#M/track_389_f8150.jpg,2,155,124,255,202,boxed
/Users/vineelap/Documents/piglets_detection/piglet-detection-main/artifacts/label_samples/2026-07-11__09_30_06#M/track_1939_f13960.jpg,6,152,293,216,387,boxed
/Users/vineelap/Documents/piglets_detection/piglet-detection-main/artifacts/label_samples/2026-07-10__10_00_07#M/track_495_f8900.jpg,13,160,78,261,170,boxed
/Users/vineelap/Documents/piglets_detection/piglet-detection-main/artifacts/label_samples/2026-07-10__10_00_07#M/track_1597_f17140.jpg,13,110,74,186,145,boxed
/Users/vineelap/Documents/piglets_detection/piglet-detection-main/artifacts/label_samples/2026-07-10__10_00_07#M/track_1383_f15630.jpg,10,194,38,269,109,boxed
/Users/vineelap/Documents/piglets_detection/piglet-detection-main/artifacts/label_samples/2026-07-10__10_00_07#M/track_942_f14010.jpg,2,178,51,237,132,boxed
/Users/vineelap/Documents/piglets_detection/piglet-detection-main/artifacts/label_samples/2026-07-10__10_00_07#M/track_1853_f18670.jpg,8,102,12,169,106,boxed
/Users/vineelap/Documents/piglets_detection/piglet-detection-main/artifacts/label_samples/2026-07-10__10_00_07#M/track_1358_f15550.jpg,10,231,19,313,82,boxed
/Users/vineelap/Documents/piglets_detection/piglet-detection-main/artifacts/label_samples/2026-07-10__13_00_08#M/track_1535_f19090.jpg,14,112,143,205,235,boxed
/Users/vineelap/Documents/piglets_detection/piglet-detection-main/artifacts/label_samples/2026-07-10__10_00_07#M/track_966_f12740.jpg,3,160,109,243,178,boxed
/Users/vineelap/Documents/piglets_detection/piglet-detection-main/artifacts/label_samples/2026-07-10__13_30_08#M/track_974_f6620.jpg,8,236,128,337,213,boxed
/Users/vineelap/Documents/piglets_detection/piglet-detection-main/artifacts/label_samples/2026-07-11__09_30_06#M/track_409_f3080.jpg,2,96,188,180,303,boxed
/Users/vineelap/Documents/piglets_detection/piglet-detection-main/artifacts/label_samples/2026-07-11__09_30_06#M/track_2473_f16350.jpg,2,164,45,234,99,boxed
/Users/vineelap/Documents/piglets_detection/piglet-detection-main/artifacts/label_samples/2026-07-11__09_30_06#M/track_1825_f13500.jpg,10,101,147,192,241,boxed
/Users/vineelap/Documents/piglets_detection/piglet-detection-main/artifacts/label_samples/2026-07-10__08_30_06#M/track_1170_f7200.jpg,12,25,86,133,199,boxed
/Users/vineelap/Documents/piglets_detection/piglet-detection-main/artifacts/label_samples/2026-07-11__09_30_06#M/track_2694_f17210.jpg,2,178,121,245,198,boxed
/Users/vineelap/Documents/piglets_detection/piglet-detection-main/artifacts/label_samples/2026-07-10__13_00_08#M/track_1596_f19550.jpg,12,153,66,247,187,boxed
/Users/vineelap/Documents/piglets_detection/piglet-detection-main/artifacts/label_samples/2026-07-10__13_00_08#M/track_419_f9040.jpg,3,119,187,200,287,boxed
/Users/vineelap/Documents/piglets_detection/piglet-detection-main/artifacts/label_samples/2026-07-10__10_00_07#M/track_422_f8310.jpg,10,152,153,250,274,boxed
/Users/vineelap/Documents/piglets_detection/piglet-detection-main/artifacts/label_samples/2026-07-10__10_00_07#M/track_8_f170.jpg,11,13,86,119,211,boxed
/Users/vineelap/Documents/piglets_detection/piglet-detection-main/artifacts/label_samples/2026-07-10__10_00_07#M/track_542_f9390.jpg,2,101,134,182,226,boxed
/Users/vineelap/Documents/piglets_detection/piglet-detection-main/artifacts/label_samples/2026-07-10__13_00_08#M/track_412_f8980.jpg,13,82,25,173,94,boxed
/Users/vineelap/Documents/piglets_detection/piglet-detection-main/artifacts/label_samples/2026-07-10__13_00_08#M/track_1218_f15440.jpg,14,76,243,166,316,boxed
/Users/vineelap/Documents/piglets_detection/piglet-detection-main/artifacts/label_samples/2026-07-10__13_30_08#M/track_866_f5870.jpg,1,65,128,164,238,boxed
/Users/vineelap/Documents/piglets_detection/piglet-detection-main/artifacts/label_samples/2026-07-10__10_00_07#M/track_1178_f14350.jpg,11,241,66,321,158,boxed
/Users/vineelap/Documents/piglets_detection/piglet-detection-main/artifacts/label_samples/2026-07-10__13_30_08#M/track_1327_f8080.jpg,8,134,111,226,183,boxed
/Users/vineelap/Documents/piglets_detection/piglet-detection-main/artifacts/label_samples/2026-07-10__13_30_08#M/track_35_f330.jpg,2,213,72,331,151,boxed
/Users/vineelap/Documents/piglets_detection/piglet-detection-main/artifacts/label_samples/2026-07-10__08_30_06#M/track_433_f2120.jpg,6,263,94,344,161,boxed
/Users/vineelap/Documents/piglets_detection/piglet-detection-main/artifacts/label_samples/2026-07-10__13_00_08#M/track_412_f9010.jpg,13,69,13,161,95,boxed
/Users/vineelap/Documents/piglets_detection/piglet-detection-main/artifacts/label_samples/2026-07-10__13_30_08#M/track_1426_f8830.jpg,6,125,45,200,114,boxed
/Users/vineelap/Documents/piglets_detection/piglet-detection-main/artifacts/label_samples/2026-07-11__09_30_06#M/track_1835_f13540.jpg,2,77,109,150,209,boxed
/Users/vineelap/Documents/piglets_detection/piglet-detection-main/artifacts/label_samples/2026-07-10__13_00_08#M/track_871_f10580.jpg,10,66,139,192,262,boxed
/Users/vineelap/Documents/piglets_detection/piglet-detection-main/artifacts/label_samples/2026-07-11__09_30_06#M/track_2582_f16630.jpg,12,61,106,148,225,boxed
/Users/vineelap/Documents/piglets_detection/piglet-detection-main/artifacts/label_samples/2026-07-10__13_00_08#M/track_1546_f19130.jpg,3,90,143,152,223,boxed
/Users/vineelap/Documents/piglets_detection/piglet-detection-main/artifacts/label_samples/2026-07-10__08_30_06#M/track_12_f40.jpg,2,175,114,254,208,boxed
/Users/vineelap/Documents/piglets_detection/piglet-detection-main/artifacts/label_samples/2026-07-10__10_00_07#M/track_951_f12600.jpg,2,117,151,198,268,boxed
/Users/vineelap/Documents/piglets_detection/piglet-detection-main/artifacts/label_samples/2026-07-10__13_00_08#M/track_1109_f12860.jpg,12,174,135,284,246,boxed
/Users/vineelap/Documents/piglets_detection/piglet-detection-main/artifacts/label_samples/2026-07-11__09_30_06#M/track_457_f4190.jpg,8,207,18,254,79,boxed
/Users/vineelap/Documents/piglets_detection/piglet-detection-main/artifacts/label_samples/2026-07-10__10_00_07#M/track_966_f12670.jpg,3,154,82,239,179,boxed
/Users/vineelap/Documents/piglets_detection/piglet-detection-main/artifacts/label_samples/2026-07-10__10_00_07#M/track_323_f7640.jpg,10,131,56,226,158,boxed
/Users/vineelap/Documents/piglets_detection/piglet-detection-main/artifacts/label_samples/2026-07-10__10_00_07#M/track_785_f11180.jpg,10,40,37,132,139,boxed
/Users/vineelap/Documents/piglets_detection/piglet-detection-main/artifacts/label_samples/2026-07-10__13_00_08#M/track_732_f9930.jpg,6,113,102,190,171,boxed
/Users/vineelap/Documents/piglets_detection/piglet-detection-main/artifacts/label_samples/2026-07-10__10_00_07#M/track_100_f3240.jpg,8,117,280,201,384,boxed
/Users/vineelap/Documents/piglets_detection/piglet-detection-main/artifacts/label_samples/2026-07-10__13_30_08#M/track_242_f1290.jpg,8,114,246,185,341,boxed
/Users/vineelap/Documents/piglets_detection/piglet-detection-main/artifacts/label_samples/2026-07-11__09_30_06#M/track_2800_f17970.jpg,3,130,77,210,172,boxed
/Users/vineelap/Documents/piglets_detection/piglet-detection-main/artifacts/label_samples/2026-07-10__10_00_07#M/track_182_f3960.jpg,3,165,26,233,90,boxed
/Users/vineelap/Documents/piglets_detection/piglet-detection-main/artifacts/label_samples/2026-07-10__13_30_08#M/track_866_f5860.jpg,11,67,122,162,234,boxed
/Users/vineelap/Documents/piglets_detection/piglet-detection-main/artifacts/label_samples/2026-07-10__13_30_08#M/track_1429_f8870.jpg,8,260,196,337,272,boxed
/Users/vineelap/Documents/piglets_detection/piglet-detection-main/artifacts/label_samples/2026-07-10__08_30_06#M/track_1124_f6780.jpg,12,44,100,169,211,boxed
/Users/vineelap/Documents/piglets_detection/piglet-detection-main/artifacts/label_samples/2026-07-10__10_00_07#M/track_1566_f16910.jpg,11,228,44,298,119,boxed
/Users/vineelap/Documents/piglets_detection/piglet-detection-main/artifacts/label_samples/2026-07-10__08_30_06#M/track_19_f510.jpg,11,168,161,276,299,boxed
/Users/vineelap/Documents/piglets_detection/piglet-detection-main/artifacts/label_samples/2026-07-10__08_30_06#M/track_924_f4740.jpg,13,40,2,115,73,boxed
/Users/vineelap/Documents/piglets_detection/piglet-detection-main/artifacts/label_samples/2026-07-10__10_00_07#M/track_1256_f14960.jpg,11,194,18,261,98,boxed
/Users/vineelap/Documents/piglets_detection/piglet-detection-main/artifacts/label_samples/2026-07-11__09_30_06#M/track_3009_f19630.jpg,11,41,138,151,262,boxed
/Users/vineelap/Documents/piglets_detection/piglet-detection-main/artifacts/label_samples/2026-07-10__08_30_06#M/track_199_f1540.jpg,1,242,142,324,206,boxed
/Users/vineelap/Documents/piglets_detection/piglet-detection-main/artifacts/label_samples/2026-07-10__10_00_07#M/track_990_f12840.jpg,11,20,195,111,328,boxed
/Users/vineelap/Documents/piglets_detection/piglet-detection-main/artifacts/label_samples/2026-07-10__13_30_08#M/track_927_f6210.jpg,11,153,58,241,159,boxed
/Users/vineelap/Documents/piglets_detection/piglet-detection-main/artifacts/label_samples/2026-07-10__10_00_07#M/track_814_f11660.jpg,2,161,154,246,238,boxed
/Users/vineelap/Documents/piglets_detection/piglet-detection-main/artifacts/label_samples/2026-07-10__13_30_08#M/track_1893_f12180.jpg,1,116,188,172,272,boxed
/Users/vineelap/Documents/piglets_detection/piglet-detection-main/artifacts/label_samples/2026-07-10__13_30_08#M/track_105_f740.jpg,2,130,97,214,172,boxed
/Users/vineelap/Documents/piglets_detection/piglet-detection-main/artifacts/label_samples/2026-07-11__09_30_06#M/track_1590_f12140.jpg,11,187,20,291,87,boxed
/Users/vineelap/Documents/piglets_detection/piglet-detection-main/artifacts/label_samples/2026-07-10__10_00_07#M/track_154_f3770.jpg,8,82,221,149,329,boxed
/Users/vineelap/Documents/piglets_detection/piglet-detection-main/artifacts/label_samples/2026-07-11__09_30_06#M/track_3009_f19680.jpg,11,70,143,175,250,boxed
/Users/vineelap/Documents/piglets_detection/piglet-detection-main/artifacts/label_samples/2026-07-10__10_00_07#M/track_360_f7860.jpg,6,208,105,263,163,boxed
/Users/vineelap/Documents/piglets_detection/piglet-detection-main/artifacts/label_samples/2026-07-11__09_30_06#M/track_378_f2760.jpg,12,122,182,229,270,boxed
/Users/vineelap/Documents/piglets_detection/piglet-detection-main/artifacts/label_samples/2026-07-10__10_00_07#M/track_1364_f15520.jpg,11,143,97,209,182,boxed
/Users/vineelap/Documents/piglets_detection/piglet-detection-main/artifacts/label_samples/2026-07-10__13_00_08#M/track_1068_f12210.jpg,10,122,18,213,92,boxed
/Users/vineelap/Documents/piglets_detection/piglet-detection-main/artifacts/label_samples/2026-07-11__09_30_06#M/track_1384_f11010.jpg,8,159,132,238,199,boxed
/Users/vineelap/Documents/piglets_detection/piglet-detection-main/artifacts/label_samples/2026-07-10__10_00_07#M/track_1728_f17900.jpg,10,184,40,272,122,boxed
/Users/vineelap/Documents/piglets_detection/piglet-detection-main/artifacts/label_samples/2026-07-10__13_30_08#M/track_241_f1280.jpg,14,40,198,124,275,boxed
/Users/vineelap/Documents/piglets_detection/piglet-detection-main/artifacts/label_samples/2026-07-10__10_00_07#M/track_1696_f17740.jpg,13,,,,,skip
/Users/vineelap/Documents/piglets_detection/piglet-detection-main/artifacts/label_samples/2026-07-10__13_30_08#M/track_1275_f7880.jpg,8,249,148,305,224,boxed
/Users/vineelap/Documents/piglets_detection/piglet-detection-main/artifacts/label_samples/2026-07-10__13_30_08#M/track_105_f720.jpg,2,181,105,271,181,boxed
/Users/vineelap/Documents/piglets_detection/piglet-detection-main/artifacts/label_samples/2026-07-10__10_00_07#M/track_1896_f18990.jpg,1,199,16,254,69,boxed
/Users/vineelap/Documents/piglets_detection/piglet-detection-main/artifacts/label_samples/2026-07-10__10_00_07#M/track_1242_f14690.jpg,10,216,17,295,81,boxed
/Users/vineelap/Documents/piglets_detection/piglet-detection-main/artifacts/label_samples/2026-07-10__13_00_08#M/track_421_f9010.jpg,10,108,88,201,228,boxed
/Users/vineelap/Documents/piglets_detection/piglet-detection-main/artifacts/label_samples/2026-07-11__09_30_06#M/track_2772_f18560.jpg,10,151,189,267,297,boxed
/Users/vineelap/Documents/piglets_detection/piglet-detection-main/artifacts/label_samples/2026-07-10__13_30_08#M/track_699_f4550.jpg,11,47,54,116,132,boxed
/Users/vineelap/Documents/piglets_detection/piglet-detection-main/artifacts/label_samples/2026-07-11__09_30_06#M/track_272_f2040.jpg,8,77,27,151,81,boxed
/Users/vineelap/Documents/piglets_detection/piglet-detection-main/artifacts/label_samples/2026-07-10__13_00_08#M/track_606_f9550.jpg,13,124,99,213,209,boxed
/Users/vineelap/Documents/piglets_detection/piglet-detection-main/artifacts/label_samples/2026-07-10__13_30_08#M/track_440_f3020.jpg,13,171,23,279,92,boxed
/Users/vineelap/Documents/piglets_detection/piglet-detection-main/artifacts/label_samples/2026-07-10__10_00_07#M/track_948_f12600.jpg,10,162,31,231,88,boxed
/Users/vineelap/Documents/piglets_detection/piglet-detection-main/artifacts/label_samples/2026-07-10__13_30_08#M/track_337_f2100.jpg,6,144,193,206,251,boxed
/Users/vineelap/Documents/piglets_detection/piglet-detection-main/artifacts/label_samples/2026-07-10__10_00_07#M/track_1744_f18020.jpg,13,131,68,203,124,boxed
/Users/vineelap/Documents/piglets_detection/piglet-detection-main/artifacts/label_samples/2026-07-10__13_30_08#M/track_791_f5430.jpg,6,59,1,140,52,boxed
/Users/vineelap/Documents/piglets_detection/piglet-detection-main/artifacts/label_samples/2026-07-10__10_00_07#M/track_946_f12560.jpg,3,63,199,126,302,boxed
/Users/vineelap/Documents/piglets_detection/piglet-detection-main/artifacts/label_samples/2026-07-11__09_30_06#M/track_589_f4750.jpg,2,157,203,217,299,boxed
/Users/vineelap/Documents/piglets_detection/piglet-detection-main/artifacts/label_samples/2026-07-10__13_00_08#M/track_872_f11180.jpg,1,,,,,skip
/Users/vineelap/Documents/piglets_detection/piglet-detection-main/artifacts/label_samples/2026-07-10__13_00_08#M/track_667_f9610.jpg,8,232,87,327,153,boxed
/Users/vineelap/Documents/piglets_detection/piglet-detection-main/artifacts/label_samples/2026-07-10__10_00_07#M/track_483_f9240.jpg,12,186,120,289,224,boxed
/Users/vineelap/Documents/piglets_detection/piglet-detection-main/artifacts/label_samples/2026-07-14__16_00_06#M/track_312.jpg,9,240,51,313,92,boxed
/Users/vineelap/Documents/piglets_detection/piglet-detection-main/artifacts/label_samples/2026-07-11__09_30_06#M/track_2563_f16710.jpg,8,121,176,153,226,boxed
/Users/vineelap/Documents/piglets_detection/piglet-detection-main/artifacts/label_samples/2026-07-11__09_30_06#M/track_4_f200.jpg,13,80,128,185,241,boxed
/Users/vineelap/Documents/piglets_detection/piglet-detection-main/artifacts/label_samples/2026-07-10__13_00_08#M/track_411_f8970.jpg,12,98,142,190,255,boxed
/Users/vineelap/Documents/piglets_detection/piglet-detection-main/artifacts/label_samples/2026-07-10__13_30_08#M/track_589_f3690.jpg,14,139,0,207,62,boxed
/Users/vineelap/Documents/piglets_detection/piglet-detection-main/artifacts/label_samples/2026-07-10__13_00_08#M/track_1415_f18160.jpg,11,176,159,261,271,boxed
/Users/vineelap/Documents/piglets_detection/piglet-detection-main/artifacts/label_samples/2026-07-10__10_00_07#M/track_259_f7060.jpg,13,,,,,skip
/Users/vineelap/Documents/piglets_detection/piglet-detection-main/artifacts/label_samples/2026-07-11__09_30_06#M/track_2862_f18600.jpg,10,166,89,248,180,boxed
/Users/vineelap/Documents/piglets_detection/piglet-detection-main/artifacts/label_samples/2026-07-10__10_00_07#M/track_758_f10990.jpg,2,118,108,186,169,boxed
/Users/vineelap/Documents/piglets_detection/piglet-detection-main/artifacts/label_samples/2026-07-10__13_30_08#M/track_919_f6080.jpg,3,94,202,160,325,boxed
/Users/vineelap/Documents/piglets_detection/piglet-detection-main/artifacts/label_samples/2026-07-10__08_30_06#M/track_692_f3680.jpg,13,24,6,104,82,boxed
/Users/vineelap/Documents/piglets_detection/piglet-detection-main/artifacts/label_samples/2026-07-10__10_00_07#M/track_1007_f12920.jpg,11,199,118,307,214,boxed
/Users/vineelap/Documents/piglets_detection/piglet-detection-main/artifacts/label_samples/2026-07-10__13_00_08#M/track_465_f9210.jpg,12,129,80,224,205,boxed
/Users/vineelap/Documents/piglets_detection/piglet-detection-main/artifacts/label_samples/2026-07-10__10_00_07#M/track_1227_f14650.jpg,12,75,134,160,247,boxed
/Users/vineelap/Documents/piglets_detection/piglet-detection-main/artifacts/label_samples/2026-07-11__09_30_06#M/track_529_f4040.jpg,13,197,98,308,206,boxed
/Users/vineelap/Documents/piglets_detection/piglet-detection-main/artifacts/label_samples/2026-07-10__08_30_06#M/track_1_f100.jpg,1,162,169,243,245,boxed
/Users/vineelap/Documents/piglets_detection/piglet-detection-main/artifacts/label_samples/2026-07-10__13_00_08#M/track_675_f9760.jpg,3,87,129,173,192,boxed
/Users/vineelap/Documents/piglets_detection/piglet-detection-main/artifacts/label_samples/2026-07-10__10_00_07#M/track_1190_f14320.jpg,2,177,126,253,216,boxed
/Users/vineelap/Documents/piglets_detection/piglet-detection-main/artifacts/label_samples/2026-07-10__10_00_07#M/track_1358_f15570.jpg,10,227,28,302,87,boxed
/Users/vineelap/Documents/piglets_detection/piglet-detection-main/artifacts/label_samples/2026-07-10__10_00_07#M/track_459_f8610.jpg,8,159,98,223,137,boxed
/Users/vineelap/Documents/piglets_detection/piglet-detection-main/artifacts/label_samples/2026-07-10__13_30_08#M/track_991_f6710.jpg,10,136,278,258,396,boxed
/Users/vineelap/Documents/piglets_detection/piglet-detection-main/artifacts/label_samples/2026-07-10__08_30_06#M/track_857_f4450.jpg,8,195,159,288,253,boxed
/Users/vineelap/Documents/piglets_detection/piglet-detection-main/artifacts/label_samples/2026-07-11__09_30_06#M/track_2173_f15210.jpg,6,,,,,skip
/Users/vineelap/Documents/piglets_detection/piglet-detection-main/artifacts/label_samples/2026-07-10__13_00_08#M/track_871_f10570.jpg,10,15,169,132,292,boxed
/Users/vineelap/Documents/piglets_detection/piglet-detection-main/artifacts/label_samples/2026-07-10__13_30_08#M/track_1317_f8000.jpg,6,211,179,302,250,boxed
/Users/vineelap/Documents/piglets_detection/piglet-detection-main/artifacts/label_samples/2026-07-10__10_00_07#M/track_744_f10840.jpg,3,60,92,136,169,boxed
/Users/vineelap/Documents/piglets_detection/piglet-detection-main/artifacts/label_samples/2026-07-10__13_00_08#M/track_1071_f12310.jpg,10,71,196,190,324,boxed
/Users/vineelap/Documents/piglets_detection/piglet-detection-main/artifacts/label_samples/2026-07-11__09_30_06#M/track_529_f4060.jpg,13,191,49,304,149,boxed
/Users/vineelap/Documents/piglets_detection/piglet-detection-main/artifacts/label_samples/2026-07-10__13_30_08#M/track_1031_f6770.jpg,8,143,71,193,131,boxed
/Users/vineelap/Documents/piglets_detection/piglet-detection-main/artifacts/label_samples/2026-07-10__13_30_08#M/track_453_f2970.jpg,1,82,196,145,259,boxed
/Users/vineelap/Documents/piglets_detection/piglet-detection-main/artifacts/label_samples/2026-07-10__13_30_08#M/track_525_f3720.jpg,3,94,231,161,307,boxed
/Users/vineelap/Documents/piglets_detection/piglet-detection-main/artifacts/label_samples/2026-07-10__08_30_06#M/track_362_f1860.jpg,2,84,138,142,244,boxed
/Users/vineelap/Documents/piglets_detection/piglet-detection-main/artifacts/label_samples/2026-07-10__10_00_07#M/track_206_f6040.jpg,12,147,45,264,116,boxed
/Users/vineelap/Documents/piglets_detection/piglet-detection-main/artifacts/label_samples/2026-07-10__10_00_07#M/track_1132_f13920.jpg,12,186,69,312,153,boxed
/Users/vineelap/Documents/piglets_detection/piglet-detection-main/artifacts/label_samples/2026-07-10__10_00_07#M/track_643_f10010.jpg,8,256,191,350,258,boxed
/Users/vineelap/Documents/piglets_detection/piglet-detection-main/artifacts/label_samples/2026-07-11__09_30_06#M/track_2029_f14700.jpg,2,133,148,211,230,boxed
/Users/vineelap/Documents/piglets_detection/piglet-detection-main/artifacts/label_samples/2026-07-10__13_00_08#M/track_1596_f19530.jpg,12,42,167,152,271,boxed
/Users/vineelap/Documents/piglets_detection/piglet-detection-main/artifacts/label_samples/2026-07-14__16_00_06#M/track_199.jpg,3,148,44,217,110,boxed
/Users/vineelap/Documents/piglets_detection/piglet-detection-main/artifacts/label_samples/2026-07-10__10_00_07#M/track_1247_f14900.jpg,12,113,133,219,250,boxed
/Users/vineelap/Documents/piglets_detection/piglet-detection-main/artifacts/label_samples/2026-07-10__10_00_07#M/track_318_f7630.jpg,14,,,,,skip
/Users/vineelap/Documents/piglets_detection/piglet-detection-main/artifacts/label_samples/2026-07-10__08_30_06#M/track_454_f2230.jpg,2,34,20,128,65,boxed
/Users/vineelap/Documents/piglets_detection/piglet-detection-main/artifacts/label_samples/2026-07-10__10_00_07#M/track_55_f2210.jpg,1,220,153,276,204,boxed
/Users/vineelap/Documents/piglets_detection/piglet-detection-main/artifacts/label_samples/2026-07-10__10_00_07#M/track_1242_f14670.jpg,10,209,15,281,71,boxed
/Users/vineelap/Documents/piglets_detection/piglet-detection-main/artifacts/label_samples/2026-07-10__13_00_08#M/track_872_f11140.jpg,13,132,127,229,225,boxed
/Users/vineelap/Documents/piglets_detection/piglet-detection-main/artifacts/label_samples/2026-07-11__09_30_06#M/track_2040_f14740.jpg,3,99,148,175,238,boxed
/Users/vineelap/Documents/piglets_detection/piglet-detection-main/artifacts/label_samples/2026-07-10__13_00_08#M/track_1588_f19560.jpg,11,179,86,278,192,boxed
/Users/vineelap/Documents/piglets_detection/piglet-detection-main/artifacts/label_samples/2026-07-10__13_30_08#M/track_1682_f9960.jpg,11,157,34,263,115,boxed
/Users/vineelap/Documents/piglets_detection/piglet-detection-main/artifacts/label_samples/2026-07-10__10_00_07#M/track_906_f12530.jpg,10,107,62,171,140,boxed
/Users/vineelap/Documents/piglets_detection/piglet-detection-main/artifacts/label_samples/2026-07-10__10_00_07#M/track_726_f10770.jpg,1,98,118,155,175,boxed
/Users/vineelap/Documents/piglets_detection/piglet-detection-main/artifacts/label_samples/2026-07-11__09_30_06#M/track_1343_f10800.jpg,3,220,41,315,97,boxed
/Users/vineelap/Documents/piglets_detection/piglet-detection-main/artifacts/label_samples/2026-07-14__16_00_06#M/track_33.jpg,6,158,56,231,105,boxed
/Users/vineelap/Documents/piglets_detection/piglet-detection-main/artifacts/label_samples/2026-07-10__13_00_08#M/track_1462_f18550.jpg,13,228,70,354,158,boxed
/Users/vineelap/Documents/piglets_detection/piglet-detection-main/artifacts/label_samples/2026-07-10__10_00_07#M/track_447_f8540.jpg,2,153,116,195,206,boxed
/Users/vineelap/Documents/piglets_detection/piglet-detection-main/artifacts/label_samples/2026-07-10__08_30_06#M/track_573_f3040.jpg,12,41,187,133,293,boxed
/Users/vineelap/Documents/piglets_detection/piglet-detection-main/artifacts/label_samples/2026-07-10__08_30_06#M/track_1110_f6610.jpg,12,58,95,169,201,boxed
/Users/vineelap/Documents/piglets_detection/piglet-detection-main/artifacts/label_samples/2026-07-10__10_00_07#M/track_389_f8170.jpg,2,169,91,257,165,boxed
/Users/vineelap/Documents/piglets_detection/piglet-detection-main/artifacts/label_samples/2026-07-10__08_30_06#M/track_352_f1780.jpg,1,109,0,156,59,boxed
/Users/vineelap/Documents/piglets_detection/piglet-detection-main/artifacts/label_samples/2026-07-10__10_00_07#M/track_1247_f14930.jpg,12,141,2,252,83,boxed
/Users/vineelap/Documents/piglets_detection/piglet-detection-main/artifacts/label_samples/2026-07-10__13_30_08#M/track_1305_f7950.jpg,3,,,,,skip
/Users/vineelap/Documents/piglets_detection/piglet-detection-main/artifacts/label_samples/2026-07-14__16_00_06#M/track_1195.jpg,6,,,,,skip
/Users/vineelap/Documents/piglets_detection/piglet-detection-main/artifacts/label_samples/2026-07-11__09_30_06#M/track_1590_f12160.jpg,11,107,78,192,175,boxed
/Users/vineelap/Documents/piglets_detection/piglet-detection-main/artifacts/label_samples/2026-07-11__09_30_06#M/track_2855_f18700.jpg,3,96,130,184,201,boxed
/Users/vineelap/Documents/piglets_detection/piglet-detection-main/artifacts/label_samples/2026-07-10__08_30_06#M/track_503_f2540.jpg,13,41,158,163,260,boxed
/Users/vineelap/Documents/piglets_detection/piglet-detection-main/artifacts/label_samples/2026-07-10__13_00_08#M/track_675_f9740.jpg,3,75,147,152,206,boxed
/Users/vineelap/Documents/piglets_detection/piglet-detection-main/artifacts/label_samples/2026-07-10__13_30_08#M/track_1883_f12060.jpg,11,82,159,177,272,boxed
/Users/vineelap/Documents/piglets_detection/piglet-detection-main/artifacts/label_samples/2026-07-10__10_00_07#M/track_331_f7720.jpg,8,86,35,157,93,boxed
/Users/vineelap/Documents/piglets_detection/piglet-detection-main/artifacts/label_samples/2026-07-10__13_00_08#M/track_1486_f18770.jpg,13,110,150,211,229,boxed
/Users/vineelap/Documents/piglets_detection/piglet-detection-main/artifacts/label_samples/2026-07-10__13_00_08#M/track_479_f9280.jpg,13,51,187,154,312,boxed
/Users/vineelap/Documents/piglets_detection/piglet-detection-main/artifacts/label_samples/2026-07-11__09_30_06#M/track_2790_f18890.jpg,2,111,18,176,79,boxed
/Users/vineelap/Documents/piglets_detection/piglet-detection-main/artifacts/label_samples/2026-07-10__13_30_08#M/track_912_f6050.jpg,2,137,84,234,175,boxed
/Users/vineelap/Documents/piglets_detection/piglet-detection-main/artifacts/label_samples/2026-07-10__10_00_07#M/track_1025_f13150.jpg,3,86,67,149,120,boxed
/Users/vineelap/Documents/piglets_detection/piglet-detection-main/artifacts/label_samples/2026-07-10__13_30_08#M/track_767_f5120.jpg,11,26,46,102,116,boxed
/Users/vineelap/Documents/piglets_detection/piglet-detection-main/artifacts/label_samples/2026-07-10__10_00_07#M/track_1860_f18870.jpg,10,182,16,254,77,boxed
/Users/vineelap/Documents/piglets_detection/piglet-detection-main/artifacts/label_samples/2026-07-11__09_30_06#M/track_117_f1080.jpg,8,185,164,286,245,boxed
/Users/vineelap/Documents/piglets_detection/piglet-detection-main/artifacts/label_samples/2026-07-11__09_30_06#M/track_1607_f12170.jpg,2,128,132,190,226,boxed
/Users/vineelap/Documents/piglets_detection/piglet-detection-main/artifacts/label_samples/2026-07-10__10_00_07#M/track_583_f9600.jpg,12,165,156,241,265,boxed
/Users/vineelap/Documents/piglets_detection/piglet-detection-main/artifacts/label_samples/2026-07-10__10_00_07#M/track_948_f12580.jpg,10,174,22,243,78,boxed
/Users/vineelap/Documents/piglets_detection/piglet-detection-main/artifacts/label_samples/2026-07-10__13_30_08#M/track_1031_f6750.jpg,8,85,96,153,176,boxed
/Users/vineelap/Documents/piglets_detection/piglet-detection-main/artifacts/label_samples/2026-07-11__09_30_06#M/track_2128_f15050.jpg,11,65,133,162,254,boxed
/Users/vineelap/Documents/piglets_detection/piglet-detection-main/artifacts/label_samples/2026-07-11__09_30_06#M/track_1928_f13940.jpg,11,,,,,skip
/Users/vineelap/Documents/piglets_detection/piglet-detection-main/artifacts/label_samples/2026-07-11__09_30_06#M/track_2637_f17240.jpg,10,99,204,220,333,boxed
/Users/vineelap/Documents/piglets_detection/piglet-detection-main/artifacts/label_samples/2026-07-10__10_00_07#M/track_1927_f19240.jpg,1,215,35,260,90,boxed
/Users/vineelap/Documents/piglets_detection/piglet-detection-main/artifacts/label_samples/2026-07-10__13_30_08#M/track_1732_f10410.jpg,11,315,103,411,200,boxed
/Users/vineelap/Documents/piglets_detection/piglet-detection-main/artifacts/label_samples/2026-07-14__16_00_06#M/track_940.jpg,9,219,125,272,177,boxed
/Users/vineelap/Documents/piglets_detection/piglet-detection-main/artifacts/label_samples/2026-07-10__10_00_07#M/track_853_f12090.jpg,2,136,79,209,131,boxed
/Users/vineelap/Documents/piglets_detection/piglet-detection-main/artifacts/label_samples/2026-07-10__10_00_07#M/track_880_f12110.jpg,3,155,86,252,165,boxed
/Users/vineelap/Documents/piglets_detection/piglet-detection-main/artifacts/label_samples/2026-07-10__13_30_08#M/track_863_f5830.jpg,1,188,43,247,125,boxed
/Users/vineelap/Documents/piglets_detection/piglet-detection-main/artifacts/label_samples/2026-07-10__13_00_08#M/track_1483_f18750.jpg,11,173,80,284,180,boxed
/Users/vineelap/Documents/piglets_detection/piglet-detection-main/artifacts/label_samples/2026-07-10__08_30_06#M/track_603_f3030.jpg,12,38,214,144,335,boxed
/Users/vineelap/Documents/piglets_detection/piglet-detection-main/artifacts/label_samples/2026-07-10__08_30_06#M/track_737_f4260.jpg,12,203,63,316,190,boxed
/Users/vineelap/Documents/piglets_detection/piglet-detection-main/artifacts/label_samples/2026-07-10__10_00_07#M/track_536_f9340.jpg,8,131,102,200,189,boxed
/Users/vineelap/Documents/piglets_detection/piglet-detection-main/artifacts/label_samples/2026-07-11__09_30_06#M/track_2829_f18400.jpg,3,102,95,158,151,boxed
/Users/vineelap/Documents/piglets_detection/piglet-detection-main/artifacts/label_samples/2026-07-10__10_00_07#M/track_1785_f18270.jpg,10,196,7,274,70,boxed
/Users/vineelap/Documents/piglets_detection/piglet-detection-main/artifacts/label_samples/2026-07-11__09_30_06#M/track_1728_f12790.jpg,3,66,119,136,204,boxed
/Users/vineelap/Documents/piglets_detection/piglet-detection-main/artifacts/label_samples/2026-07-10__10_00_07#M/track_469_f9030.jpg,10,138,123,233,195,boxed
/Users/vineelap/Documents/piglets_detection/piglet-detection-main/artifacts/label_samples/2026-07-10__10_00_07#M/track_1597_f17100.jpg,13,142,98,256,173,boxed
/Users/vineelap/Documents/piglets_detection/piglet-detection-main/artifacts/label_samples/2026-07-10__08_30_06#M/track_383_f1890.jpg,2,62,152,130,245,boxed
/Users/vineelap/Documents/piglets_detection/piglet-detection-main/artifacts/label_samples/2026-07-10__13_00_08#M/track_1063_f12150.jpg,14,82,182,169,287,boxed
/Users/vineelap/Documents/piglets_detection/piglet-detection-main/artifacts/label_samples/2026-07-10__13_30_08#M/track_49_f890.jpg,6,156,117,220,178,boxed
/Users/vineelap/Documents/piglets_detection/piglet-detection-main/artifacts/label_samples/2026-07-11__09_30_06#M/track_2834_f18350.jpg,14,229,106,339,196,boxed
/Users/vineelap/Documents/piglets_detection/piglet-detection-main/artifacts/label_samples/2026-07-10__10_00_07#M/track_1645_f17490.jpg,1,174,142,235,209,boxed
/Users/vineelap/Documents/piglets_detection/piglet-detection-main/artifacts/label_samples/2026-07-10__08_30_06#M/track_246_f1280.jpg,11,168,167,289,277,boxed
/Users/vineelap/Documents/piglets_detection/piglet-detection-main/artifacts/label_samples/2026-07-11__09_30_06#M/track_1770_f13070.jpg,3,189,35,273,104,boxed
/Users/vineelap/Documents/piglets_detection/piglet-detection-main/artifacts/label_samples/2026-07-11__09_30_06#M/track_248_f1960.jpg,8,73,0,160,49,boxed
/Users/vineelap/Documents/piglets_detection/piglet-detection-main/artifacts/label_samples/2026-07-10__13_30_08#M/track_1199_f7440.jpg,8,245,148,332,210,boxed
/Users/vineelap/Documents/piglets_detection/piglet-detection-main/artifacts/label_samples/2026-07-10__10_00_07#M/track_876_f12040.jpg,10,177,24,243,74,boxed
/Users/vineelap/Documents/piglets_detection/piglet-detection-main/artifacts/label_samples/2026-07-10__08_30_06#M/track_748_f3950.jpg,14,193,75,296,164,boxed
/Users/vineelap/Documents/piglets_detection/piglet-detection-main/artifacts/label_samples/2026-07-14__16_00_06#M/track_1285.jpg,6,,,,,skip
/Users/vineelap/Documents/piglets_detection/piglet-detection-main/artifacts/label_samples/2026-07-10__08_30_06#M/track_921_f4700.jpg,12,129,60,217,131,boxed
/Users/vineelap/Documents/piglets_detection/piglet-detection-main/artifacts/label_samples/2026-07-10__13_00_08#M/track_1418_f18220.jpg,11,112,65,206,143,boxed
/Users/vineelap/Documents/piglets_detection/piglet-detection-main/artifacts/label_samples/2026-07-10__10_00_07#M/track_449_f8510.jpg,10,456,97,566,191,boxed
/Users/vineelap/Documents/piglets_detection/piglet-detection-main/artifacts/label_samples/2026-07-11__09_30_06#M/track_2268_f15720.jpg,11,122,186,214,285,boxed
/Users/vineelap/Documents/piglets_detection/piglet-detection-main/artifacts/label_samples/2026-07-10__10_00_07#M/track_1522_f16780.jpg,11,226,52,303,117,boxed
/Users/vineelap/Documents/piglets_detection/piglet-detection-main/artifacts/label_samples/2026-07-10__13_00_08#M/track_1588_f19550.jpg,11,245,152,366,259,boxed
/Users/vineelap/Documents/piglets_detection/piglet-detection-main/artifacts/label_samples/2026-07-10__10_00_07#M/track_100_f3280.jpg,8,132,290,210,403,boxed
/Users/vineelap/Documents/piglets_detection/piglet-detection-main/artifacts/label_samples/2026-07-10__10_00_07#M/track_1034_f13250.jpg,11,90,245,186,381,boxed
/Users/vineelap/Documents/piglets_detection/piglet-detection-main/artifacts/label_samples/2026-07-11__09_30_06#M/track_1967_f14130.jpg,14,217,66,318,143,boxed
/Users/vineelap/Documents/piglets_detection/piglet-detection-main/artifacts/label_samples/2026-07-10__08_30_06#M/track_19_f560.jpg,11,134,46,270,138,boxed
/Users/vineelap/Documents/piglets_detection/piglet-detection-main/artifacts/label_samples/2026-07-10__08_30_06#M/track_1333_f8670.jpg,6,267,108,338,162,boxed
/Users/vineelap/Documents/piglets_detection/piglet-detection-main/artifacts/label_samples/2026-07-11__09_30_06#M/track_1945_f14000.jpg,2,94,214,167,283,boxed
/Users/vineelap/Documents/piglets_detection/piglet-detection-main/artifacts/label_samples/2026-07-11__09_30_06#M/track_2149_f15070.jpg,6,261,20,345,63,boxed
/Users/vineelap/Documents/piglets_detection/piglet-detection-main/artifacts/label_samples/2026-07-11__09_30_06#M/track_1895_f13900.jpg,11,213,74,346,192,boxed
/Users/vineelap/Documents/piglets_detection/piglet-detection-main/artifacts/label_samples/2026-07-11__09_30_06#M/track_194_f1730.jpg,3,60,191,151,284,boxed
/Users/vineelap/Documents/piglets_detection/piglet-detection-main/artifacts/label_samples/2026-07-11__09_30_06#M/track_2862_f18660.jpg,10,110,255,214,374,boxed
/Users/vineelap/Documents/piglets_detection/piglet-detection-main/artifacts/label_samples/2026-07-10__10_00_07#M/track_1875_f18920.jpg,1,248,97,293,167,boxed
/Users/vineelap/Documents/piglets_detection/piglet-detection-main/artifacts/label_samples/2026-07-10__10_00_07#M/track_1860_f18760.jpg,10,169,32,238,95,boxed
/Users/vineelap/Documents/piglets_detection/piglet-detection-main/artifacts/label_samples/2026-07-10__10_00_07#M/track_1431_f16160.jpg,11,223,36,295,111,boxed
/Users/vineelap/Documents/piglets_detection/piglet-detection-main/artifacts/label_samples/2026-07-10__10_00_07#M/track_1010_f12950.jpg,11,,,,,skip
/Users/vineelap/Documents/piglets_detection/piglet-detection-main/artifacts/label_samples/2026-07-11__09_30_06#M/track_2844_f18520.jpg,8,232,129,317,216,boxed
/Users/vineelap/Documents/piglets_detection/piglet-detection-main/artifacts/label_samples/2026-07-10__08_30_06#M/track_1110_f6640.jpg,12,46,195,159,317,boxed
/Users/vineelap/Documents/piglets_detection/piglet-detection-main/artifacts/label_samples/2026-07-10__10_00_07#M/track_1525_f16720.jpg,13,142,6,234,72,boxed
/Users/vineelap/Documents/piglets_detection/piglet-detection-main/artifacts/label_samples/2026-07-10__13_00_08#M/track_1609_f19630.jpg,6,151,73,217,131,boxed
/Users/vineelap/Documents/piglets_detection/piglet-detection-main/artifacts/label_samples/2026-07-10__13_30_08#M/track_1307_f8200.jpg,11,264,20,387,134,boxed
/Users/vineelap/Documents/piglets_detection/piglet-detection-main/artifacts/label_samples/2026-07-10__10_00_07#M/track_536_f9360.jpg,8,119,112,212,204,boxed
/Users/vineelap/Documents/piglets_detection/piglet-detection-main/artifacts/label_samples/2026-07-10__10_00_07#M/track_2014_f19670.jpg,13,201,13,301,80,boxed
/Users/vineelap/Documents/piglets_detection/piglet-detection-main/artifacts/label_samples/2026-07-10__13_30_08#M/track_596_f3680.jpg,8,152,170,232,258,boxed
/Users/vineelap/Documents/piglets_detection/piglet-detection-main/artifacts/label_samples/2026-07-11__09_30_06#M/track_1777_f13200.jpg,11,99,149,210,229,boxed
/Users/vineelap/Documents/piglets_detection/piglet-detection-main/artifacts/label_samples/2026-07-11__09_30_06#M/track_1607_f12160.jpg,2,124,135,210,235,boxed
/Users/vineelap/Documents/piglets_detection/piglet-detection-main/artifacts/label_samples/2026-07-10__13_30_08#M/track_1208_f7440.jpg,12,104,110,193,201,boxed
/Users/vineelap/Documents/piglets_detection/piglet-detection-main/artifacts/label_samples/2026-07-10__13_00_08#M/track_580_f9560.jpg,11,146,97,234,186,boxed
/Users/vineelap/Documents/piglets_detection/piglet-detection-main/artifacts/label_samples/2026-07-10__13_00_08#M/track_1036_f11990.jpg,10,95,242,205,359,boxed
/Users/vineelap/Documents/piglets_detection/piglet-detection-main/artifacts/label_samples/2026-07-10__10_00_07#M/track_522_f9230.jpg,8,210,86,281,167,boxed
/Users/vineelap/Documents/piglets_detection/piglet-detection-main/artifacts/label_samples/2026-07-10__08_30_06#M/track_454_f2180.jpg,2,54,21,135,63,boxed
/Users/vineelap/Documents/piglets_detection/piglet-detection-main/artifacts/label_samples/2026-07-10__08_30_06#M/track_476_f2360.jpg,2,121,36,204,97,boxed
/Users/vineelap/Documents/piglets_detection/piglet-detection-main/artifacts/label_samples/2026-07-10__08_30_06#M/track_1346_f8790.jpg,6,60,260,135,356,boxed
/Users/vineelap/Documents/piglets_detection/piglet-detection-main/artifacts/label_samples/2026-07-10__13_00_08#M/track_1469_f18580.jpg,13,158,149,253,245,boxed
/Users/vineelap/Documents/piglets_detection/piglet-detection-main/artifacts/label_samples/2026-07-10__10_00_07#M/track_1655_f17480.jpg,3,147,113,205,166,boxed
/Users/vineelap/Documents/piglets_detection/piglet-detection-main/artifacts/label_samples/2026-07-10__10_00_07#M/track_1280_f15020.jpg,14,97,28,169,115,boxed
/Users/vineelap/Documents/piglets_detection/piglet-detection-main/artifacts/label_samples/2026-07-10__10_00_07#M/track_1397_f15760.jpg,10,202,4,288,61,boxed
/Users/vineelap/Documents/piglets_detection/piglet-detection-main/artifacts/label_samples/2026-07-10__10_00_07#M/track_977_f13010.jpg,3,81,153,154,215,boxed
/Users/vineelap/Documents/piglets_detection/piglet-detection-main/artifacts/label_samples/2026-07-11__09_30_06#M/track_2473_f16330.jpg,2,189,47,285,90,boxed
/Users/vineelap/Documents/piglets_detection/piglet-detection-main/artifacts/label_samples/2026-07-10__13_30_08#M/track_803_f5720.jpg,6,208,132,345,181,boxed
/Users/vineelap/Documents/piglets_detection/piglet-detection-main/artifacts/label_samples/2026-07-10__13_00_08#M/track_1418_f18250.jpg,11,122,131,200,232,boxed
/Users/vineelap/Documents/piglets_detection/piglet-detection-main/artifacts/label_samples/2026-07-11__09_30_06#M/track_2446_f16350.jpg,10,74,216,186,331,boxed
/Users/vineelap/Documents/piglets_detection/piglet-detection-main/artifacts/label_samples/2026-07-10__10_00_07#M/track_1034_f13240.jpg,11,72,231,156,337,boxed
/Users/vineelap/Documents/piglets_detection/piglet-detection-main/artifacts/label_samples/2026-07-10__13_30_08#M/track_1686_f10050.jpg,3,74,203,158,295,boxed
/Users/vineelap/Documents/piglets_detection/piglet-detection-main/artifacts/label_samples/2026-07-11__09_30_06#M/track_1060_f8910.jpg,3,171,145,248,215,boxed
/Users/vineelap/Documents/piglets_detection/piglet-detection-main/artifacts/label_samples/2026-07-10__10_00_07#M/track_1157_f14120.jpg,10,208,35,270,110,boxed
/Users/vineelap/Documents/piglets_detection/piglet-detection-main/artifacts/label_samples/2026-07-10__10_00_07#M/track_2_f80.jpg,11,19,151,112,290,boxed
/Users/vineelap/Documents/piglets_detection/piglet-detection-main/artifacts/label_samples/2026-07-10__13_00_08#M/track_1483_f18740.jpg,11,153,71,279,198,boxed
/Users/vineelap/Documents/piglets_detection/piglet-detection-main/artifacts/label_samples/2026-07-10__13_00_08#M/track_417_f9020.jpg,1,84,132,149,210,boxed
/Users/vineelap/Documents/piglets_detection/piglet-detection-main/artifacts/label_samples/2026-07-10__10_00_07#M/track_457_f8610.jpg,2,118,83,186,179,boxed
/Users/vineelap/Documents/piglets_detection/piglet-detection-main/artifacts/label_samples/2026-07-10__10_00_07#M/track_1301_f15250.jpg,11,126,225,206,325,boxed
/Users/vineelap/Documents/piglets_detection/piglet-detection-main/artifacts/label_samples/2026-07-10__10_00_07#M/track_372_f7950.jpg,2,234,103,315,166,boxed
/Users/vineelap/Documents/piglets_detection/piglet-detection-main/artifacts/label_samples/2026-07-10__10_00_07#M/track_1153_f14080.jpg,10,204,59,276,120,boxed
/Users/vineelap/Documents/piglets_detection/piglet-detection-main/artifacts/label_samples/2026-07-10__08_30_06#M/track_1076_f6340.jpg,6,162,211,238,289,boxed
/Users/vineelap/Documents/piglets_detection/piglet-detection-main/artifacts/label_samples/2026-07-10__08_30_06#M/track_1230_f7620.jpg,6,50,49,121,111,boxed
/Users/vineelap/Documents/piglets_detection/piglet-detection-main/artifacts/label_samples/2026-07-10__10_00_07#M/track_590_f9900.jpg,12,140,216,237,345,boxed
/Users/vineelap/Documents/piglets_detection/piglet-detection-main/artifacts/label_samples/2026-07-10__08_30_06#M/track_1079_f6400.jpg,6,109,106,178,157,boxed
/Users/vineelap/Documents/piglets_detection/piglet-detection-main/artifacts/label_samples/2026-07-11__09_30_06#M/track_665_f5110.jpg,3,31,163,116,251,boxed
/Users/vineelap/Documents/piglets_detection/piglet-detection-main/artifacts/label_samples/2026-07-10__13_30_08#M/track_357_f2360.jpg,14,48,122,147,212,boxed
/Users/vineelap/Documents/piglets_detection/piglet-detection-main/artifacts/label_samples/2026-07-10__13_30_08#M/track_179_f900.jpg,1,106,138,178,229,boxed
/Users/vineelap/Documents/piglets_detection/piglet-detection-main/artifacts/label_samples/2026-07-10__08_30_06#M/track_1239_f7680.jpg,6,141,269,214,340,boxed
/Users/vineelap/Documents/piglets_detection/piglet-detection-main/artifacts/label_samples/2026-07-10__10_00_07#M/track_1382_f16040.jpg,13,146,51,252,156,boxed
/Users/vineelap/Documents/piglets_detection/piglet-detection-main/artifacts/label_samples/2026-07-10__10_00_07#M/track_1042_f13370.jpg,11,462,131,534,248,boxed
/Users/vineelap/Documents/piglets_detection/piglet-detection-main/artifacts/label_samples/2026-07-10__10_00_07#M/track_338_f7760.jpg,8,123,160,207,244,boxed
/Users/vineelap/Documents/piglets_detection/piglet-detection-main/artifacts/label_samples/2026-07-10__08_30_06#M/track_612_f3110.jpg,13,114,203,193,299,boxed
/Users/vineelap/Documents/piglets_detection/piglet-detection-main/artifacts/label_samples/2026-07-11__09_30_06#M/track_2188_f15690.jpg,6,291,75,372,127,boxed
/Users/vineelap/Documents/piglets_detection/piglet-detection-main/artifacts/label_samples/2026-07-10__13_00_08#M/track_465_f9220.jpg,12,123,137,221,262,boxed
/Users/vineelap/Documents/piglets_detection/piglet-detection-main/artifacts/label_samples/2026-07-11__09_30_06#M/track_145_f1120.jpg,13,159,71,256,162,boxed
/Users/vineelap/Documents/piglets_detection/piglet-detection-main/artifacts/label_samples/2026-07-11__09_30_06#M/track_2807_f18270.jpg,14,99,152,183,253,boxed
/Users/vineelap/Documents/piglets_detection/piglet-detection-main/artifacts/label_samples/2026-07-10__08_30_06#M/track_103_f320.jpg,1,24,155,110,248,boxed
/Users/vineelap/Documents/piglets_detection/piglet-detection-main/artifacts/label_samples/2026-07-11__09_30_06#M/track_1316_f10650.jpg,3,139,83,221,162,boxed
/Users/vineelap/Documents/piglets_detection/piglet-detection-main/artifacts/label_samples/2026-07-10__13_30_08#M/track_767_f5100.jpg,11,59,44,136,102,boxed
/Users/vineelap/Documents/piglets_detection/piglet-detection-main/artifacts/label_samples/2026-07-10__10_00_07#M/track_1693_f17740.jpg,8,266,34,322,87,boxed
/Users/vineelap/Documents/piglets_detection/piglet-detection-main/artifacts/label_samples/2026-07-14__16_00_06#M/track_696.jpg,6,184,38,256,104,boxed
/Users/vineelap/Documents/piglets_detection/piglet-detection-main/artifacts/label_samples/2026-07-10__08_30_06#M/track_911_f4640.jpg,12,224,1,348,88,boxed
/Users/vineelap/Documents/piglets_detection/piglet-detection-main/artifacts/label_samples/2026-07-10__13_30_08#M/track_754_f5040.jpg,8,61,49,107,106,boxed
/Users/vineelap/Documents/piglets_detection/piglet-detection-main/artifacts/label_samples/2026-07-10__10_00_07#M/track_1839_f18590.jpg,1,207,1,275,44,boxed
/Users/vineelap/Documents/piglets_detection/piglet-detection-main/artifacts/label_samples/2026-07-10__08_30_06#M/track_53_f200.jpg,1,146,5,202,58,boxed
/Users/vineelap/Documents/piglets_detection/piglet-detection-main/artifacts/label_samples/2026-07-10__13_30_08#M/track_35_f230.jpg,2,158,143,242,234,boxed
/Users/vineelap/Documents/piglets_detection/piglet-detection-main/artifacts/label_samples/2026-07-10__08_30_06#M/track_352_f1810.jpg,1,63,140,129,197,boxed
/Users/vineelap/Documents/piglets_detection/piglet-detection-main/artifacts/label_samples/2026-07-11__09_30_06#M/track_1940_f13980.jpg,11,112,202,219,316,boxed
/Users/vineelap/Documents/piglets_detection/piglet-detection-main/artifacts/label_samples/2026-07-10__13_30_08#M/track_13_f30.jpg,1,137,144,206,208,boxed
/Users/vineelap/Documents/piglets_detection/piglet-detection-main/artifacts/label_samples/2026-07-11__09_30_06#M/track_416_f3060.jpg,10,115,76,208,201,boxed
/Users/vineelap/Documents/piglets_detection/piglet-detection-main/artifacts/label_samples/2026-07-10__10_00_07#M/track_716_f11140.jpg,12,179,117,313,212,boxed
/Users/vineelap/Documents/piglets_detection/piglet-detection-main/artifacts/label_samples/2026-07-10__10_00_07#M/track_880_f12070.jpg,3,92,150,164,250,boxed
/Users/vineelap/Documents/piglets_detection/piglet-detection-main/artifacts/label_samples/2026-07-10__10_00_07#M/track_1708_f17810.jpg,2,167,125,271,205,boxed
/Users/vineelap/Documents/piglets_detection/piglet-detection-main/artifacts/label_samples/2026-07-10__13_00_08#M/track_848_f10480.jpg,6,217,57,299,123,boxed
/Users/vineelap/Documents/piglets_detection/piglet-detection-main/artifacts/label_samples/2026-07-10__10_00_07#M/track_389_f8160.jpg,2,167,121,261,215,boxed
/Users/vineelap/Documents/piglets_detection/piglet-detection-main/artifacts/label_samples/2026-07-10__08_30_06#M/track_1064_f6280.jpg,12,66,199,172,338,boxed
/Users/vineelap/Documents/piglets_detection/piglet-detection-main/artifacts/label_samples/2026-07-10__10_00_07#M/track_1031_f13360.jpg,2,217,9,300,72,boxed
/Users/vineelap/Documents/piglets_detection/piglet-detection-main/artifacts/label_samples/2026-07-10__13_30_08#M/track_285_f1760.jpg,8,171,3,230,77,boxed
/Users/vineelap/Documents/piglets_detection/piglet-detection-main/artifacts/label_samples/2026-07-10__13_30_08#M/track_1553_f9470.jpg,11,118,246,224,383,boxed
/Users/vineelap/Documents/piglets_detection/piglet-detection-main/artifacts/label_samples/2026-07-14__16_00_06#M/track_1227.jpg,3,202,56,268,122,boxed
/Users/vineelap/Documents/piglets_detection/piglet-detection-main/artifacts/label_samples/2026-07-10__10_00_07#M/track_1389_f15730.jpg,10,199,5,284,69,boxed
/Users/vineelap/Documents/piglets_detection/piglet-detection-main/artifacts/label_samples/2026-07-11__09_30_06#M/track_2985_f19490.jpg,3,36,25,84,72,boxed
/Users/vineelap/Documents/piglets_detection/piglet-detection-main/artifacts/label_samples/2026-07-10__13_30_08#M/track_1049_f6820.jpg,6,100,16,171,69,boxed
/Users/vineelap/Documents/piglets_detection/piglet-detection-main/artifacts/label_samples/2026-07-11__09_30_06#M/track_1199_f9680.jpg,2,147,88,233,171,boxed
/Users/vineelap/Documents/piglets_detection/piglet-detection-main/artifacts/label_samples/2026-07-10__10_00_07#M/track_880_f12080.jpg,3,105,138,159,232,boxed
/Users/vineelap/Documents/piglets_detection/piglet-detection-main/artifacts/label_samples/2026-07-10__10_00_07#M/track_1431_f16150.jpg,11,211,12,289,95,boxed
/Users/vineelap/Documents/piglets_detection/piglet-detection-main/artifacts/label_samples/2026-07-10__13_00_08#M/track_1483_f18760.jpg,11,171,40,280,134,boxed
/Users/vineelap/Documents/piglets_detection/piglet-detection-main/artifacts/label_samples/2026-07-10__08_30_06#M/track_50_f180.jpg,13,162,77,276,206,boxed
/Users/vineelap/Documents/piglets_detection/piglet-detection-main/artifacts/label_samples/2026-07-10__13_00_08#M/track_854_f10600.jpg,12,138,51,283,139,boxed
/Users/vineelap/Documents/piglets_detection/piglet-detection-main/artifacts/label_samples/2026-07-10__10_00_07#M/track_1027_f13160.jpg,14,131,135,208,236,boxed
/Users/vineelap/Documents/piglets_detection/piglet-detection-main/artifacts/label_samples/2026-07-10__13_30_08#M/track_89_f600.jpg,8,188,96,259,148,boxed
/Users/vineelap/Documents/piglets_detection/piglet-detection-main/artifacts/label_samples/2026-07-10__08_30_06#M/track_1210_f7400.jpg,12,51,63,153,188,boxed
/Users/vineelap/Documents/piglets_detection/piglet-detection-main/artifacts/label_samples/2026-07-10__10_00_07#M/track_1638_f17400.jpg,13,141,133,219,225,boxed
/Users/vineelap/Documents/piglets_detection/piglet-detection-main/artifacts/label_samples/2026-07-11__09_30_06#M/track_2093_f14890.jpg,14,149,166,243,272,boxed
/Users/vineelap/Documents/piglets_detection/piglet-detection-main/artifacts/label_samples/2026-07-10__13_30_08#M/track_1553_f9500.jpg,11,92,122,187,269,boxed
/Users/vineelap/Documents/piglets_detection/piglet-detection-main/artifacts/label_samples/2026-07-11__09_30_06#M/track_2753_f17640.jpg,14,109,111,197,211,boxed
/Users/vineelap/Documents/piglets_detection/piglet-detection-main/artifacts/label_samples/2026-07-10__13_00_08#M/track_465_f9200.jpg,12,109,87,205,235,boxed
/Users/vineelap/Documents/piglets_detection/piglet-detection-main/artifacts/label_samples/2026-07-11__09_30_06#M/track_1612_f12270.jpg,3,89,114,184,191,boxed
/Users/vineelap/Documents/piglets_detection/piglet-detection-main/artifacts/label_samples/2026-07-10__13_30_08#M/track_24_f90.jpg,3,100,10,157,105,boxed
/Users/vineelap/Documents/piglets_detection/piglet-detection-main/artifacts/label_samples/2026-07-11__09_30_06#M/track_1007_f8600.jpg,11,54,154,160,270,boxed
/Users/vineelap/Documents/piglets_detection/piglet-detection-main/artifacts/label_samples/2026-07-10__08_30_06#M/track_1219_f7470.jpg,6,176,86,228,159,boxed
/Users/vineelap/Documents/piglets_detection/piglet-detection-main/artifacts/label_samples/2026-07-10__10_00_07#M/track_1964_f19450.jpg,13,170,9,241,62,boxed
/Users/vineelap/Documents/piglets_detection/piglet-detection-main/artifacts/label_samples/2026-07-10__13_30_08#M/track_736_f4840.jpg,12,123,156,230,274,boxed
/Users/vineelap/Documents/piglets_detection/piglet-detection-main/artifacts/label_samples/2026-07-10__10_00_07#M/track_1299_f15230.jpg,2,84,12,153,69,boxed
/Users/vineelap/Documents/piglets_detection/piglet-detection-main/artifacts/label_samples/2026-07-14__16_00_06#M/track_1699.jpg,1,40,95,94,154,boxed
/Users/vineelap/Documents/piglets_detection/piglet-detection-main/artifacts/label_samples/2026-07-10__10_00_07#M/track_1757_f18680.jpg,10,196,23,279,99,boxed
/Users/vineelap/Documents/piglets_detection/piglet-detection-main/artifacts/label_samples/2026-07-10__10_00_07#M/track_1693_f17800.jpg,8,47,243,125,318,boxed
/Users/vineelap/Documents/piglets_detection/piglet-detection-main/artifacts/label_samples/2026-07-10__08_30_06#M/track_785_f4320.jpg,13,167,18,293,125,boxed
/Users/vineelap/Documents/piglets_detection/piglet-detection-main/artifacts/label_samples/2026-07-10__10_00_07#M/track_1875_f18960.jpg,1,138,23,206,78,boxed
/Users/vineelap/Documents/piglets_detection/piglet-detection-main/artifacts/label_samples/2026-07-10__13_30_08#M/track_995_f6680.jpg,12,268,74,388,170,boxed
/Users/vineelap/Documents/piglets_detection/piglet-detection-main/artifacts/label_samples/2026-07-10__13_30_08#M/track_1110_f7220.jpg,11,48,75,139,157,boxed
/Users/vineelap/Documents/piglets_detection/piglet-detection-main/artifacts/label_samples/2026-07-11__09_30_06#M/track_2352_f16050.jpg,1,166,74,233,130,boxed
/Users/vineelap/Documents/piglets_detection/piglet-detection-main/artifacts/label_samples/2026-07-10__10_00_07#M/track_45_f1680.jpg,1,205,78,265,134,boxed
/Users/vineelap/Documents/piglets_detection/piglet-detection-main/artifacts/label_samples/2026-07-11__09_30_06#M/track_248_f1930.jpg,8,60,1,163,54,boxed
/Users/vineelap/Documents/piglets_detection/piglet-detection-main/artifacts/label_samples/2026-07-11__09_30_06#M/track_2637_f17230.jpg,10,154,195,264,301,boxed
/Users/vineelap/Documents/piglets_detection/piglet-detection-main/artifacts/label_samples/2026-07-10__08_30_06#M/track_433_f2160.jpg,6,238,59,313,125,boxed
/Users/vineelap/Documents/piglets_detection/piglet-detection-main/artifacts/label_samples/2026-07-10__13_30_08#M/track_973_f6620.jpg,14,144,161,245,246,boxed
/Users/vineelap/Documents/piglets_detection/piglet-detection-main/artifacts/label_samples/2026-07-11__09_30_06#M/track_23_f120.jpg,13,1,47,109,146,boxed
/Users/vineelap/Documents/piglets_detection/piglet-detection-main/artifacts/label_samples/2026-07-10__10_00_07#M/track_226_f6600.jpg,13,122,165,196,287,boxed
/Users/vineelap/Documents/piglets_detection/piglet-detection-main/artifacts/label_samples/2026-07-10__13_30_08#M/track_599_f3970.jpg,3,103,219,180,309,boxed
/Users/vineelap/Documents/piglets_detection/piglet-detection-main/artifacts/label_samples/2026-07-10__13_30_08#M/track_1031_f6760.jpg,8,73,148,140,207,boxed
/Users/vineelap/Documents/piglets_detection/piglet-detection-main/artifacts/label_samples/2026-07-10__13_00_08#M/track_415_f8990.jpg,8,149,87,210,168,boxed
/Users/vineelap/Documents/piglets_detection/piglet-detection-main/artifacts/label_samples/2026-07-10__10_00_07#M/track_1003_f13160.jpg,13,105,44,172,138,boxed
/Users/vineelap/Documents/piglets_detection/piglet-detection-main/artifacts/label_samples/2026-07-10__10_00_07#M/track_6_f90.jpg,11,18,167,118,281,boxed
/Users/vineelap/Documents/piglets_detection/piglet-detection-main/artifacts/label_samples/2026-07-10__08_30_06#M/track_960_f4980.jpg,13,10,28,78,91,boxed
/Users/vineelap/Documents/piglets_detection/piglet-detection-main/artifacts/label_samples/2026-07-11__09_30_06#M/track_2855_f18640.jpg,3,103,117,164,220,boxed
/Users/vineelap/Documents/piglets_detection/piglet-detection-main/artifacts/label_samples/2026-07-10__10_00_07#M/track_1174_f14190.jpg,13,47,169,146,265,boxed
/Users/vineelap/Documents/piglets_detection/piglet-detection-main/artifacts/label_samples/2026-07-10__13_30_08#M/track_447_f3190.jpg,11,197,14,278,96,boxed
/Users/vineelap/Documents/piglets_detection/piglet-detection-main/artifacts/label_samples/2026-07-11__09_30_06#M/track_1991_f14450.jpg,6,78,164,138,235,boxed
/Users/vineelap/Documents/piglets_detection/piglet-detection-main/artifacts/label_samples/2026-07-10__08_30_06#M/track_20_f80.jpg,12,98,134,195,270,boxed
/Users/vineelap/Documents/piglets_detection/piglet-detection-main/artifacts/label_samples/2026-07-10__08_30_06#M/track_891_f4480.jpg,12,114,172,226,267,boxed
/Users/vineelap/Documents/piglets_detection/piglet-detection-main/artifacts/label_samples/2026-07-10__10_00_07#M/track_557_f9450.jpg,6,,,,,skip
/Users/vineelap/Documents/piglets_detection/piglet-detection-main/artifacts/label_samples/2026-07-10__10_00_07#M/track_1349_f15550.jpg,10,219,83,298,154,boxed
/Users/vineelap/Documents/piglets_detection/piglet-detection-main/artifacts/label_samples/2026-07-10__10_00_07#M/track_319_f7800.jpg,2,279,140,383,209,boxed
/Users/vineelap/Documents/piglets_detection/piglet-detection-main/artifacts/label_samples/2026-07-10__10_00_07#M/track_445_f8520.jpg,10,205,149,323,265,boxed
/Users/vineelap/Documents/piglets_detection/piglet-detection-main/artifacts/label_samples/2026-07-10__08_30_06#M/track_1_f110.jpg,1,264,96,349,172,boxed
/Users/vineelap/Documents/piglets_detection/piglet-detection-main/artifacts/label_samples/2026-07-10__08_30_06#M/track_414_f2210.jpg,6,250,124,320,169,boxed
/Users/vineelap/Documents/piglets_detection/piglet-detection-main/artifacts/label_samples/2026-07-10__10_00_07#M/track_1280_f15040.jpg,14,13,92,122,183,boxed
/Users/vineelap/Documents/piglets_detection/piglet-detection-main/artifacts/label_samples/2026-07-10__13_30_08#M/track_1252_f7700.jpg,8,45,48,106,112,boxed
/Users/vineelap/Documents/piglets_detection/piglet-detection-main/artifacts/label_samples/2026-07-11__09_30_06#M/track_2977_f19560.jpg,2,155,84,229,175,boxed
/Users/vineelap/Documents/piglets_detection/piglet-detection-main/artifacts/label_samples/2026-07-11__09_30_06#M/track_2794_f17910.jpg,3,174,32,267,96,boxed
/Users/vineelap/Documents/piglets_detection/piglet-detection-main/artifacts/label_samples/2026-07-10__10_00_07#M/track_1310_f15290.jpg,12,95,159,184,279,boxed
/Users/vineelap/Documents/piglets_detection/piglet-detection-main/artifacts/label_samples/2026-07-10__10_00_07#M/track_339_f7760.jpg,1,149,36,208,87,boxed
/Users/vineelap/Documents/piglets_detection/piglet-detection-main/artifacts/label_samples/2026-07-10__10_00_07#M/track_1349_f15560.jpg,10,210,51,299,114,boxed
/Users/vineelap/Documents/piglets_detection/piglet-detection-main/artifacts/label_samples/2026-07-10__08_30_06#M/track_323_f1570.jpg,8,166,172,253,263,boxed
/Users/vineelap/Documents/piglets_detection/piglet-detection-main/artifacts/label_samples/2026-07-14__16_00_06#M/track_1074.jpg,9,168,3,204,39,boxed
/Users/vineelap/Documents/piglets_detection/piglet-detection-main/artifacts/label_samples/2026-07-11__09_30_06#M/track_1928_f13950.jpg,11,194,34,285,153,boxed
/Users/vineelap/Documents/piglets_detection/piglet-detection-main/artifacts/label_samples/2026-07-11__09_30_06#M/track_2575_f16600.jpg,2,185,43,272,88,boxed
/Users/vineelap/Documents/piglets_detection/piglet-detection-main/artifacts/label_samples/2026-07-10__08_30_06#M/track_50_f150.jpg,13,56,202,143,314,boxed
/Users/vineelap/Documents/piglets_detection/piglet-detection-main/artifacts/label_samples/2026-07-10__10_00_07#M/track_691_f10410.jpg,1,90,155,155,230,boxed
/Users/vineelap/Documents/piglets_detection/piglet-detection-main/artifacts/label_samples/2026-07-10__10_00_07#M/track_1525_f16730.jpg,13,147,35,237,95,boxed
/Users/vineelap/Documents/piglets_detection/piglet-detection-main/artifacts/label_samples/2026-07-11__09_30_06#M/track_678_f5620.jpg,8,253,120,316,183,boxed
/Users/vineelap/Documents/piglets_detection/piglet-detection-main/artifacts/label_samples/2026-07-11__09_30_06#M/track_589_f4640.jpg,2,71,68,127,129,boxed
/Users/vineelap/Documents/piglets_detection/piglet-detection-main/artifacts/label_samples/2026-07-10__13_30_08#M/track_451_f3020.jpg,14,4,15,83,83,boxed
/Users/vineelap/Documents/piglets_detection/piglet-detection-main/artifacts/label_samples/2026-07-11__09_30_06#M/track_3006_f19600.jpg,3,85,162,168,267,boxed
/Users/vineelap/Documents/piglets_detection/piglet-detection-main/artifacts/label_samples/2026-07-10__10_00_07#M/track_1917_f19120.jpg,3,,,,,skip
/Users/vineelap/Documents/piglets_detection/piglet-detection-main/artifacts/label_samples/2026-07-10__13_30_08#M/track_1269_f7810.jpg,3,78,24,136,90,boxed
/Users/vineelap/Documents/piglets_detection/piglet-detection-main/artifacts/label_samples/2026-07-10__10_00_07#M/track_6_f50.jpg,11,20,161,105,282,boxed
/Users/vineelap/Documents/piglets_detection/piglet-detection-main/artifacts/label_samples/2026-07-10__10_00_07#M/track_1292_f15290.jpg,2,103,163,189,266,boxed
/Users/vineelap/Documents/piglets_detection/piglet-detection-main/artifacts/label_samples/2026-07-10__13_00_08#M/track_1235_f15520.jpg,11,150,184,271,296,boxed
/Users/vineelap/Documents/piglets_detection/piglet-detection-main/artifacts/label_samples/2026-07-10__08_30_06#M/track_12_f30.jpg,2,79,214,154,308,boxed
/Users/vineelap/Documents/piglets_detection/piglet-detection-main/artifacts/label_samples/2026-07-10__10_00_07#M/track_901_f12270.jpg,6,161,151,210,222,boxed
/Users/vineelap/Documents/piglets_detection/piglet-detection-main/artifacts/label_samples/2026-07-10__10_00_07#M/track_367_f7910.jpg,2,214,48,332,129,boxed
/Users/vineelap/Documents/piglets_detection/piglet-detection-main/artifacts/label_samples/2026-07-10__13_00_08#M/track_854_f10500.jpg,12,166,20,290,138,boxed
/Users/vineelap/Documents/piglets_detection/piglet-detection-main/artifacts/label_samples/2026-07-11__09_30_06#M/track_1316_f10630.jpg,3,266,54,370,113,boxed
/Users/vineelap/Documents/piglets_detection/piglet-detection-main/artifacts/label_samples/2026-07-10__10_00_07#M/track_1280_f15030.jpg,14,49,92,133,206,boxed
/Users/vineelap/Documents/piglets_detection/piglet-detection-main/artifacts/label_samples/2026-07-10__13_00_08#M/track_695_f9730.jpg,6,244,129,328,220,boxed
/Users/vineelap/Documents/piglets_detection/piglet-detection-main/artifacts/label_samples/2026-07-10__10_00_07#M/track_1038_f13220.jpg,14,133,80,208,153,boxed
/Users/vineelap/Documents/piglets_detection/piglet-detection-main/artifacts/label_samples/2026-07-10__13_30_08#M/track_1104_f7030.jpg,6,11,45,69,118,boxed
/Users/vineelap/Documents/piglets_detection/piglet-detection-main/artifacts/label_samples/2026-07-11__09_30_06#M/track_1395_f11040.jpg,3,181,28,239,70,boxed
/Users/vineelap/Documents/piglets_detection/piglet-detection-main/artifacts/label_samples/2026-07-10__13_00_08#M/track_1427_f18270.jpg,14,2,33,94,104,boxed
/Users/vineelap/Documents/piglets_detection/piglet-detection-main/artifacts/label_samples/2026-07-11__09_30_06#M/track_2722_f17410.jpg,6,160,130,224,187,boxed
/Users/vineelap/Documents/piglets_detection/piglet-detection-main/artifacts/label_samples/2026-07-10__13_30_08#M/track_360_f2400.jpg,14,56,161,156,257,boxed
/Users/vineelap/Documents/piglets_detection/piglet-detection-main/artifacts/label_samples/2026-07-10__10_00_07#M/track_609_f9870.jpg,1,218,129,293,181,boxed
/Users/vineelap/Documents/piglets_detection/piglet-detection-main/artifacts/label_samples/2026-07-10__10_00_07#M/track_814_f11680.jpg,2,183,164,251,263,boxed
/Users/vineelap/Documents/piglets_detection/piglet-detection-main/artifacts/label_samples/2026-07-11__09_30_06#M/track_1742_f12920.jpg,6,164,176,235,243,boxed
/Users/vineelap/Documents/piglets_detection/piglet-detection-main/artifacts/label_samples/2026-07-10__13_00_08#M/track_1433_f18330.jpg,13,64,91,178,204,boxed
/Users/vineelap/Documents/piglets_detection/piglet-detection-main/artifacts/label_samples/2026-07-11__09_30_06#M/track_1777_f13140.jpg,11,125,65,227,149,boxed
/Users/vineelap/Documents/piglets_detection/piglet-detection-main/artifacts/label_samples/2026-07-10__13_30_08#M/track_1598_f9580.jpg,3,102,119,170,198,boxed
/Users/vineelap/Documents/piglets_detection/piglet-detection-main/artifacts/label_samples/2026-07-11__09_30_06#M/track_391_f2990.jpg,13,121,62,201,161,boxed
/Users/vineelap/Documents/piglets_detection/piglet-detection-main/artifacts/label_samples/2026-07-10__08_30_06#M/track_433_f2140.jpg,6,239,107,323,165,boxed
/Users/vineelap/Documents/piglets_detection/piglet-detection-main/artifacts/label_samples/2026-07-10__10_00_07#M/track_1566_f16900.jpg,11,244,106,328,186,boxed
/Users/vineelap/Documents/piglets_detection/piglet-detection-main/artifacts/label_samples/2026-07-10__10_00_07#M/track_1382_f15920.jpg,13,60,165,169,262,boxed
/Users/vineelap/Documents/piglets_detection/piglet-detection-main/artifacts/label_samples/2026-07-10__10_00_07#M/track_1102_f13770.jpg,2,168,69,260,130,boxed
/Users/vineelap/Documents/piglets_detection/piglet-detection-main/artifacts/label_samples/2026-07-10__08_30_06#M/track_945_f4950.jpg,6,253,93,344,180,boxed
/Users/vineelap/Documents/piglets_detection/piglet-detection-main/artifacts/label_samples/2026-07-11__09_30_06#M/track_1078_f8950.jpg,3,92,91,170,154,boxed
/Users/vineelap/Documents/piglets_detection/piglet-detection-main/artifacts/label_samples/2026-07-10__13_00_08#M/track_104_f3310.jpg,11,66,60,181,138,boxed
/Users/vineelap/Documents/piglets_detection/piglet-detection-main/artifacts/label_samples/2026-07-10__08_30_06#M/track_370_f1880.jpg,1,28,206,124,316,boxed
/Users/vineelap/Documents/piglets_detection/piglet-detection-main/artifacts/label_samples/2026-07-10__10_00_07#M/track_326_f7650.jpg,12,257,51,335,167,boxed
/Users/vineelap/Documents/piglets_detection/piglet-detection-main/artifacts/label_samples/2026-07-10__10_00_07#M/track_360_f7850.jpg,6,165,104,232,160,boxed
/Users/vineelap/Documents/piglets_detection/piglet-detection-main/artifacts/label_samples/2026-07-10__10_00_07#M/track_311_f7630.jpg,2,104,132,185,204,boxed
/Users/vineelap/Documents/piglets_detection/piglet-detection-main/artifacts/label_samples/2026-07-10__13_00_08#M/track_1565_f19250.jpg,2,130,52,212,134,boxed
/Users/vineelap/Documents/piglets_detection/piglet-detection-main/artifacts/label_samples/2026-07-10__10_00_07#M/track_901_f12240.jpg,6,174,144,233,233,boxed
/Users/vineelap/Documents/piglets_detection/piglet-detection-main/artifacts/label_samples/2026-07-11__09_30_06#M/track_2603_f16740.jpg,10,147,16,274,77,boxed
/Users/vineelap/Documents/piglets_detection/piglet-detection-main/artifacts/label_samples/2026-07-10__13_00_08#M/track_605_f9560.jpg,10,85,182,185,300,boxed
/Users/vineelap/Documents/piglets_detection/piglet-detection-main/artifacts/label_samples/2026-07-14__16_00_06#M/track_952.jpg,6,,,,,skip
/Users/vineelap/Documents/piglets_detection/piglet-detection-main/artifacts/label_samples/2026-07-11__09_30_06#M/track_2886_f18840.jpg,3,72,45,123,106,boxed
/Users/vineelap/Documents/piglets_detection/piglet-detection-main/artifacts/label_samples/2026-07-10__10_00_07#M/track_1105_f13700.jpg,3,155,8,240,41,boxed
/Users/vineelap/Documents/piglets_detection/piglet-detection-main/artifacts/label_samples/2026-07-10__13_30_08#M/track_750_f4930.jpg,11,168,55,263,144,boxed
/Users/vineelap/Documents/piglets_detection/piglet-detection-main/artifacts/label_samples/2026-07-10__13_00_08#M/track_1552_f19200.jpg,8,216,3,311,53,boxed
/Users/vineelap/Documents/piglets_detection/piglet-detection-main/artifacts/label_samples/2026-07-11__09_30_06#M/track_2790_f18880.jpg,2,96,18,175,85,boxed
/Users/vineelap/Documents/piglets_detection/piglet-detection-main/artifacts/label_samples/2026-07-11__09_30_06#M/track_2054_f14720.jpg,2,107,214,184,302,boxed
/Users/vineelap/Documents/piglets_detection/piglet-detection-main/artifacts/label_samples/2026-07-10__10_00_07#M/track_493_f9080.jpg,11,59,149,149,219,boxed
/Users/vineelap/Documents/piglets_detection/piglet-detection-main/artifacts/label_samples/2026-07-11__09_30_06#M/track_1953_f14270.jpg,6,107,182,191,248,boxed
/Users/vineelap/Documents/piglets_detection/piglet-detection-main/artifacts/label_samples/2026-07-10__13_00_08#M/track_784_f10200.jpg,8,92,148,188,231,boxed
/Users/vineelap/Documents/piglets_detection/piglet-detection-main/artifacts/label_samples/2026-07-11__09_30_06#M/track_2070_f14810.jpg,8,175,191,252,257,boxed
/Users/vineelap/Documents/piglets_detection/piglet-detection-main/artifacts/label_samples/2026-07-10__10_00_07#M/track_1349_f15680.jpg,10,212,31,298,101,boxed
/Users/vineelap/Documents/piglets_detection/piglet-detection-main/artifacts/label_samples/2026-07-10__13_00_08#M/track_1570_f19440.jpg,11,210,138,301,262,boxed
/Users/vineelap/Documents/piglets_detection/piglet-detection-main/artifacts/label_samples/2026-07-11__09_30_06#M/track_2113_f14940.jpg,2,225,89,303,175,boxed
/Users/vineelap/Documents/piglets_detection/piglet-detection-main/artifacts/label_samples/2026-07-10__13_00_08#M/track_416_f9030.jpg,11,121,204,209,334,boxed
/Users/vineelap/Documents/piglets_detection/piglet-detection-main/artifacts/label_samples/2026-07-10__10_00_07#M/track_1242_f14680.jpg,10,213,12,282,63,boxed
/Users/vineelap/Documents/piglets_detection/piglet-detection-main/artifacts/label_samples/2026-07-11__09_30_06#M/track_1359_f10810.jpg,2,139,160,220,227,boxed
/Users/vineelap/Documents/piglets_detection/piglet-detection-main/artifacts/label_samples/2026-07-11__09_30_06#M/track_1612_f12230.jpg,3,71,125,144,207,boxed
/Users/vineelap/Documents/piglets_detection/piglet-detection-main/artifacts/label_samples/2026-07-10__13_00_08#M/track_675_f9750.jpg,3,72,140,147,211,boxed
/Users/vineelap/Documents/piglets_detection/piglet-detection-main/artifacts/label_samples/2026-07-10__10_00_07#M/track_1031_f13350.jpg,2,,,,,skip
/Users/vineelap/Documents/piglets_detection/piglet-detection-main/artifacts/label_samples/2026-07-10__10_00_07#M/track_1105_f13660.jpg,3,140,174,210,273,boxed
/Users/vineelap/Documents/piglets_detection/piglet-detection-main/artifacts/label_samples/2026-07-10__13_30_08#M/track_775_f5360.jpg,8,47,157,124,233,boxed
/Users/vineelap/Documents/piglets_detection/piglet-detection-main/artifacts/label_samples/2026-07-11__09_30_06#M/track_1975_f14290.jpg,3,105,14,190,84,boxed
/Users/vineelap/Documents/piglets_detection/piglet-detection-main/artifacts/label_samples/2026-07-10__10_00_07#M/track_1489_f16360.jpg,2,147,101,237,180,boxed
/Users/vineelap/Documents/piglets_detection/piglet-detection-main/artifacts/label_samples/2026-07-10__10_00_07#M/track_860_f11950.jpg,10,164,56,244,125,boxed
/Users/vineelap/Documents/piglets_detection/piglet-detection-main/artifacts/label_samples/2026-07-10__10_00_07#M/track_716_f10580.jpg,12,91,153,175,245,boxed
/Users/vineelap/Documents/piglets_detection/piglet-detection-main/artifacts/label_samples/2026-07-11__09_30_06#M/track_2446_f16330.jpg,10,34,234,134,360,boxed
/Users/vineelap/Documents/piglets_detection/piglet-detection-main/artifacts/label_samples/2026-07-10__10_00_07#M/track_384_f7980.jpg,2,,,,,skip
/Users/vineelap/Documents/piglets_detection/piglet-detection-main/artifacts/label_samples/2026-07-10__08_30_06#M/track_895_f4500.jpg,6,225,141,315,187,boxed
/Users/vineelap/Documents/piglets_detection/piglet-detection-main/artifacts/label_samples/2026-07-10__13_00_08#M/track_710_f9920.jpg,8,131,217,203,324,boxed
/Users/vineelap/Documents/piglets_detection/piglet-detection-main/artifacts/label_samples/2026-07-10__10_00_07#M/track_906_f12360.jpg,10,213,24,293,88,boxed
/Users/vineelap/Documents/piglets_detection/piglet-detection-main/artifacts/label_samples/2026-07-10__13_00_08#M/track_819_f10320.jpg,6,161,82,242,150,boxed
/Users/vineelap/Documents/piglets_detection/piglet-detection-main/artifacts/label_samples/2026-07-11__09_30_06#M/track_1424_f11460.jpg,2,183,73,268,122,boxed
/Users/vineelap/Documents/piglets_detection/piglet-detection-main/artifacts/label_samples/2026-07-11__09_30_06#M/track_4_f120.jpg,13,85,118,173,224,boxed
/Users/vineelap/Documents/piglets_detection/piglet-detection-main/artifacts/label_samples/2026-07-10__08_30_06#M/track_1063_f6270.jpg,6,163,205,219,295,boxed
/Users/vineelap/Documents/piglets_detection/piglet-detection-main/artifacts/label_samples/2026-07-10__13_30_08#M/track_1729_f10400.jpg,6,177,136,262,202,boxed
/Users/vineelap/Documents/piglets_detection/piglet-detection-main/artifacts/label_samples/2026-07-10__10_00_07#M/track_1123_f13890.jpg,3,104,130,171,208,boxed
/Users/vineelap/Documents/piglets_detection/piglet-detection-main/artifacts/label_samples/2026-07-10__08_30_06#M/track_1219_f7480.jpg,6,173,126,227,213,boxed
/Users/vineelap/Documents/piglets_detection/piglet-detection-main/artifacts/label_samples/2026-07-11__09_30_06#M/track_2077_f14890.jpg,11,24,42,105,99,boxed
/Users/vineelap/Documents/piglets_detection/piglet-detection-main/artifacts/label_samples/2026-07-10__08_30_06#M/track_895_f4490.jpg,6,232,99,300,163,boxed
/Users/vineelap/Documents/piglets_detection/piglet-detection-main/artifacts/label_samples/2026-07-10__13_00_08#M/track_104_f3320.jpg,11,168,55,282,166,boxed
/Users/vineelap/Documents/piglets_detection/piglet-detection-main/artifacts/label_samples/2026-07-11__09_30_06#M/track_1734_f12820.jpg,11,181,144,271,251,boxed
/Users/vineelap/Documents/piglets_detection/piglet-detection-main/artifacts/label_samples/2026-07-10__13_30_08#M/track_744_f4870.jpg,8,88,211,175,281,boxed
/Users/vineelap/Documents/piglets_detection/piglet-detection-main/artifacts/label_samples/2026-07-14__16_00_06#M/track_645.jpg,9,126,180,202,274,boxed
/Users/vineelap/Documents/piglets_detection/piglet-detection-main/artifacts/label_samples/2026-07-11__09_30_06#M/track_2122_f14970.jpg,3,127,75,223,148,boxed
/Users/vineelap/Documents/piglets_detection/piglet-detection-main/artifacts/label_samples/2026-07-10__10_00_07#M/track_495_f8920.jpg,13,233,39,325,134,boxed
/Users/vineelap/Documents/piglets_detection/piglet-detection-main/artifacts/label_samples/2026-07-11__09_30_06#M/track_439_f3230.jpg,8,116,192,212,271,boxed
/Users/vineelap/Documents/piglets_detection/piglet-detection-main/artifacts/label_samples/2026-07-10__13_00_08#M/track_604_f9610.jpg,6,83,94,152,181,boxed
/Users/vineelap/Documents/piglets_detection/piglet-detection-main/artifacts/label_samples/2026-07-10__13_30_08#M/track_589_f3680.jpg,14,138,1,211,63,boxed
/Users/vineelap/Documents/piglets_detection/piglet-detection-main/artifacts/label_samples/2026-07-10__10_00_07#M/track_1168_f14120.jpg,10,202,103,274,177,boxed
/Users/vineelap/Documents/piglets_detection/piglet-detection-main/artifacts/label_samples/2026-07-11__09_30_06#M/track_2271_f15720.jpg,3,146,40,221,120,boxed
/Users/vineelap/Documents/piglets_detection/piglet-detection-main/artifacts/label_samples/2026-07-11__09_30_06#M/track_1022_f8610.jpg,2,160,78,217,156,boxed
/Users/vineelap/Documents/piglets_detection/piglet-detection-main/artifacts/label_samples/2026-07-10__10_00_07#M/track_100_f3200.jpg,8,134,285,212,387,boxed
/Users/vineelap/Documents/piglets_detection/piglet-detection-main/artifacts/label_samples/2026-07-10__10_00_07#M/track_1153_f14100.jpg,10,187,28,280,92,boxed
/Users/vineelap/Documents/piglets_detection/piglet-detection-main/artifacts/label_samples/2026-07-10__13_00_08#M/track_460_f9150.jpg,2,82,234,155,356,boxed
/Users/vineelap/Documents/piglets_detection/piglet-detection-main/artifacts/label_samples/2026-07-10__10_00_07#M/track_1546_f16780.jpg,14,154,75,224,156,boxed
/Users/vineelap/Documents/piglets_detection/piglet-detection-main/artifacts/label_samples/2026-07-11__09_30_06#M/track_2994_f19680.jpg,6,189,161,246,239,boxed
/Users/vineelap/Documents/piglets_detection/piglet-detection-main/artifacts/label_samples/2026-07-11__09_30_06#M/track_1926_f13930.jpg,8,106,181,221,282,boxed
/Users/vineelap/Documents/piglets_detection/piglet-detection-main/artifacts/label_samples/2026-07-10__10_00_07#M/track_951_f12590.jpg,2,90,129,172,219,boxed
/Users/vineelap/Documents/piglets_detection/piglet-detection-main/artifacts/label_samples/2026-07-11__09_30_06#M/track_589_f4770.jpg,2,143,122,210,211,boxed
/Users/vineelap/Documents/piglets_detection/piglet-detection-main/artifacts/label_samples/2026-07-10__10_00_07#M/track_1130_f13880.jpg,2,147,92,245,146,boxed
/Users/vineelap/Documents/piglets_detection/piglet-detection-main/artifacts/label_samples/2026-07-10__10_00_07#M/track_1451_f16210.jpg,11,150,150,210,233,boxed
/Users/vineelap/Documents/piglets_detection/piglet-detection-main/artifacts/label_samples/2026-07-10__13_00_08#M/track_1486_f18760.jpg,13,111,147,206,239,boxed
/Users/vineelap/Documents/piglets_detection/piglet-detection-main/artifacts/label_samples/2026-07-10__10_00_07#M/track_1448_f16160.jpg,11,127,151,201,220,boxed
/Users/vineelap/Documents/piglets_detection/piglet-detection-main/artifacts/label_samples/2026-07-11__09_30_06#M/track_1599_f12080.jpg,14,100,71,183,160,boxed
/Users/vineelap/Documents/piglets_detection/piglet-detection-main/artifacts/label_samples/2026-07-10__10_00_07#M/track_691_f10400.jpg,1,124,95,187,167,boxed
/Users/vineelap/Documents/piglets_detection/piglet-detection-main/artifacts/label_samples/2026-07-11__09_30_06#M/track_2750_f17690.jpg,10,132,136,225,242,boxed
/Users/vineelap/Documents/piglets_detection/piglet-detection-main/artifacts/label_samples/2026-07-10__13_30_08#M/track_1110_f7120.jpg,11,70,45,151,147,boxed
/Users/vineelap/Documents/piglets_detection/piglet-detection-main/artifacts/label_samples/2026-07-11__09_30_06#M/track_1088_f9020.jpg,2,184,132,278,216,boxed
/Users/vineelap/Documents/piglets_detection/piglet-detection-main/artifacts/label_samples/2026-07-10__13_00_08#M/track_419_f9000.jpg,3,95,101,192,194,boxed
/Users/vineelap/Documents/piglets_detection/piglet-detection-main/artifacts/label_samples/2026-07-10__13_30_08#M/track_1907_f12440.jpg,8,242,43,321,112,boxed
/Users/vineelap/Documents/piglets_detection/piglet-detection-main/artifacts/label_samples/2026-07-11__09_30_06#M/track_1298_f10510.jpg,3,101,172,160,256,boxed
/Users/vineelap/Documents/piglets_detection/piglet-detection-main/artifacts/label_samples/2026-07-11__09_30_06#M/track_1627_f12430.jpg,6,187,40,271,84,boxed
/Users/vineelap/Documents/piglets_detection/piglet-detection-main/artifacts/label_samples/2026-07-10__13_00_08#M/track_1025_f11800.jpg,12,153,148,260,300,boxed
/Users/vineelap/Documents/piglets_detection/piglet-detection-main/artifacts/label_samples/2026-07-10__08_30_06#M/track_450_f2170.jpg,2,205,21,282,90,boxed
/Users/vineelap/Documents/piglets_detection/piglet-detection-main/artifacts/label_samples/2026-07-10__13_30_08#M/track_1528_f9290.jpg,14,120,201,223,303,boxed
