image_path,pig_id,digit,digit_index,x1,y1,x2,y2,status
/Users/vineelap/Documents/piglets_detection/piglet-detection-main/artifacts/label_samples/2026-07-10__10_00_07#M/track_744_f10860.jpg,3,3,0,254,24,330,88,boxed
/Users/vineelap/Documents/piglets_detection/piglet-detection-main/artifacts/label_samples/2026-07-11__09_30_06#M/track_1479_f11500.jpg,3,3,0,169,59,248,92,boxed
/Users/vineelap/Documents/piglets_detection/piglet-detection-main/artifacts/label_samples/2026-07-10__10_00_07#M/track_853_f12100.jpg,2,2,0,187,72,260,103,boxed
/Users/vineelap/Documents/piglets_detection/piglet-detection-main/artifacts/label_samples/2026-07-10__13_00_08#M/track_408_f8940.jpg,8,8,0,233,66,295,109,boxed
/Users/vineelap/Documents/piglets_detection/piglet-detection-main/artifacts/label_samples/2026-07-10__08_30_06#M/track_1186_f7300.jpg,6,6,0,70,149,137,227,boxed
/Users/vineelap/Documents/piglets_detection/piglet-detection-main/artifacts/label_samples/2026-07-10__10_00_07#M/track_1195_f14510.jpg,2,2,0,108,186,177,276,boxed
/Users/vineelap/Documents/piglets_detection/piglet-detection-main/artifacts/label_samples/2026-07-11__09_30_06#M/track_1240_f10510.jpg,6,6,0,194,215,263,284,boxed
/Users/vineelap/Documents/piglets_detection/piglet-detection-main/artifacts/label_samples/2026-07-10__10_00_07#M/track_966_f12730.jpg,3,3,0,177,118,261,189,boxed
/Users/vineelap/Documents/piglets_detection/piglet-detection-main/artifacts/label_samples/2026-07-10__10_00_07#M/track_735_f10770.jpg,1,1,0,32,193,105,245,boxed
/Users/vineelap/Documents/piglets_detection/piglet-detection-main/artifacts/label_samples/2026-07-11__09_30_06#M/track_2090_f14940.jpg,3,3,0,96,106,178,198,boxed
/Users/vineelap/Documents/piglets_detection/piglet-detection-main/artifacts/label_samples/2026-07-10__08_30_06#M/track_416_f2010.jpg,2,2,0,98,3,169,57,boxed
/Users/vineelap/Documents/piglets_detection/piglet-detection-main/artifacts/label_samples/2026-07-11__09_30_06#M/track_2344_f15970.jpg,2,2,0,176,54,285,132,boxed
/Users/vineelap/Documents/piglets_detection/piglet-detection-main/artifacts/label_samples/2026-07-11__09_30_06#M/track_382_f2920.jpg,8,8,0,207,185,272,250,boxed
/Users/vineelap/Documents/piglets_detection/piglet-detection-main/artifacts/label_samples/2026-07-10__13_00_08#M/track_417_f9120.jpg,1,1,0,136,206,191,272,boxed
/Users/vineelap/Documents/piglets_detection/piglet-detection-main/artifacts/label_samples/2026-07-10__10_00_07#M/track_791_f11260.jpg,3,3,0,178,70,261,134,boxed
/Users/vineelap/Documents/piglets_detection/piglet-detection-main/artifacts/label_samples/2026-07-10__13_30_08#M/track_1734_f11480.jpg,8,8,0,222,45,284,89,boxed
/Users/vineelap/Documents/piglets_detection/piglet-detection-main/artifacts/label_samples/2026-07-10__13_30_08#M/track_182_f900.jpg,8,8,0,257,199,343,270,boxed
/Users/vineelap/Documents/piglets_detection/piglet-detection-main/artifacts/label_samples/2026-07-10__10_00_07#M/track_1863_f18770.jpg,8,8,0,100,125,195,208,boxed
/Users/vineelap/Documents/piglets_detection/piglet-detection-main/artifacts/label_samples/2026-07-10__08_30_06#M/track_940_f4860.jpg,8,8,0,96,116,177,178,boxed
/Users/vineelap/Documents/piglets_detection/piglet-detection-main/artifacts/label_samples/2026-07-10__13_30_08#M/track_334_f2020.jpg,8,8,0,199,59,270,122,boxed
/Users/vineelap/Documents/piglets_detection/piglet-detection-main/artifacts/label_samples/2026-07-14__16_00_06#M/track_646.jpg,6,6,0,88,148,187,246,boxed
/Users/vineelap/Documents/piglets_detection/piglet-detection-main/artifacts/label_samples/2026-07-10__10_00_07#M/track_791_f11270.jpg,3,3,0,168,81,249,138,boxed
/Users/vineelap/Documents/piglets_detection/piglet-detection-main/artifacts/label_samples/2026-07-10__13_30_08#M/track_941_f6430.jpg,6,6,0,117,167,211,242,boxed
/Users/vineelap/Documents/piglets_detection/piglet-detection-main/artifacts/label_samples/2026-07-10__13_00_08#M/track_1609_f19650.jpg,6,6,0,254,28,347,71,boxed
/Users/vineelap/Documents/piglets_detection/piglet-detection-main/artifacts/label_samples/2026-07-10__13_30_08#M/track_1588_f9570.jpg,6,6,0,54,215,119,296,boxed
/Users/vineelap/Documents/piglets_detection/piglet-detection-main/artifacts/label_samples/2026-07-10__10_00_07#M/track_793_f11220.jpg,1,1,0,141,203,218,267,boxed
/Users/vineelap/Documents/piglets_detection/piglet-detection-main/artifacts/label_samples/2026-07-11__09_30_06#M/track_1359_f10820.jpg,2,2,0,151,159,236,242,boxed
/Users/vineelap/Documents/piglets_detection/piglet-detection-main/artifacts/label_samples/2026-07-11__09_30_06#M/track_2316_f15930.jpg,2,2,0,183,29,271,67,boxed
/Users/vineelap/Documents/piglets_detection/piglet-detection-main/artifacts/label_samples/2026-07-10__13_30_08#M/track_744_f4880.jpg,8,8,0,123,203,194,276,boxed
/Users/vineelap/Documents/piglets_detection/piglet-detection-main/artifacts/label_samples/2026-07-11__09_30_06#M/track_382_f2880.jpg,8,8,0,160,151,250,232,boxed
/Users/vineelap/Documents/piglets_detection/piglet-detection-main/artifacts/label_samples/2026-07-10__13_30_08#M/track_1104_f7000.jpg,6,6,0,47,48,98,96,boxed
/Users/vineelap/Documents/piglets_detection/piglet-detection-main/artifacts/label_samples/2026-07-10__08_30_06#M/track_857_f4440.jpg,8,8,0,200,177,292,243,boxed
/Users/vineelap/Documents/piglets_detection/piglet-detection-main/artifacts/label_samples/2026-07-10__13_30_08#M/track_570_f3550.jpg,3,3,0,75,236,146,318,boxed
/Users/vineelap/Documents/piglets_detection/piglet-detection-main/artifacts/label_samples/2026-07-10__13_30_08#M/track_934_f6280.jpg,1,1,0,58,190,137,268,boxed
/Users/vineelap/Documents/piglets_detection/piglet-detection-main/artifacts/label_samples/2026-07-10__13_30_08#M/track_1686_f10030.jpg,3,3,0,82,188,134,282,boxed
/Users/vineelap/Documents/piglets_detection/piglet-detection-main/artifacts/label_samples/2026-07-10__13_30_08#M/track_337_f2070.jpg,6,6,0,150,73,230,141,boxed
/Users/vineelap/Documents/piglets_detection/piglet-detection-main/artifacts/label_samples/2026-07-11__09_30_06#M/track_665_f5120.jpg,3,3,0,58,170,152,292,boxed
/Users/vineelap/Documents/piglets_detection/piglet-detection-main/artifacts/label_samples/2026-07-10__13_00_08#M/track_773_f10090.jpg,3,3,0,208,54,297,129,boxed
/Users/vineelap/Documents/piglets_detection/piglet-detection-main/artifacts/label_samples/2026-07-10__13_30_08#M/track_1081_f7090.jpg,8,8,0,242,73,321,131,boxed
/Users/vineelap/Documents/piglets_detection/piglet-detection-main/artifacts/label_samples/2026-07-10__13_30_08#M/track_1215_f7540.jpg,6,6,0,179,109,264,162,boxed
/Users/vineelap/Documents/piglets_detection/piglet-detection-main/artifacts/label_samples/2026-07-10__13_30_08#M/track_775_f5370.jpg,8,8,0,31,159,92,230,boxed
/Users/vineelap/Documents/piglets_detection/piglet-detection-main/artifacts/label_samples/2026-07-10__10_00_07#M/track_940_f12620.jpg,1,1,0,129,143,224,215,boxed
/Users/vineelap/Documents/piglets_detection/piglet-detection-main/artifacts/label_samples/2026-07-11__09_30_06#M/track_272_f2030.jpg,8,8,0,75,23,143,81,boxed
/Users/vineelap/Documents/piglets_detection/piglet-detection-main/artifacts/label_samples/2026-07-11__09_30_06#M/track_1640_f12350.jpg,3,3,0,104,41,170,121,boxed
/Users/vineelap/Documents/piglets_detection/piglet-detection-main/artifacts/label_samples/2026-07-10__10_00_07#M/track_311_f7570.jpg,2,2,0,34,84,99,160,boxed
/Users/vineelap/Documents/piglets_detection/piglet-detection-main/artifacts/label_samples/2026-07-10__13_00_08#M/track_913_f10840.jpg,6,6,0,87,280,166,369,boxed
/Users/vineelap/Documents/piglets_detection/piglet-detection-main/artifacts/label_samples/2026-07-11__09_30_06#M/track_1859_f13650.jpg,8,8,0,114,75,202,117,boxed
/Users/vineelap/Documents/piglets_detection/piglet-detection-main/artifacts/label_samples/2026-07-11__09_30_06#M/track_2977_f19570.jpg,2,2,0,140,85,224,157,boxed
/Users/vineelap/Documents/piglets_detection/piglet-detection-main/artifacts/label_samples/2026-07-10__13_30_08#M/track_941_f6440.jpg,6,6,0,154,187,243,278,boxed
/Users/vineelap/Documents/piglets_detection/piglet-detection-main/artifacts/label_samples/2026-07-10__13_30_08#M/track_1507_f9320.jpg,6,6,0,265,109,370,164,boxed
/Users/vineelap/Documents/piglets_detection/piglet-detection-main/artifacts/label_samples/2026-07-10__10_00_07#M/track_901_f12250.jpg,6,6,0,176,128,223,204,boxed
/Users/vineelap/Documents/piglets_detection/piglet-detection-main/artifacts/label_samples/2026-07-11__09_30_06#M/track_651_f5110.jpg,2,2,0,134,3,201,53,boxed
/Users/vineelap/Documents/piglets_detection/piglet-detection-main/artifacts/label_samples/2026-07-11__09_30_06#M/track_1998_f14560.jpg,2,2,0,222,129,295,190,boxed
/Users/vineelap/Documents/piglets_detection/piglet-detection-main/artifacts/label_samples/2026-07-10__10_00_07#M/track_1489_f16520.jpg,2,2,0,74,138,133,233,boxed
/Users/vineelap/Documents/piglets_detection/piglet-detection-main/artifacts/label_samples/2026-07-10__10_00_07#M/track_502_f9020.jpg,2,2,0,156,17,246,50,boxed
/Users/vineelap/Documents/piglets_detection/piglet-detection-main/artifacts/label_samples/2026-07-11__09_30_06#M/track_267_f2000.jpg,6,6,0,220,64,320,108,boxed
/Users/vineelap/Documents/piglets_detection/piglet-detection-main/artifacts/label_samples/2026-07-10__13_30_08#M/track_1215_f7550.jpg,6,6,0,162,184,235,262,boxed
/Users/vineelap/Documents/piglets_detection/piglet-detection-main/artifacts/label_samples/2026-07-10__13_00_08#M/track_330_f8800.jpg,1,1,0,132,240,212,325,boxed
/Users/vineelap/Documents/piglets_detection/piglet-detection-main/artifacts/label_samples/2026-07-10__10_00_07#M/track_68_f2520.jpg,8,8,0,220,37,296,91,boxed
/Users/vineelap/Documents/piglets_detection/piglet-detection-main/artifacts/label_samples/2026-07-10__10_00_07#M/track_1195_f14530.jpg,2,2,0,180,98,275,166,boxed
/Users/vineelap/Documents/piglets_detection/piglet-detection-main/artifacts/label_samples/2026-07-10__13_00_08#M/track_422_f9030.jpg,6,6,0,113,195,174,260,boxed
/Users/vineelap/Documents/piglets_detection/piglet-detection-main/artifacts/label_samples/2026-07-10__10_00_07#M/track_134_f3700.jpg,1,1,0,123,27,194,83,boxed
/Users/vineelap/Documents/piglets_detection/piglet-detection-main/artifacts/label_samples/2026-07-10__13_30_08#M/track_399_f2860.jpg,6,6,0,197,154,276,234,boxed
/Users/vineelap/Documents/piglets_detection/piglet-detection-main/artifacts/label_samples/2026-07-11__09_30_06#M/track_2149_f15060.jpg,6,6,0,87,79,152,126,boxed
/Users/vineelap/Documents/piglets_detection/piglet-detection-main/artifacts/label_samples/2026-07-11__09_30_06#M/track_1027_f8660.jpg,3,3,0,106,111,187,205,boxed
/Users/vineelap/Documents/piglets_detection/piglet-detection-main/artifacts/label_samples/2026-07-10__13_00_08#M/track_604_f9620.jpg,6,6,0,70,68,141,121,boxed
/Users/vineelap/Documents/piglets_detection/piglet-detection-main/artifacts/label_samples/2026-07-11__09_30_06#M/track_617_f4800.jpg,6,6,0,85,215,156,304,boxed
/Users/vineelap/Documents/piglets_detection/piglet-detection-main/artifacts/label_samples/2026-07-10__08_30_06#M/track_446_f2130.jpg,6,6,0,288,110,367,170,boxed
/Users/vineelap/Documents/piglets_detection/piglet-detection-main/artifacts/label_samples/2026-07-11__09_30_06#M/track_1749_f13000.jpg,3,3,0,101,91,205,156,boxed
/Users/vineelap/Documents/piglets_detection/piglet-detection-main/artifacts/label_samples/2026-07-10__10_00_07#M/track_1123_f13900.jpg,3,3,0,88,131,168,210,boxed
/Users/vineelap/Documents/piglets_detection/piglet-detection-main/artifacts/label_samples/2026-07-10__10_00_07#M/track_1326_f15330.jpg,2,2,0,155,111,285,165,boxed
/Users/vineelap/Documents/piglets_detection/piglet-detection-main/artifacts/label_samples/2026-07-10__13_00_08#M/track_1565_f19270.jpg,2,2,0,101,202,196,322,boxed
/Users/vineelap/Documents/piglets_detection/piglet-detection-main/artifacts/label_samples/2026-07-10__13_30_08#M/track_263_f1550.jpg,8,8,0,159,212,238,279,boxed
/Users/vineelap/Documents/piglets_detection/piglet-detection-main/artifacts/label_samples/2026-07-11__09_30_06#M/track_1485_f11590.jpg,2,2,0,159,183,235,266,boxed
/Users/vineelap/Documents/piglets_detection/piglet-detection-main/artifacts/label_samples/2026-07-11__09_30_06#M/track_2355_f15990.jpg,3,3,0,106,112,175,192,boxed
/Users/vineelap/Documents/piglets_detection/piglet-detection-main/artifacts/label_samples/2026-07-11__09_30_06#M/track_2794_f17900.jpg,3,3,0,139,145,233,222,boxed
/Users/vineelap/Documents/piglets_detection/piglet-detection-main/artifacts/label_samples/2026-07-10__10_00_07#M/track_522_f9240.jpg,8,8,0,107,209,177,284,boxed
/Users/vineelap/Documents/piglets_detection/piglet-detection-main/artifacts/label_samples/2026-07-10__13_00_08#M/track_1553_f19140.jpg,2,2,0,75,44,120,116,boxed
/Users/vineelap/Documents/piglets_detection/piglet-detection-main/artifacts/label_samples/2026-07-10__10_00_07#M/track_758_f10960.jpg,2,2,0,132,99,203,154,boxed
/Users/vineelap/Documents/piglets_detection/piglet-detection-main/artifacts/label_samples/2026-07-10__10_00_07#M/track_951_f12580.jpg,2,2,0,58,63,114,156,boxed
/Users/vineelap/Documents/piglets_detection/piglet-detection-main/artifacts/label_samples/2026-07-14__16_00_06#M/track_656.jpg,1,1,0,237,130,280,171,boxed
/Users/vineelap/Documents/piglets_detection/piglet-detection-main/artifacts/label_samples/2026-07-10__13_30_08#M/track_1720_f10320.jpg,6,6,0,170,213,242,290,boxed
/Users/vineelap/Documents/piglets_detection/piglet-detection-main/artifacts/label_samples/2026-07-10__10_00_07#M/track_748_f10880.jpg,2,2,0,122,142,211,208,boxed
/Users/vineelap/Documents/piglets_detection/piglet-detection-main/artifacts/label_samples/2026-07-10__13_00_08#M/track_710_f9980.jpg,8,8,0,205,162,275,229,boxed
/Users/vineelap/Documents/piglets_detection/piglet-detection-main/artifacts/label_samples/2026-07-10__13_30_08#M/track_974_f6600.jpg,8,8,0,234,168,332,254,boxed
/Users/vineelap/Documents/piglets_detection/piglet-detection-main/artifacts/label_samples/2026-07-11__09_30_06#M/track_1945_f14030.jpg,2,2,0,28,246,115,314,boxed
/Users/vineelap/Documents/piglets_detection/piglet-detection-main/artifacts/label_samples/2026-07-14__16_00_06#M/track_1062.jpg,3,3,0,150,51,208,97,boxed
/Users/vineelap/Documents/piglets_detection/piglet-detection-main/artifacts/label_samples/2026-07-11__09_30_06#M/track_1727_f12730.jpg,2,2,0,158,93,194,160,boxed
/Users/vineelap/Documents/piglets_detection/piglet-detection-main/artifacts/label_samples/2026-07-11__09_30_06#M/track_1504_f11730.jpg,2,2,0,100,48,139,148,boxed
/Users/vineelap/Documents/piglets_detection/piglet-detection-main/artifacts/label_samples/2026-07-10__08_30_06#M/track_1318_f8490.jpg,6,6,0,143,142,204,192,boxed
/Users/vineelap/Documents/piglets_detection/piglet-detection-main/artifacts/label_samples/2026-07-10__10_00_07#M/track_707_f10470.jpg,1,1,0,154,45,216,95,boxed
/Users/vineelap/Documents/piglets_detection/piglet-detection-main/artifacts/label_samples/2026-07-10__10_00_07#M/track_1517_f16650.jpg,1,1,0,69,108,137,181,boxed
/Users/vineelap/Documents/piglets_detection/piglet-detection-main/artifacts/label_samples/2026-07-11__09_30_06#M/track_1269_f10440.jpg,3,3,0,98,81,171,147,boxed
/Users/vineelap/Documents/piglets_detection/piglet-detection-main/artifacts/label_samples/2026-07-10__10_00_07#M/track_1411_f16550.jpg,8,8,0,224,53,273,101,boxed
/Users/vineelap/Documents/piglets_detection/piglet-detection-main/artifacts/label_samples/2026-07-11__09_30_06#M/track_1318_f10650.jpg,6,6,0,197,79,245,126,boxed
/Users/vineelap/Documents/piglets_detection/piglet-detection-main/artifacts/label_samples/2026-07-11__09_30_06#M/track_617_f4790.jpg,6,6,0,61,183,126,273,boxed
/Users/vineelap/Documents/piglets_detection/piglet-detection-main/artifacts/label_samples/2026-07-11__09_30_06#M/track_382_f2910.jpg,8,8,0,169,198,238,269,boxed
/Users/vineelap/Documents/piglets_detection/piglet-detection-main/artifacts/label_samples/2026-07-10__10_00_07#M/track_45_f1720.jpg,1,1,0,212,78,258,127,boxed
/Users/vineelap/Documents/piglets_detection/piglet-detection-main/artifacts/label_samples/2026-07-10__08_30_06#M/track_940_f4850.jpg,8,8,0,72,144,151,205,boxed
/Users/vineelap/Documents/piglets_detection/piglet-detection-main/artifacts/label_samples/2026-07-10__13_00_08#M/track_879_f10630.jpg,6,6,0,160,91,254,154,boxed
/Users/vineelap/Documents/piglets_detection/piglet-detection-main/artifacts/label_samples/2026-07-11__09_30_06#M/track_1240_f10600.jpg,6,6,0,125,48,212,131,boxed
/Users/vineelap/Documents/piglets_detection/piglet-detection-main/artifacts/label_samples/2026-07-10__08_30_06#M/track_503_f2560.jpg,1,1,0,19,185,103,239,boxed
/Users/vineelap/Documents/piglets_detection/piglet-detection-main/artifacts/label_samples/2026-07-10__10_00_07#M/track_942_f14020.jpg,2,2,0,175,65,236,115,boxed
/Users/vineelap/Documents/piglets_detection/piglet-detection-main/artifacts/label_samples/2026-07-10__10_00_07#M/track_1887_f18950.jpg,1,1,0,422,69,490,127,boxed
/Users/vineelap/Documents/piglets_detection/piglet-detection-main/artifacts/label_samples/2026-07-10__13_30_08#M/track_159_f870.jpg,8,8,0,268,175,334,239,boxed
/Users/vineelap/Documents/piglets_detection/piglet-detection-main/artifacts/label_samples/2026-07-11__09_30_06#M/track_2782_f17780.jpg,3,3,0,87,84,173,130,boxed
/Users/vineelap/Documents/piglets_detection/piglet-detection-main/artifacts/label_samples/2026-07-10__13_00_08#M/track_732_f9940.jpg,6,6,0,148,96,231,152,boxed
/Users/vineelap/Documents/piglets_detection/piglet-detection-main/artifacts/label_samples/2026-07-10__13_30_08#M/track_898_f6030.jpg,2,2,0,122,133,197,222,boxed
/Users/vineelap/Documents/piglets_detection/piglet-detection-main/artifacts/label_samples/2026-07-10__10_00_07#M/track_1340_f15380.jpg,2,2,0,185,29,260,72,boxed
/Users/vineelap/Documents/piglets_detection/piglet-detection-main/artifacts/label_samples/2026-07-11__09_30_06#M/track_2794_f17890.jpg,3,3,0,67,144,131,231,boxed
/Users/vineelap/Documents/piglets_detection/piglet-detection-main/artifacts/label_samples/2026-07-10__13_30_08#M/track_1893_f12190.jpg,1,1,0,105,220,170,299,boxed
/Users/vineelap/Documents/piglets_detection/piglet-detection-main/artifacts/label_samples/2026-07-11__09_30_06#M/track_2751_f17590.jpg,2,2,0,114,97,163,198,boxed
/Users/vineelap/Documents/piglets_detection/piglet-detection-main/artifacts/label_samples/2026-07-10__13_30_08#M/track_510_f3210.jpg,1,1,0,132,203,197,305,boxed
/Users/vineelap/Documents/piglets_detection/piglet-detection-main/artifacts/label_samples/2026-07-10__13_30_08#M/track_1227_f7770.jpg,3,3,0,187,94,292,172,boxed
/Users/vineelap/Documents/piglets_detection/piglet-detection-main/artifacts/label_samples/2026-07-10__08_30_06#M/track_323_f1590.jpg,8,8,0,146,216,237,312,boxed
/Users/vineelap/Documents/piglets_detection/piglet-detection-main/artifacts/label_samples/2026-07-10__13_30_08#M/track_1584_f9550.jpg,6,6,0,80,265,146,368,boxed
/Users/vineelap/Documents/piglets_detection/piglet-detection-main/artifacts/label_samples/2026-07-11__09_30_06#M/track_2473_f16360.jpg,2,2,0,164,54,244,92,boxed
/Users/vineelap/Documents/piglets_detection/piglet-detection-main/artifacts/label_samples/2026-07-11__09_30_06#M/track_2855_f18720.jpg,3,3,0,119,35,190,112,boxed
/Users/vineelap/Documents/piglets_detection/piglet-detection-main/artifacts/label_samples/2026-07-10__13_00_08#M/track_676_f9620.jpg,1,1,0,112,201,198,263,boxed
/Users/vineelap/Documents/piglets_detection/piglet-detection-main/artifacts/label_samples/2026-07-10__10_00_07#M/track_1472_f16330.jpg,2,2,0,106,179,181,277,boxed
/Users/vineelap/Documents/piglets_detection/piglet-detection-main/artifacts/label_samples/2026-07-10__13_30_08#M/track_27_f220.jpg,3,3,0,69,122,158,190,boxed
/Users/vineelap/Documents/piglets_detection/piglet-detection-main/artifacts/label_samples/2026-07-10__08_30_06#M/track_375_f1930.jpg,2,2,0,93,137,174,237,boxed
/Users/vineelap/Documents/piglets_detection/piglet-detection-main/artifacts/label_samples/2026-07-11__09_30_06#M/track_1961_f14680.jpg,8,8,0,132,144,231,192,boxed
/Users/vineelap/Documents/piglets_detection/piglet-detection-main/artifacts/label_samples/2026-07-10__13_30_08#M/track_159_f800.jpg,8,8,0,197,87,257,139,boxed
/Users/vineelap/Documents/piglets_detection/piglet-detection-main/artifacts/label_samples/2026-07-14__16_00_06#M/track_1045.jpg,3,3,0,215,139,331,202,boxed
/Users/vineelap/Documents/piglets_detection/piglet-detection-main/artifacts/label_samples/2026-07-11__09_30_06#M/track_2355_f16000.jpg,3,3,0,144,58,229,116,boxed
/Users/vineelap/Documents/piglets_detection/piglet-detection-main/artifacts/label_samples/2026-07-10__13_30_08#M/track_1227_f7740.jpg,3,3,0,147,159,254,249,boxed
/Users/vineelap/Documents/piglets_detection/piglet-detection-main/artifacts/label_samples/2026-07-11__09_30_06#M/track_2538_f16470.jpg,2,2,0,113,116,208,187,boxed
/Users/vineelap/Documents/piglets_detection/piglet-detection-main/artifacts/label_samples/2026-07-10__10_00_07#M/track_977_f13020.jpg,3,3,0,77,148,169,229,boxed
/Users/vineelap/Documents/piglets_detection/piglet-detection-main/artifacts/label_samples/2026-07-10__10_00_07#M/track_1658_f17520.jpg,8,8,0,204,66,296,139,boxed
/Users/vineelap/Documents/piglets_detection/piglet-detection-main/artifacts/label_samples/2026-07-10__10_00_07#M/track_447_f8530.jpg,2,2,0,134,127,218,219,boxed
/Users/vineelap/Documents/piglets_detection/piglet-detection-main/artifacts/label_samples/2026-07-11__09_30_06#M/track_2994_f19690.jpg,6,6,0,181,190,247,255,boxed
/Users/vineelap/Documents/piglets_detection/piglet-detection-main/artifacts/label_samples/2026-07-11__09_30_06#M/track_2679_f17090.jpg,6,6,0,283,62,366,118,boxed
/Users/vineelap/Documents/piglets_detection/piglet-detection-main/artifacts/label_samples/2026-07-10__13_30_08#M/track_263_f1680.jpg,8,8,0,131,287,213,382,boxed
/Users/vineelap/Documents/piglets_detection/piglet-detection-main/artifacts/label_samples/2026-07-10__10_00_07#M/track_1447_f16250.jpg,8,8,0,207,20,263,70,boxed
/Users/vineelap/Documents/piglets_detection/piglet-detection-main/artifacts/label_samples/2026-07-10__13_30_08#M/track_263_f1560.jpg,8,8,0,159,167,254,244,boxed
/Users/vineelap/Documents/piglets_detection/piglet-detection-main/artifacts/label_samples/2026-07-10__10_00_07#M/track_165_f3870.jpg,1,1,0,194,78,252,149,boxed
/Users/vineelap/Documents/piglets_detection/piglet-detection-main/artifacts/label_samples/2026-07-10__08_30_06#M/track_333_f1780.jpg,8,8,0,165,148,239,218,boxed
/Users/vineelap/Documents/piglets_detection/piglet-detection-main/artifacts/label_samples/2026-07-10__10_00_07#M/track_1472_f16320.jpg,2,2,0,86,165,167,274,boxed
/Users/vineelap/Documents/piglets_detection/piglet-detection-main/artifacts/label_samples/2026-07-10__10_00_07#M/track_726_f10760.jpg,1,1,0,41,101,115,192,boxed
/Users/vineelap/Documents/piglets_detection/piglet-detection-main/artifacts/label_samples/2026-07-10__13_30_08#M/track_1614_f9730.jpg,3,3,0,85,10,146,78,boxed
/Users/vineelap/Documents/piglets_detection/piglet-detection-main/artifacts/label_samples/2026-07-10__08_30_06#M/track_1186_f7310.jpg,6,6,0,99,173,188,246,boxed
/Users/vineelap/Documents/piglets_detection/piglet-detection-main/artifacts/label_samples/2026-07-11__09_30_06#M/track_1712_f12690.jpg,3,3,0,84,155,189,240,boxed
/Users/vineelap/Documents/piglets_detection/piglet-detection-main/artifacts/label_samples/2026-07-10__08_30_06#M/track_1346_f8780.jpg,6,6,0,57,240,116,333,boxed
/Users/vineelap/Documents/piglets_detection/piglet-detection-main/artifacts/label_samples/2026-07-10__10_00_07#M/track_1440_f16110.jpg,3,3,0,174,48,228,87,boxed
/Users/vineelap/Documents/piglets_detection/piglet-detection-main/artifacts/label_samples/2026-07-10__10_00_07#M/track_1022_f13060.jpg,2,2,0,164,74,242,139,boxed
/Users/vineelap/Documents/piglets_detection/piglet-detection-main/artifacts/label_samples/2026-07-10__13_00_08#M/track_755_f10050.jpg,3,3,0,138,97,191,163,boxed
/Users/vineelap/Documents/piglets_detection/piglet-detection-main/artifacts/label_samples/2026-07-10__10_00_07#M/track_1322_f15310.jpg,8,8,0,154,174,218,252,boxed
/Users/vineelap/Documents/piglets_detection/piglet-detection-main/artifacts/label_samples/2026-07-11__09_30_06#M/track_1991_f14460.jpg,6,6,0,152,141,225,212,boxed
/Users/vineelap/Documents/piglets_detection/piglet-detection-main/artifacts/label_samples/2026-07-11__09_30_06#M/track_1269_f10380.jpg,3,3,0,176,82,256,143,boxed
/Users/vineelap/Documents/piglets_detection/piglet-detection-main/artifacts/label_samples/2026-07-11__09_30_06#M/track_1343_f10770.jpg,3,3,0,158,67,226,135,boxed
/Users/vineelap/Documents/piglets_detection/piglet-detection-main/artifacts/label_samples/2026-07-10__13_00_08#M/track_419_f9060.jpg,3,3,0,118,128,191,216,boxed
/Users/vineelap/Documents/piglets_detection/piglet-detection-main/artifacts/label_samples/2026-07-10__13_30_08#M/track_1843_f11650.jpg,8,8,0,208,32,260,74,boxed
/Users/vineelap/Documents/piglets_detection/piglet-detection-main/artifacts/label_samples/2026-07-11__09_30_06#M/track_1060_f8890.jpg,3,3,0,143,127,224,201,boxed
/Users/vineelap/Documents/piglets_detection/piglet-detection-main/artifacts/label_samples/2026-07-10__13_30_08#M/track_2015_f13720.jpg,8,8,0,145,247,231,313,boxed
/Users/vineelap/Documents/piglets_detection/piglet-detection-main/artifacts/label_samples/2026-07-10__13_30_08#M/track_337_f2080.jpg,6,6,0,196,65,269,132,boxed
/Users/vineelap/Documents/piglets_detection/piglet-detection-main/artifacts/label_samples/2026-07-11__09_30_06#M/track_2114_f14940.jpg,6,6,0,148,252,218,331,boxed
/Users/vineelap/Documents/piglets_detection/piglet-detection-main/artifacts/label_samples/2026-07-10__13_00_08#M/track_1546_f19110.jpg,3,3,0,53,131,132,202,boxed
/Users/vineelap/Documents/piglets_detection/piglet-detection-main/artifacts/label_samples/2026-07-10__13_30_08#M/track_982_f6620.jpg,3,3,0,89,90,188,147,boxed
/Users/vineelap/Documents/piglets_detection/piglet-detection-main/artifacts/label_samples/2026-07-10__10_00_07#M/track_971_f12790.jpg,1,1,0,251,154,308,196,boxed
/Users/vineelap/Documents/piglets_detection/piglet-detection-main/artifacts/label_samples/2026-07-10__13_30_08#M/track_27_f120.jpg,3,3,0,91,178,172,280,boxed
/Users/vineelap/Documents/piglets_detection/piglet-detection-main/artifacts/label_samples/2026-07-10__13_30_08#M/track_1275_f7870.jpg,8,8,0,228,152,298,225,boxed
/Users/vineelap/Documents/piglets_detection/piglet-detection-main/artifacts/label_samples/2026-07-10__13_00_08#M/track_1609_f19640.jpg,6,6,0,218,76,301,111,boxed
/Users/vineelap/Documents/piglets_detection/piglet-detection-main/artifacts/label_samples/2026-07-10__10_00_07#M/track_542_f9410.jpg,2,2,0,184,137,265,219,boxed
/Users/vineelap/Documents/piglets_detection/piglet-detection-main/artifacts/label_samples/2026-07-10__13_30_08#M/track_582_f3640.jpg,8,8,0,68,55,148,101,boxed
/Users/vineelap/Documents/piglets_detection/piglet-detection-main/artifacts/label_samples/2026-07-10__10_00_07#M/track_1927_f19220.jpg,1,1,0,204,96,252,143,boxed
/Users/vineelap/Documents/piglets_detection/piglet-detection-main/artifacts/label_samples/2026-07-10__13_00_08#M/track_564_f9560.jpg,1,1,0,160,91,217,151,boxed
/Users/vineelap/Documents/piglets_detection/piglet-detection-main/artifacts/label_samples/2026-07-10__13_30_08#M/track_232_f1190.jpg,8,8,0,124,247,200,335,boxed
/Users/vineelap/Documents/piglets_detection/piglet-detection-main/artifacts/label_samples/2026-07-10__13_00_08#M/track_460_f9130.jpg,2,2,0,160,142,236,241,boxed
/Users/vineelap/Documents/piglets_detection/piglet-detection-main/artifacts/label_samples/2026-07-11__09_30_06#M/track_1318_f10690.jpg,6,6,0,176,71,236,128,boxed
/Users/vineelap/Documents/piglets_detection/piglet-detection-main/artifacts/label_samples/2026-07-11__09_30_06#M/track_2939_f19170.jpg,8,8,0,84,145,157,207,boxed
/Users/vineelap/Documents/piglets_detection/piglet-detection-main/artifacts/label_samples/2026-07-11__09_30_06#M/track_2679_f17080.jpg,6,6,0,161,170,247,254,boxed
/Users/vineelap/Documents/piglets_detection/piglet-detection-main/artifacts/label_samples/2026-07-10__13_30_08#M/track_596_f3730.jpg,8,8,0,26,194,106,279,boxed
/Users/vineelap/Documents/piglets_detection/piglet-detection-main/artifacts/label_samples/2026-07-11__09_30_06#M/track_1578_f11990.jpg,8,8,0,33,181,110,259,boxed
/Users/vineelap/Documents/piglets_detection/piglet-detection-main/artifacts/label_samples/2026-07-10__13_30_08#M/track_257_f1480.jpg,8,8,0,116,186,215,273,boxed
/Users/vineelap/Documents/piglets_detection/piglet-detection-main/artifacts/label_samples/2026-07-14__16_00_06#M/track_649.jpg,3,3,0,98,72,137,135,boxed
/Users/vineelap/Documents/piglets_detection/piglet-detection-main/artifacts/label_samples/2026-07-10__13_00_08#M/track_732_f9920.jpg,6,6,0,174,70,253,125,boxed
/Users/vineelap/Documents/piglets_detection/piglet-detection-main/artifacts/label_samples/2026-07-10__10_00_07#M/track_915_f12430.jpg,2,2,0,191,95,275,156,boxed
/Users/vineelap/Documents/piglets_detection/piglet-detection-main/artifacts/label_samples/2026-07-10__13_30_08#M/track_1686_f10040.jpg,3,3,0,59,179,124,282,boxed
/Users/vineelap/Documents/piglets_detection/piglet-detection-main/artifacts/label_samples/2026-07-10__13_30_08#M/track_805_f5540.jpg,8,8,0,66,81,108,139,boxed
/Users/vineelap/Documents/piglets_detection/piglet-detection-main/artifacts/label_samples/2026-07-11__09_30_06#M/track_1164_f9500.jpg,2,2,0,83,133,128,197,boxed
/Users/vineelap/Documents/piglets_detection/piglet-detection-main/artifacts/label_samples/2026-07-11__09_30_06#M/track_1728_f12840.jpg,3,3,0,64,95,126,185,boxed
/Users/vineelap/Documents/piglets_detection/piglet-detection-main/artifacts/label_samples/2026-07-11__09_30_06#M/track_1926_f13940.jpg,8,8,0,182,137,252,193,boxed
/Users/vineelap/Documents/piglets_detection/piglet-detection-main/artifacts/label_samples/2026-07-10__13_00_08#M/track_1552_f19230.jpg,8,8,0,210,2,275,47,boxed
/Users/vineelap/Documents/piglets_detection/piglet-detection-main/artifacts/label_samples/2026-07-10__13_30_08#M/track_1199_f7430.jpg,8,8,0,207,196,289,262,boxed
/Users/vineelap/Documents/piglets_detection/piglet-detection-main/artifacts/label_samples/2026-07-10__13_30_08#M/track_453_f2990.jpg,1,1,0,128,127,193,177,boxed
/Users/vineelap/Documents/piglets_detection/piglet-detection-main/artifacts/label_samples/2026-07-11__09_30_06#M/track_1727_f12720.jpg,2,2,0,192,34,249,67,boxed
/Users/vineelap/Documents/piglets_detection/piglet-detection-main/artifacts/label_samples/2026-07-10__13_00_08#M/track_755_f10080.jpg,3,3,0,88,130,166,211,boxed
/Users/vineelap/Documents/piglets_detection/piglet-detection-main/artifacts/label_samples/2026-07-10__13_00_08#M/track_415_f8980.jpg,8,8,0,130,87,201,162,boxed
/Users/vineelap/Documents/piglets_detection/piglet-detection-main/artifacts/label_samples/2026-07-11__09_30_06#M/track_1825_f14200.jpg,2,2,0,228,94,309,162,boxed
/Users/vineelap/Documents/piglets_detection/piglet-detection-main/artifacts/label_samples/2026-07-10__13_30_08#M/track_1734_f10520.jpg,8,8,0,207,24,267,74,boxed
/Users/vineelap/Documents/piglets_detection/piglet-detection-main/artifacts/label_samples/2026-07-11__09_30_06#M/track_1612_f12210.jpg,3,3,0,160,99,241,176,boxed
/Users/vineelap/Documents/piglets_detection/piglet-detection-main/artifacts/label_samples/2026-07-10__10_00_07#M/track_1765_f18240.jpg,3,3,0,88,54,132,110,boxed
/Users/vineelap/Documents/piglets_detection/piglet-detection-main/artifacts/label_samples/2026-07-10__13_30_08#M/track_193_f940.jpg,8,8,0,65,111,117,163,boxed
/Users/vineelap/Documents/piglets_detection/piglet-detection-main/artifacts/label_samples/2026-07-10__13_30_08#M/track_1449_f9000.jpg,8,8,0,191,210,264,296,boxed
/Users/vineelap/Documents/piglets_detection/piglet-detection-main/artifacts/label_samples/2026-07-10__13_30_08#M/track_1442_f8950.jpg,8,8,0,222,176,303,255,boxed
/Users/vineelap/Documents/piglets_detection/piglet-detection-main/artifacts/label_samples/2026-07-10__10_00_07#M/track_853_f12120.jpg,2,2,0,190,68,271,130,boxed
/Users/vineelap/Documents/piglets_detection/piglet-detection-main/artifacts/label_samples/2026-07-11__09_30_06#M/track_1749_f12990.jpg,3,3,0,178,69,270,146,boxed
/Users/vineelap/Documents/piglets_detection/piglet-detection-main/artifacts/label_samples/2026-07-10__10_00_07#M/track_977_f12770.jpg,3,3,0,54,82,124,165,boxed
/Users/vineelap/Documents/piglets_detection/piglet-detection-main/artifacts/label_samples/2026-07-11__09_30_06#M/track_1421_f11290.jpg,3,3,0,140,85,197,151,boxed
/Users/vineelap/Documents/piglets_detection/piglet-detection-main/artifacts/label_samples/2026-07-11__09_30_06#M/track_2994_f19480.jpg,6,6,0,164,1,212,49,boxed
/Users/vineelap/Documents/piglets_detection/piglet-detection-main/artifacts/label_samples/2026-07-11__09_30_06#M/track_1852_f14150.jpg,3,3,0,269,79,361,137,boxed
/Users/vineelap/Documents/piglets_detection/piglet-detection-main/artifacts/label_samples/2026-07-10__13_30_08#M/track_1317_f8020.jpg,6,6,0,261,76,339,128,boxed
/Users/vineelap/Documents/piglets_detection/piglet-detection-main/artifacts/label_samples/2026-07-10__10_00_07#M/track_758_f10980.jpg,2,2,0,103,101,167,164,boxed
/Users/vineelap/Documents/piglets_detection/piglet-detection-main/artifacts/label_samples/2026-07-11__09_30_06#M/track_438_f3830.jpg,3,3,0,166,69,243,110,boxed
/Users/vineelap/Documents/piglets_detection/piglet-detection-main/artifacts/label_samples/2026-07-10__13_00_08#M/track_676_f9630.jpg,1,1,0,124,226,185,310,boxed
/Users/vineelap/Documents/piglets_detection/piglet-detection-main/artifacts/label_samples/2026-07-10__13_30_08#M/track_525_f3680.jpg,3,3,0,95,219,154,318,boxed
/Users/vineelap/Documents/piglets_detection/piglet-detection-main/artifacts/label_samples/2026-07-10__08_30_06#M/track_551_f2870.jpg,6,6,0,269,118,341,188,boxed
/Users/vineelap/Documents/piglets_detection/piglet-detection-main/artifacts/label_samples/2026-07-10__10_00_07#M/track_1081_f13520.jpg,2,2,0,161,9,259,65,boxed
/Users/vineelap/Documents/piglets_detection/piglet-detection-main/artifacts/label_samples/2026-07-11__09_30_06#M/track_665_f5130.jpg,3,3,0,138,210,213,302,boxed
/Users/vineelap/Documents/piglets_detection/piglet-detection-main/artifacts/label_samples/2026-07-11__09_30_06#M/track_1939_f13980.jpg,6,6,0,162,195,266,265,boxed
/Users/vineelap/Documents/piglets_detection/piglet-detection-main/artifacts/label_samples/2026-07-10__10_00_07#M/track_1031_f13250.jpg,2,2,0,218,18,299,95,boxed
/Users/vineelap/Documents/piglets_detection/piglet-detection-main/artifacts/label_samples/2026-07-10__13_30_08#M/track_354_f2360.jpg,6,6,0,66,179,131,267,boxed
/Users/vineelap/Documents/piglets_detection/piglet-detection-main/artifacts/label_samples/2026-07-14__16_00_06#M/track_316.jpg,6,6,0,138,132,226,245,boxed
/Users/vineelap/Documents/piglets_detection/piglet-detection-main/artifacts/label_samples/2026-07-11__09_30_06#M/track_1626_f12260.jpg,6,6,0,190,126,278,210,boxed
/Users/vineelap/Documents/piglets_detection/piglet-detection-main/artifacts/label_samples/2026-07-10__08_30_06#M/track_1250_f7860.jpg,6,6,0,233,39,311,104,boxed
/Users/vineelap/Documents/piglets_detection/piglet-detection-main/artifacts/label_samples/2026-07-11__09_30_06#M/track_1116_f9210.jpg,2,2,0,235,145,342,228,boxed
/Users/vineelap/Documents/piglets_detection/piglet-detection-main/artifacts/label_samples/2026-07-11__09_30_06#M/track_2668_f17020.jpg,6,6,0,210,12,283,61,boxed
/Users/vineelap/Documents/piglets_detection/piglet-detection-main/artifacts/label_samples/2026-07-10__13_30_08#M/track_941_f6410.jpg,6,6,0,154,135,232,214,boxed
/Users/vineelap/Documents/piglets_detection/piglet-detection-main/artifacts/label_samples/2026-07-10__13_30_08#M/track_746_f4870.jpg,3,3,0,173,61,237,185,boxed
/Users/vineelap/Documents/piglets_detection/piglet-detection-main/artifacts/label_samples/2026-07-10__13_30_08#M/track_1507_f9280.jpg,6,6,0,244,112,350,186,boxed
/Users/vineelap/Documents/piglets_detection/piglet-detection-main/artifacts/label_samples/2026-07-11__09_30_06#M/track_1953_f14100.jpg,6,6,0,141,145,215,224,boxed
/Users/vineelap/Documents/piglets_detection/piglet-detection-main/artifacts/label_samples/2026-07-10__13_30_08#M/track_421_f2920.jpg,6,6,0,149,159,218,235,boxed
/Users/vineelap/Documents/piglets_detection/piglet-detection-main/artifacts/label_samples/2026-07-10__13_00_08#M/track_695_f9720.jpg,6,6,0,251,122,324,203,boxed
/Users/vineelap/Documents/piglets_detection/piglet-detection-main/artifacts/label_samples/2026-07-14__16_00_06#M/track_680.jpg,3,3,0,219,101,263,154,boxed
/Users/vineelap/Documents/piglets_detection/piglet-detection-main/artifacts/label_samples/2026-07-10__10_00_07#M/track_1699_f17750.jpg,8,8,0,274,78,321,124,boxed
/Users/vineelap/Documents/piglets_detection/piglet-detection-main/artifacts/label_samples/2026-07-14__16_00_06#M/track_374.jpg,6,6,0,254,164,350,248,boxed
/Users/vineelap/Documents/piglets_detection/piglet-detection-main/artifacts/label_samples/2026-07-11__09_30_06#M/track_2800_f17960.jpg,3,3,0,127,74,224,166,boxed
/Users/vineelap/Documents/piglets_detection/piglet-detection-main/artifacts/label_samples/2026-07-10__08_30_06#M/track_821_f4430.jpg,6,6,0,180,32,255,98,boxed
/Users/vineelap/Documents/piglets_detection/piglet-detection-main/artifacts/label_samples/2026-07-10__10_00_07#M/track_1147_f14080.jpg,3,3,0,149,67,210,134,boxed
/Users/vineelap/Documents/piglets_detection/piglet-detection-main/artifacts/label_samples/2026-07-10__13_30_08#M/track_89_f560.jpg,8,8,0,192,79,253,129,boxed
/Users/vineelap/Documents/piglets_detection/piglet-detection-main/artifacts/label_samples/2026-07-11__09_30_06#M/track_1640_f12390.jpg,3,3,0,140,40,232,123,boxed
/Users/vineelap/Documents/piglets_detection/piglet-detection-main/artifacts/label_samples/2026-07-11__09_30_06#M/track_1556_f11990.jpg,2,2,0,75,148,146,243,boxed
/Users/vineelap/Documents/piglets_detection/piglet-detection-main/artifacts/label_samples/2026-07-10__08_30_06#M/track_680_f3590.jpg,8,8,0,145,36,222,102,boxed
/Users/vineelap/Documents/piglets_detection/piglet-detection-main/artifacts/label_samples/2026-07-10__08_30_06#M/track_370_f1840.jpg,1,1,0,144,50,216,133,boxed
/Users/vineelap/Documents/piglets_detection/piglet-detection-main/artifacts/label_samples/2026-07-10__10_00_07#M/track_954_f12590.jpg,3,3,0,173,133,258,236,boxed
/Users/vineelap/Documents/piglets_detection/piglet-detection-main/artifacts/label_samples/2026-07-10__10_00_07#M/track_971_f12780.jpg,1,1,0,170,206,244,283,boxed
/Users/vineelap/Documents/piglets_detection/piglet-detection-main/artifacts/label_samples/2026-07-10__08_30_06#M/track_414_f2220.jpg,6,6,0,242,128,302,178,boxed
/Users/vineelap/Documents/piglets_detection/piglet-detection-main/artifacts/label_samples/2026-07-10__10_00_07#M/track_599_f9680.jpg,1,1,0,45,111,132,180,boxed
/Users/vineelap/Documents/piglets_detection/piglet-detection-main/artifacts/label_samples/2026-07-10__10_00_07#M/track_1195_f14520.jpg,2,2,0,159,83,238,184,boxed
/Users/vineelap/Documents/piglets_detection/piglet-detection-main/artifacts/label_samples/2026-07-10__13_30_08#M/track_791_f5400.jpg,6,6,0,47,32,105,96,boxed
/Users/vineelap/Documents/piglets_detection/piglet-detection-main/artifacts/label_samples/2026-07-11__09_30_06#M/track_2312_f15880.jpg,6,6,0,188,121,255,178,boxed
/Users/vineelap/Documents/piglets_detection/piglet-detection-main/artifacts/label_samples/2026-07-10__13_30_08#M/track_940_f6390.jpg,6,6,0,114,156,197,256,boxed
/Users/vineelap/Documents/piglets_detection/piglet-detection-main/artifacts/label_samples/2026-07-10__10_00_07#M/track_957_f12640.jpg,3,3,0,182,31,274,102,boxed
/Users/vineelap/Documents/piglets_detection/piglet-detection-main/artifacts/label_samples/2026-07-11__09_30_06#M/track_192_f1430.jpg,3,3,0,198,111,257,154,boxed
/Users/vineelap/Documents/piglets_detection/piglet-detection-main/artifacts/label_samples/2026-07-11__09_30_06#M/track_2567_f16570.jpg,1,1,0,132,193,208,264,boxed
/Users/vineelap/Documents/piglets_detection/piglet-detection-main/artifacts/label_samples/2026-07-10__10_00_07#M/track_1655_f17520.jpg,3,3,0,161,18,228,58,boxed
/Users/vineelap/Documents/piglets_detection/piglet-detection-main/artifacts/label_samples/2026-07-10__13_30_08#M/track_155_f760.jpg,2,2,0,97,137,177,238,boxed
/Users/vineelap/Documents/piglets_detection/piglet-detection-main/artifacts/label_samples/2026-07-10__10_00_07#M/track_1102_f13780.jpg,2,2,0,136,132,215,212,boxed
/Users/vineelap/Documents/piglets_detection/piglet-detection-main/artifacts/label_samples/2026-07-11__09_30_06#M/track_1022_f8830.jpg,2,2,0,109,211,173,300,boxed
/Users/vineelap/Documents/piglets_detection/piglet-detection-main/artifacts/label_samples/2026-07-10__13_30_08#M/track_453_f2980.jpg,1,1,0,73,129,145,189,boxed
/Users/vineelap/Documents/piglets_detection/piglet-detection-main/artifacts/label_samples/2026-07-10__08_30_06#M/track_1076_f6360.jpg,6,6,0,162,212,252,298,boxed
/Users/vineelap/Documents/piglets_detection/piglet-detection-main/artifacts/label_samples/2026-07-10__10_00_07#M/track_1658_f17510.jpg,8,8,0,162,101,239,184,boxed
/Users/vineelap/Documents/piglets_detection/piglet-detection-main/artifacts/label_samples/2026-07-10__13_30_08#M/track_525_f3780.jpg,3,3,0,91,216,156,323,boxed
/Users/vineelap/Documents/piglets_detection/piglet-detection-main/artifacts/label_samples/2026-07-10__10_00_07#M/track_134_f3690.jpg,1,1,0,91,1,153,49,boxed
/Users/vineelap/Documents/piglets_detection/piglet-detection-main/artifacts/label_samples/2026-07-10__10_00_07#M/track_1340_f15390.jpg,2,2,0,178,11,280,79,boxed
/Users/vineelap/Documents/piglets_detection/piglet-detection-main/artifacts/label_samples/2026-07-10__13_30_08#M/track_1327_f8090.jpg,8,8,0,180,195,278,280,boxed
/Users/vineelap/Documents/piglets_detection/piglet-detection-main/artifacts/label_samples/2026-07-10__13_30_08#M/track_88_f440.jpg,1,1,0,201,147,266,216,boxed
/Users/vineelap/Documents/piglets_detection/piglet-detection-main/artifacts/label_samples/2026-07-10__10_00_07#M/track_109_f3420.jpg,8,8,0,98,314,155,387,boxed
/Users/vineelap/Documents/piglets_detection/piglet-detection-main/artifacts/label_samples/2026-07-10__13_30_08#M/track_746_f4880.jpg,3,3,0,67,220,167,320,boxed
/Users/vineelap/Documents/piglets_detection/piglet-detection-main/artifacts/label_samples/2026-07-10__08_30_06#M/track_383_f1880.jpg,2,2,0,47,147,111,239,boxed
/Users/vineelap/Documents/piglets_detection/piglet-detection-main/artifacts/label_samples/2026-07-10__10_00_07#M/track_154_f3810.jpg,8,8,0,41,196,113,263,boxed
/Users/vineelap/Documents/piglets_detection/piglet-detection-main/artifacts/label_samples/2026-07-11__09_30_06#M/track_1640_f12380.jpg,3,3,0,99,98,187,169,boxed
/Users/vineelap/Documents/piglets_detection/piglet-detection-main/artifacts/label_samples/2026-07-10__13_30_08#M/track_1104_f7010.jpg,6,6,0,20,56,72,106,boxed
/Users/vineelap/Documents/piglets_detection/piglet-detection-main/artifacts/label_samples/2026-07-10__13_30_08#M/track_1900_f12190.jpg,1,1,0,127,213,193,309,boxed
/Users/vineelap/Documents/piglets_detection/piglet-detection-main/artifacts/label_samples/2026-07-10__08_30_06#M/track_375_f1940.jpg,2,2,0,122,130,195,225,boxed
/Users/vineelap/Documents/piglets_detection/piglet-detection-main/artifacts/label_samples/2026-07-10__10_00_07#M/track_1123_f13850.jpg,3,3,0,172,40,275,100,boxed
/Users/vineelap/Documents/piglets_detection/piglet-detection-main/artifacts/label_samples/2026-07-10__13_30_08#M/track_905_f6040.jpg,6,6,0,70,237,125,324,boxed
/Users/vineelap/Documents/piglets_detection/piglet-detection-main/artifacts/label_samples/2026-07-10__13_00_08#M/track_819_f10400.jpg,6,6,0,225,108,294,173,boxed
/Users/vineelap/Documents/piglets_detection/piglet-detection-main/artifacts/label_samples/2026-07-10__08_30_06#M/track_945_f4960.jpg,6,6,0,242,116,352,180,boxed
/Users/vineelap/Documents/piglets_detection/piglet-detection-main/artifacts/label_samples/2026-07-11__09_30_06#M/track_2086_f14870.jpg,6,6,0,190,165,261,222,boxed
/Users/vineelap/Documents/piglets_detection/piglet-detection-main/artifacts/label_samples/2026-07-10__10_00_07#M/track_319_f7810.jpg,2,2,0,237,167,326,236,boxed
/Users/vineelap/Documents/piglets_detection/piglet-detection-main/artifacts/label_samples/2026-07-10__13_30_08#M/track_421_f2930.jpg,6,6,0,150,54,215,116,boxed
/Users/vineelap/Documents/piglets_detection/piglet-detection-main/artifacts/label_samples/2026-07-11__09_30_06#M/track_617_f4860.jpg,6,6,0,263,98,348,147,boxed
/Users/vineelap/Documents/piglets_detection/piglet-detection-main/artifacts/label_samples/2026-07-10__10_00_07#M/track_165_f3880.jpg,1,1,0,254,25,316,79,boxed
/Users/vineelap/Documents/piglets_detection/piglet-detection-main/artifacts/label_samples/2026-07-10__08_30_06#M/track_375_f1910.jpg,2,2,0,71,134,143,231,boxed
/Users/vineelap/Documents/piglets_detection/piglet-detection-main/artifacts/label_samples/2026-07-11__09_30_06#M/track_2829_f18410.jpg,3,3,0,100,88,156,154,boxed
/Users/vineelap/Documents/piglets_detection/piglet-detection-main/artifacts/label_samples/2026-07-10__13_30_08#M/track_12_f140.jpg,6,6,0,168,155,229,218,boxed
/Users/vineelap/Documents/piglets_detection/piglet-detection-main/artifacts/label_samples/2026-07-11__09_30_06#M/track_2790_f18870.jpg,2,2,0,113,12,175,69,boxed
/Users/vineelap/Documents/piglets_detection/piglet-detection-main/artifacts/label_samples/2026-07-10__13_30_08#M/track_179_f890.jpg,1,1,0,198,51,282,139,boxed
/Users/vineelap/Documents/piglets_detection/piglet-detection-main/artifacts/label_samples/2026-07-10__13_30_08#M/track_1227_f7760.jpg,3,3,0,83,224,186,317,boxed
/Users/vineelap/Documents/piglets_detection/piglet-detection-main/artifacts/label_samples/2026-07-10__08_30_06#M/track_476_f2370.jpg,2,2,0,152,45,242,93,boxed
/Users/vineelap/Documents/piglets_detection/piglet-detection-main/artifacts/label_samples/2026-07-11__09_30_06#M/track_1680_f12500.jpg,2,2,0,118,125,188,227,boxed
/Users/vineelap/Documents/piglets_detection/piglet-detection-main/artifacts/label_samples/2026-07-10__10_00_07#M/track_1472_f16340.jpg,2,2,0,143,197,198,306,boxed
/Users/vineelap/Documents/piglets_detection/piglet-detection-main/artifacts/label_samples/2026-07-10__13_00_08#M/track_706_f9890.jpg,6,6,0,195,181,278,242,boxed
/Users/vineelap/Documents/piglets_detection/piglet-detection-main/artifacts/label_samples/2026-07-10__08_30_06#M/track_671_f3430.jpg,8,8,0,96,44,154,108,boxed
/Users/vineelap/Documents/piglets_detection/piglet-detection-main/artifacts/label_samples/2026-07-10__13_30_08#M/track_1540_f9430.jpg,2,2,0,211,185,293,276,boxed
/Users/vineelap/Documents/piglets_detection/piglet-detection-main/artifacts/label_samples/2026-07-11__09_30_06#M/track_1027_f8650.jpg,3,3,0,185,78,275,158,boxed
/Users/vineelap/Documents/piglets_detection/piglet-detection-main/artifacts/label_samples/2026-07-11__09_30_06#M/track_1227_f9940.jpg,3,3,0,202,74,300,158,boxed
/Users/vineelap/Documents/piglets_detection/piglet-detection-main/artifacts/label_samples/2026-07-10__08_30_06#M/track_530_f2770.jpg,8,8,0,268,89,364,175,boxed
/Users/vineelap/Documents/piglets_detection/piglet-detection-main/artifacts/label_samples/2026-07-10__10_00_07#M/track_55_f2230.jpg,1,1,0,242,76,318,126,boxed
/Users/vineelap/Documents/piglets_detection/piglet-detection-main/artifacts/label_samples/2026-07-11__09_30_06#M/track_1951_f14450.jpg,2,2,0,88,133,166,240,boxed
/Users/vineelap/Documents/piglets_detection/piglet-detection-main/artifacts/label_samples/2026-07-10__08_30_06#M/track_1060_f6250.jpg,6,6,0,222,172,281,233,boxed
/Users/vineelap/Documents/piglets_detection/piglet-detection-main/artifacts/label_samples/2026-07-10__13_30_08#M/track_279_f1670.jpg,8,8,0,65,6,166,89,boxed
/Users/vineelap/Documents/piglets_detection/piglet-detection-main/artifacts/label_samples/2026-07-11__09_30_06#M/track_1973_f14260.jpg,3,3,0,104,154,172,247,boxed
/Users/vineelap/Documents/piglets_detection/piglet-detection-main/artifacts/label_samples/2026-07-10__08_30_06#M/track_476_f2380.jpg,2,2,0,127,46,230,89,boxed
/Users/vineelap/Documents/piglets_detection/piglet-detection-main/artifacts/label_samples/2026-07-10__10_00_07#M/track_791_f11240.jpg,3,3,0,193,60,271,136,boxed
/Users/vineelap/Documents/piglets_detection/piglet-detection-main/artifacts/label_samples/2026-07-10__13_00_08#M/track_1546_f19140.jpg,3,3,0,88,147,168,232,boxed
/Users/vineelap/Documents/piglets_detection/piglet-detection-main/artifacts/label_samples/2026-07-11__09_30_06#M/track_2425_f16240.jpg,2,2,0,93,182,151,283,boxed
/Users/vineelap/Documents/piglets_detection/piglet-detection-main/artifacts/label_samples/2026-07-11__09_30_06#M/track_1607_f12260.jpg,2,2,0,168,140,240,229,boxed
/Users/vineelap/Documents/piglets_detection/piglet-detection-main/artifacts/label_samples/2026-07-11__09_30_06#M/track_2160_f15190.jpg,2,2,0,212,34,307,91,boxed
/Users/vineelap/Documents/piglets_detection/piglet-detection-main/artifacts/label_samples/2026-07-11__09_30_06#M/track_1926_f13950.jpg,8,8,0,223,98,281,173,boxed
/Users/vineelap/Documents/piglets_detection/piglet-detection-main/artifacts/label_samples/2026-07-10__10_00_07#M/track_1022_f13170.jpg,1,1,0,236,102,311,181,boxed
/Users/vineelap/Documents/piglets_detection/piglet-detection-main/artifacts/label_samples/2026-07-10__10_00_07#M/track_1447_f16240.jpg,8,8,0,190,28,258,78,boxed
/Users/vineelap/Documents/piglets_detection/piglet-detection-main/artifacts/label_samples/2026-07-11__09_30_06#M/track_1088_f9030.jpg,2,2,0,168,94,277,168,boxed
/Users/vineelap/Documents/piglets_detection/piglet-detection-main/artifacts/label_samples/2026-07-11__09_30_06#M/track_1973_f14270.jpg,3,3,0,33,148,101,246,boxed
/Users/vineelap/Documents/piglets_detection/piglet-detection-main/artifacts/label_samples/2026-07-11__09_30_06#M/track_1594_f12670.jpg,2,2,0,230,5,318,59,boxed
/Users/vineelap/Documents/piglets_detection/piglet-detection-main/artifacts/label_samples/2026-07-11__09_30_06#M/track_2686_f17250.jpg,8,8,0,132,110,200,206,boxed
/Users/vineelap/Documents/piglets_detection/piglet-detection-main/artifacts/label_samples/2026-07-10__10_00_07#M/track_1708_f17820.jpg,2,2,0,162,92,263,170,boxed
/Users/vineelap/Documents/piglets_detection/piglet-detection-main/artifacts/label_samples/2026-07-11__09_30_06#M/track_1975_f14300.jpg,3,3,0,175,80,260,186,boxed
/Users/vineelap/Documents/piglets_detection/piglet-detection-main/artifacts/label_samples/2026-07-10__08_30_06#M/track_333_f1740.jpg,8,8,0,138,154,232,223,boxed
/Users/vineelap/Documents/piglets_detection/piglet-detection-main/artifacts/label_samples/2026-07-10__13_00_08#M/track_784_f10190.jpg,8,8,0,75,130,150,203,boxed
/Users/vineelap/Documents/piglets_detection/piglet-detection-main/artifacts/label_samples/2026-07-11__09_30_06#M/track_1770_f13080.jpg,3,3,0,175,9,260,80,boxed
/Users/vineelap/Documents/piglets_detection/piglet-detection-main/artifacts/label_samples/2026-07-10__10_00_07#M/track_536_f9380.jpg,8,8,0,126,77,198,169,boxed
/Users/vineelap/Documents/piglets_detection/piglet-detection-main/artifacts/label_samples/2026-07-11__09_30_06#M/track_1975_f14280.jpg,3,3,0,107,47,190,97,boxed
/Users/vineelap/Documents/piglets_detection/piglet-detection-main/artifacts/label_samples/2026-07-11__09_30_06#M/track_2453_f16260.jpg,3,3,0,219,98,327,185,boxed
/Users/vineelap/Documents/piglets_detection/piglet-detection-main/artifacts/label_samples/2026-07-10__10_00_07#M/track_542_f9420.jpg,2,2,0,242,90,352,186,boxed
/Users/vineelap/Documents/piglets_detection/piglet-detection-main/artifacts/label_samples/2026-07-11__09_30_06#M/track_1504_f11740.jpg,2,2,0,89,142,161,247,boxed
/Users/vineelap/Documents/piglets_detection/piglet-detection-main/artifacts/label_samples/2026-07-10__10_00_07#M/track_1326_f15340.jpg,2,2,0,149,142,240,240,boxed
/Users/vineelap/Documents/piglets_detection/piglet-detection-main/artifacts/label_samples/2026-07-10__10_00_07#M/track_968_f12670.jpg,3,3,0,424,35,513,131,boxed
/Users/vineelap/Documents/piglets_detection/piglet-detection-main/artifacts/label_samples/2026-07-10__10_00_07#M/track_1693_f17760.jpg,8,8,0,264,27,323,89,boxed
/Users/vineelap/Documents/piglets_detection/piglet-detection-main/artifacts/label_samples/2026-07-10__10_00_07#M/track_1254_f14870.jpg,8,8,0,72,84,123,152,boxed
/Users/vineelap/Documents/piglets_detection/piglet-detection-main/artifacts/label_samples/2026-07-11__09_30_06#M/track_1742_f12930.jpg,6,6,0,189,106,263,170,boxed
/Users/vineelap/Documents/piglets_detection/piglet-detection-main/artifacts/label_samples/2026-07-11__09_30_06#M/track_2977_f19540.jpg,2,2,0,146,96,236,180,boxed
/Users/vineelap/Documents/piglets_detection/piglet-detection-main/artifacts/label_samples/2026-07-10__13_00_08#M/track_1216_f15320.jpg,3,3,0,11,117,80,207,boxed
/Users/vineelap/Documents/piglets_detection/piglet-detection-main/artifacts/label_samples/2026-07-10__08_30_06#M/track_671_f3570.jpg,8,8,0,108,50,170,104,boxed
/Users/vineelap/Documents/piglets_detection/piglet-detection-main/artifacts/label_samples/2026-07-14__16_00_06#M/track_866.jpg,3,3,0,177,35,257,83,boxed
/Users/vineelap/Documents/piglets_detection/piglet-detection-main/artifacts/label_samples/2026-07-10__13_00_08#M/track_408_f8950.jpg,8,8,0,194,64,293,117,boxed
/Users/vineelap/Documents/piglets_detection/piglet-detection-main/artifacts/label_samples/2026-07-10__10_00_07#M/track_1765_f18170.jpg,3,3,0,75,46,125,102,boxed
/Users/vineelap/Documents/piglets_detection/piglet-detection-main/artifacts/label_samples/2026-07-10__13_30_08#M/track_1041_f6800.jpg,6,6,0,85,163,150,252,boxed
/Users/vineelap/Documents/piglets_detection/piglet-detection-main/artifacts/label_samples/2026-07-11__09_30_06#M/track_2939_f19180.jpg,8,8,0,102,135,182,209,boxed
/Users/vineelap/Documents/piglets_detection/piglet-detection-main/artifacts/label_samples/2026-07-10__13_30_08#M/track_974_f6610.jpg,8,8,0,185,162,298,256,boxed
/Users/vineelap/Documents/piglets_detection/piglet-detection-main/artifacts/label_samples/2026-07-10__10_00_07#M/track_1190_f14330.jpg,2,2,0,197,107,279,217,boxed
/Users/vineelap/Documents/piglets_detection/piglet-detection-main/artifacts/label_samples/2026-07-10__10_00_07#M/track_1930_f19210.jpg,3,3,0,94,2,154,39,boxed
/Users/vineelap/Documents/piglets_detection/piglet-detection-main/artifacts/label_samples/2026-07-11__09_30_06#M/track_421_f3130.jpg,8,8,0,266,21,357,86,boxed
/Users/vineelap/Documents/piglets_detection/piglet-detection-main/artifacts/label_samples/2026-07-10__08_30_06#M/track_743_f3870.jpg,2,2,0,168,170,236,276,boxed
/Users/vineelap/Documents/piglets_detection/piglet-detection-main/artifacts/label_samples/2026-07-10__10_00_07#M/track_748_f10870.jpg,2,2,0,123,69,192,145,boxed
/Users/vineelap/Documents/piglets_detection/piglet-detection-main/artifacts/label_samples/2026-07-10__10_00_07#M/track_1292_f15220.jpg,2,2,0,157,76,246,164,boxed
/Users/vineelap/Documents/piglets_detection/piglet-detection-main/artifacts/label_samples/2026-07-11__09_30_06#M/track_2383_f16080.jpg,3,3,0,49,86,107,143,boxed
/Users/vineelap/Documents/piglets_detection/piglet-detection-main/artifacts/label_samples/2026-07-11__09_30_06#M/track_2759_f18710.jpg,6,6,0,153,53,218,113,boxed
/Users/vineelap/Documents/piglets_detection/piglet-detection-main/artifacts/label_samples/2026-07-10__08_30_06#M/track_1079_f6410.jpg,6,6,0,193,128,242,190,boxed
/Users/vineelap/Documents/piglets_detection/piglet-detection-main/artifacts/label_samples/2026-07-11__09_30_06#M/track_1939_f13970.jpg,6,6,0,225,170,317,280,boxed
/Users/vineelap/Documents/piglets_detection/piglet-detection-main/artifacts/label_samples/2026-07-10__10_00_07#M/track_311_f7560.jpg,2,2,0,45,91,101,163,boxed
/Users/vineelap/Documents/piglets_detection/piglet-detection-main/artifacts/label_samples/2026-07-10__10_00_07#M/track_1934_f19270.jpg,8,8,0,82,136,157,228,boxed
/Users/vineelap/Documents/piglets_detection/piglet-detection-main/artifacts/label_samples/2026-07-10__13_00_08#M/track_727_f9850.jpg,2,2,0,27,151,103,217,boxed
/Users/vineelap/Documents/piglets_detection/piglet-detection-main/artifacts/label_samples/2026-07-11__09_30_06#M/track_117_f1120.jpg,8,8,0,178,194,249,271,boxed
/Users/vineelap/Documents/piglets_detection/piglet-detection-main/artifacts/label_samples/2026-07-11__09_30_06#M/track_2188_f15590.jpg,6,6,0,273,110,335,176,boxed
/Users/vineelap/Documents/piglets_detection/piglet-detection-main/artifacts/label_samples/2026-07-10__10_00_07#M/track_946_f12570.jpg,3,3,0,143,169,236,279,boxed
/Users/vineelap/Documents/piglets_detection/piglet-detection-main/artifacts/label_samples/2026-07-10__13_30_08#M/track_12_f40.jpg,6,6,0,74,199,149,261,boxed
/Users/vineelap/Documents/piglets_detection/piglet-detection-main/artifacts/label_samples/2026-07-10__13_30_08#M/track_775_f5330.jpg,8,8,0,45,140,116,229,boxed
/Users/vineelap/Documents/piglets_detection/piglet-detection-main/artifacts/label_samples/2026-07-10__10_00_07#M/track_726_f10710.jpg,1,1,0,83,116,141,201,boxed
/Users/vineelap/Documents/piglets_detection/piglet-detection-main/artifacts/label_samples/2026-07-10__08_30_06#M/track_1239_f7690.jpg,6,6,0,133,172,211,241,boxed
/Users/vineelap/Documents/piglets_detection/piglet-detection-main/artifacts/label_samples/2026-07-10__13_30_08#M/track_285_f1730.jpg,8,8,0,161,1,223,71,boxed
/Users/vineelap/Documents/piglets_detection/piglet-detection-main/artifacts/label_samples/2026-07-10__13_00_08#M/track_773_f10100.jpg,3,3,0,119,135,241,197,boxed
/Users/vineelap/Documents/piglets_detection/piglet-detection-main/artifacts/label_samples/2026-07-11__09_30_06#M/track_1566_f11920.jpg,3,3,0,231,126,309,215,boxed
/Users/vineelap/Documents/piglets_detection/piglet-detection-main/artifacts/label_samples/2026-07-10__10_00_07#M/track_162_f3830.jpg,3,3,0,108,68,162,113,boxed
/Users/vineelap/Documents/piglets_detection/piglet-detection-main/artifacts/label_samples/2026-07-10__13_30_08#M/track_599_f4040.jpg,3,3,0,113,220,183,314,boxed
/Users/vineelap/Documents/piglets_detection/piglet-detection-main/artifacts/label_samples/2026-07-11__09_30_06#M/track_1424_f11470.jpg,2,2,0,132,92,209,158,boxed
/Users/vineelap/Documents/piglets_detection/piglet-detection-main/artifacts/label_samples/2026-07-14__16_00_06#M/track_1004.jpg,6,6,0,152,40,216,100,boxed
/Users/vineelap/Documents/piglets_detection/piglet-detection-main/artifacts/label_samples/2026-07-11__09_30_06#M/track_2160_f15180.jpg,2,2,0,159,78,246,154,boxed
/Users/vineelap/Documents/piglets_detection/piglet-detection-main/artifacts/label_samples/2026-07-11__09_30_06#M/track_2722_f17470.jpg,6,6,0,208,173,271,235,boxed
/Users/vineelap/Documents/piglets_detection/piglet-detection-main/artifacts/label_samples/2026-07-10__08_30_06#M/track_1_f40.jpg,1,1,0,179,33,236,105,boxed
/Users/vineelap/Documents/piglets_detection/piglet-detection-main/artifacts/label_samples/2026-07-10__13_30_08#M/track_1081_f7040.jpg,8,8,0,262,169,362,244,boxed
/Users/vineelap/Documents/piglets_detection/piglet-detection-main/artifacts/label_samples/2026-07-11__09_30_06#M/track_1556_f11980.jpg,2,2,0,198,167,278,239,boxed
/Users/vineelap/Documents/piglets_detection/piglet-detection-main/artifacts/label_samples/2026-07-10__10_00_07#M/track_748_f10890.jpg,2,2,0,199,120,290,189,boxed
/Users/vineelap/Documents/piglets_detection/piglet-detection-main/artifacts/label_samples/2026-07-10__10_00_07#M/track_1130_f13890.jpg,2,2,0,192,27,271,65,boxed
/Users/vineelap/Documents/piglets_detection/piglet-detection-main/artifacts/label_samples/2026-07-10__13_30_08#M/track_1782_f11020.jpg,6,6,0,276,124,364,181,boxed
/Users/vineelap/Documents/piglets_detection/piglet-detection-main/artifacts/label_samples/2026-07-10__10_00_07#M/track_447_f8520.jpg,2,2,0,149,128,213,221,boxed
/Users/vineelap/Documents/piglets_detection/piglet-detection-main/artifacts/label_samples/2026-07-10__10_00_07#M/track_1130_f13870.jpg,2,2,0,142,116,218,167,boxed
/Users/vineelap/Documents/piglets_detection/piglet-detection-main/artifacts/label_samples/2026-07-10__13_30_08#M/track_889_f6010.jpg,8,8,0,204,43,279,90,boxed
/Users/vineelap/Documents/piglets_detection/piglet-detection-main/artifacts/label_samples/2026-07-11__09_30_06#M/track_2734_f17720.jpg,3,3,0,65,96,125,172,boxed
/Users/vineelap/Documents/piglets_detection/piglet-detection-main/artifacts/label_samples/2026-07-10__13_00_08#M/track_460_f9160.jpg,2,2,0,134,204,226,296,boxed
/Users/vineelap/Documents/piglets_detection/piglet-detection-main/artifacts/label_samples/2026-07-10__13_00_08#M/track_879_f10620.jpg,6,6,0,178,97,262,155,boxed
/Users/vineelap/Documents/piglets_detection/piglet-detection-main/artifacts/label_samples/2026-07-11__09_30_06#M/track_1728_f12760.jpg,3,3,0,68,133,140,214,boxed
/Users/vineelap/Documents/piglets_detection/piglet-detection-main/artifacts/label_samples/2026-07-10__08_30_06#M/track_333_f1790.jpg,8,8,0,174,133,256,199,boxed
/Users/vineelap/Documents/piglets_detection/piglet-detection-main/artifacts/label_samples/2026-07-10__10_00_07#M/track_915_f12440.jpg,2,2,0,178,86,261,146,boxed
/Users/vineelap/Documents/piglets_detection/piglet-detection-main/artifacts/label_samples/2026-07-10__13_30_08#M/track_1429_f8880.jpg,8,8,0,217,115,300,188,boxed
/Users/vineelap/Documents/piglets_detection/piglet-detection-main/artifacts/label_samples/2026-07-10__10_00_07#M/track_1934_f19290.jpg,8,8,0,237,87,293,146,boxed
/Users/vineelap/Documents/piglets_detection/piglet-detection-main/artifacts/label_samples/2026-07-14__16_00_06#M/track_372.jpg,6,6,0,111,140,170,236,boxed
/Users/vineelap/Documents/piglets_detection/piglet-detection-main/artifacts/label_samples/2026-07-11__09_30_06#M/track_1626_f12270.jpg,6,6,0,117,7,178,56,boxed
/Users/vineelap/Documents/piglets_detection/piglet-detection-main/artifacts/label_samples/2026-07-10__13_30_08#M/track_510_f3230.jpg,1,1,0,97,249,165,329,boxed
/Users/vineelap/Documents/piglets_detection/piglet-detection-main/artifacts/label_samples/2026-07-11__09_30_06#M/track_2114_f14950.jpg,6,6,0,179,181,256,259,boxed
/Users/vineelap/Documents/piglets_detection/piglet-detection-main/artifacts/label_samples/2026-07-11__09_30_06#M/track_2172_f15290.jpg,3,3,0,79,68,127,144,boxed
/Users/vineelap/Documents/piglets_detection/piglet-detection-main/artifacts/label_samples/2026-07-11__09_30_06#M/track_2722_f17460.jpg,6,6,0,172,176,260,250,boxed
/Users/vineelap/Documents/piglets_detection/piglet-detection-main/artifacts/label_samples/2026-07-11__09_30_06#M/track_298_f2210.jpg,3,3,0,38,38,93,102,boxed
/Users/vineelap/Documents/piglets_detection/piglet-detection-main/artifacts/label_samples/2026-07-10__10_00_07#M/track_406_f8170.jpg,1,1,0,178,40,235,94,boxed
/Users/vineelap/Documents/piglets_detection/piglet-detection-main/artifacts/label_samples/2026-07-10__10_00_07#M/track_793_f11230.jpg,1,1,0,138,236,212,304,boxed
/Users/vineelap/Documents/piglets_detection/piglet-detection-main/artifacts/label_samples/2026-07-10__13_00_08#M/track_422_f9020.jpg,6,6,0,123,178,164,254,boxed
/Users/vineelap/Documents/piglets_detection/piglet-detection-main/artifacts/label_samples/2026-07-11__09_30_06#M/track_1605_f12160.jpg,6,6,0,234,68,311,145,boxed
/Users/vineelap/Documents/piglets_detection/piglet-detection-main/artifacts/label_samples/2026-07-10__10_00_07#M/track_1020_f13040.jpg,2,2,0,211,109,289,171,boxed
/Users/vineelap/Documents/piglets_detection/piglet-detection-main/artifacts/label_samples/2026-07-11__09_30_06#M/track_1605_f12230.jpg,6,6,0,204,18,276,70,boxed
/Users/vineelap/Documents/piglets_detection/piglet-detection-main/artifacts/label_samples/2026-07-11__09_30_06#M/track_2160_f15170.jpg,2,2,0,137,70,222,148,boxed
/Users/vineelap/Documents/piglets_detection/piglet-detection-main/artifacts/label_samples/2026-07-11__09_30_06#M/track_2308_f15850.jpg,2,2,0,186,150,259,228,boxed
/Users/vineelap/Documents/piglets_detection/piglet-detection-main/artifacts/label_samples/2026-07-10__10_00_07#M/track_940_f12600.jpg,1,1,0,108,188,163,271,boxed
/Users/vineelap/Documents/piglets_detection/piglet-detection-main/artifacts/label_samples/2026-07-10__13_30_08#M/track_1588_f9580.jpg,6,6,0,73,239,139,334,boxed
/Users/vineelap/Documents/piglets_detection/piglet-detection-main/artifacts/label_samples/2026-07-11__09_30_06#M/track_1060_f8900.jpg,3,3,0,154,149,240,217,boxed
/Users/vineelap/Documents/piglets_detection/piglet-detection-main/artifacts/label_samples/2026-07-10__08_30_06#M/track_323_f1600.jpg,8,8,0,103,217,184,314,boxed
/Users/vineelap/Documents/piglets_detection/piglet-detection-main/artifacts/label_samples/2026-07-11__09_30_06#M/track_117_f1140.jpg,8,8,0,184,141,259,213,boxed
/Users/vineelap/Documents/piglets_detection/piglet-detection-main/artifacts/label_samples/2026-07-10__10_00_07#M/track_1489_f16570.jpg,2,2,0,63,90,119,161,boxed
/Users/vineelap/Documents/piglets_detection/piglet-detection-main/artifacts/label_samples/2026-07-11__09_30_06#M/track_1852_f14110.jpg,3,3,0,169,112,238,200,boxed
/Users/vineelap/Documents/piglets_detection/piglet-detection-main/artifacts/label_samples/2026-07-10__13_30_08#M/track_60_f290.jpg,1,1,0,26,158,112,259,boxed
/Users/vineelap/Documents/piglets_detection/piglet-detection-main/artifacts/label_samples/2026-07-10__08_30_06#M/track_352_f1790.jpg,1,1,0,117,14,169,67,boxed
/Users/vineelap/Documents/piglets_detection/piglet-detection-main/artifacts/label_samples/2026-07-10__10_00_07#M/track_389_f8150.jpg,2,2,0,155,124,255,202,boxed
/Users/vineelap/Documents/piglets_detection/piglet-detection-main/artifacts/label_samples/2026-07-11__09_30_06#M/track_1939_f13960.jpg,6,6,0,152,293,216,387,boxed
/Users/vineelap/Documents/piglets_detection/piglet-detection-main/artifacts/label_samples/2026-07-10__10_00_07#M/track_942_f14010.jpg,2,2,0,178,51,237,132,boxed
/Users/vineelap/Documents/piglets_detection/piglet-detection-main/artifacts/label_samples/2026-07-10__10_00_07#M/track_1853_f18670.jpg,8,8,0,102,12,169,106,boxed
/Users/vineelap/Documents/piglets_detection/piglet-detection-main/artifacts/label_samples/2026-07-10__10_00_07#M/track_966_f12740.jpg,3,3,0,160,109,243,178,boxed
/Users/vineelap/Documents/piglets_detection/piglet-detection-main/artifacts/label_samples/2026-07-10__13_30_08#M/track_974_f6620.jpg,8,8,0,236,128,337,213,boxed
/Users/vineelap/Documents/piglets_detection/piglet-detection-main/artifacts/label_samples/2026-07-11__09_30_06#M/track_409_f3080.jpg,2,2,0,96,188,180,303,boxed
/Users/vineelap/Documents/piglets_detection/piglet-detection-main/artifacts/label_samples/2026-07-11__09_30_06#M/track_2473_f16350.jpg,2,2,0,164,45,234,99,boxed
/Users/vineelap/Documents/piglets_detection/piglet-detection-main/artifacts/label_samples/2026-07-11__09_30_06#M/track_2694_f17210.jpg,2,2,0,178,121,245,198,boxed
/Users/vineelap/Documents/piglets_detection/piglet-detection-main/artifacts/label_samples/2026-07-10__13_00_08#M/track_419_f9040.jpg,3,3,0,119,187,200,287,boxed
/Users/vineelap/Documents/piglets_detection/piglet-detection-main/artifacts/label_samples/2026-07-10__10_00_07#M/track_542_f9390.jpg,2,2,0,101,134,182,226,boxed
/Users/vineelap/Documents/piglets_detection/piglet-detection-main/artifacts/label_samples/2026-07-10__13_30_08#M/track_866_f5870.jpg,1,1,0,65,128,164,238,boxed
/Users/vineelap/Documents/piglets_detection/piglet-detection-main/artifacts/label_samples/2026-07-10__13_30_08#M/track_1327_f8080.jpg,8,8,0,134,111,226,183,boxed
/Users/vineelap/Documents/piglets_detection/piglet-detection-main/artifacts/label_samples/2026-07-10__13_30_08#M/track_35_f330.jpg,2,2,0,213,72,331,151,boxed
/Users/vineelap/Documents/piglets_detection/piglet-detection-main/artifacts/label_samples/2026-07-10__08_30_06#M/track_433_f2120.jpg,6,6,0,263,94,344,161,boxed
/Users/vineelap/Documents/piglets_detection/piglet-detection-main/artifacts/label_samples/2026-07-10__13_30_08#M/track_1426_f8830.jpg,6,6,0,125,45,200,114,boxed
/Users/vineelap/Documents/piglets_detection/piglet-detection-main/artifacts/label_samples/2026-07-11__09_30_06#M/track_1835_f13540.jpg,2,2,0,77,109,150,209,boxed
/Users/vineelap/Documents/piglets_detection/piglet-detection-main/artifacts/label_samples/2026-07-10__13_00_08#M/track_1546_f19130.jpg,3,3,0,90,143,152,223,boxed
/Users/vineelap/Documents/piglets_detection/piglet-detection-main/artifacts/label_samples/2026-07-10__08_30_06#M/track_12_f40.jpg,2,2,0,175,114,254,208,boxed
/Users/vineelap/Documents/piglets_detection/piglet-detection-main/artifacts/label_samples/2026-07-10__10_00_07#M/track_951_f12600.jpg,2,2,0,117,151,198,268,boxed
/Users/vineelap/Documents/piglets_detection/piglet-detection-main/artifacts/label_samples/2026-07-11__09_30_06#M/track_457_f4190.jpg,8,8,0,207,18,254,79,boxed
/Users/vineelap/Documents/piglets_detection/piglet-detection-main/artifacts/label_samples/2026-07-10__10_00_07#M/track_966_f12670.jpg,3,3,0,154,82,239,179,boxed
/Users/vineelap/Documents/piglets_detection/piglet-detection-main/artifacts/label_samples/2026-07-10__13_00_08#M/track_732_f9930.jpg,6,6,0,113,102,190,171,boxed
/Users/vineelap/Documents/piglets_detection/piglet-detection-main/artifacts/label_samples/2026-07-10__10_00_07#M/track_100_f3240.jpg,8,8,0,117,280,201,384,boxed
/Users/vineelap/Documents/piglets_detection/piglet-detection-main/artifacts/label_samples/2026-07-10__13_30_08#M/track_242_f1290.jpg,8,8,0,114,246,185,341,boxed
/Users/vineelap/Documents/piglets_detection/piglet-detection-main/artifacts/label_samples/2026-07-11__09_30_06#M/track_2800_f17970.jpg,3,3,0,130,77,210,172,boxed
/Users/vineelap/Documents/piglets_detection/piglet-detection-main/artifacts/label_samples/2026-07-10__10_00_07#M/track_182_f3960.jpg,3,3,0,165,26,233,90,boxed
/Users/vineelap/Documents/piglets_detection/piglet-detection-main/artifacts/label_samples/2026-07-10__13_30_08#M/track_1429_f8870.jpg,8,8,0,260,196,337,272,boxed
/Users/vineelap/Documents/piglets_detection/piglet-detection-main/artifacts/label_samples/2026-07-10__08_30_06#M/track_199_f1540.jpg,1,1,0,242,142,324,206,boxed
/Users/vineelap/Documents/piglets_detection/piglet-detection-main/artifacts/label_samples/2026-07-10__10_00_07#M/track_814_f11660.jpg,2,2,0,161,154,246,238,boxed
/Users/vineelap/Documents/piglets_detection/piglet-detection-main/artifacts/label_samples/2026-07-10__13_30_08#M/track_1893_f12180.jpg,1,1,0,116,188,172,272,boxed
/Users/vineelap/Documents/piglets_detection/piglet-detection-main/artifacts/label_samples/2026-07-10__13_30_08#M/track_105_f740.jpg,2,2,0,130,97,214,172,boxed
/Users/vineelap/Documents/piglets_detection/piglet-detection-main/artifacts/label_samples/2026-07-10__10_00_07#M/track_154_f3770.jpg,8,8,0,82,221,149,329,boxed
/Users/vineelap/Documents/piglets_detection/piglet-detection-main/artifacts/label_samples/2026-07-10__10_00_07#M/track_360_f7860.jpg,6,6,0,208,105,263,163,boxed
/Users/vineelap/Documents/piglets_detection/piglet-detection-main/artifacts/label_samples/2026-07-11__09_30_06#M/track_1384_f11010.jpg,8,8,0,159,132,238,199,boxed
/Users/vineelap/Documents/piglets_detection/piglet-detection-main/artifacts/label_samples/2026-07-10__13_30_08#M/track_1275_f7880.jpg,8,8,0,249,148,305,224,boxed
/Users/vineelap/Documents/piglets_detection/piglet-detection-main/artifacts/label_samples/2026-07-10__13_30_08#M/track_105_f720.jpg,2,2,0,181,105,271,181,boxed
/Users/vineelap/Documents/piglets_detection/piglet-detection-main/artifacts/label_samples/2026-07-10__10_00_07#M/track_1896_f18990.jpg,1,1,0,199,16,254,69,boxed
/Users/vineelap/Documents/piglets_detection/piglet-detection-main/artifacts/label_samples/2026-07-11__09_30_06#M/track_272_f2040.jpg,8,8,0,77,27,151,81,boxed
/Users/vineelap/Documents/piglets_detection/piglet-detection-main/artifacts/label_samples/2026-07-10__13_30_08#M/track_337_f2100.jpg,6,6,0,144,193,206,251,boxed
/Users/vineelap/Documents/piglets_detection/piglet-detection-main/artifacts/label_samples/2026-07-10__13_30_08#M/track_791_f5430.jpg,6,6,0,59,1,140,52,boxed
/Users/vineelap/Documents/piglets_detection/piglet-detection-main/artifacts/label_samples/2026-07-10__10_00_07#M/track_946_f12560.jpg,3,3,0,63,199,126,302,boxed
/Users/vineelap/Documents/piglets_detection/piglet-detection-main/artifacts/label_samples/2026-07-11__09_30_06#M/track_589_f4750.jpg,2,2,0,157,203,217,299,boxed
/Users/vineelap/Documents/piglets_detection/piglet-detection-main/artifacts/label_samples/2026-07-10__13_00_08#M/track_667_f9610.jpg,8,8,0,232,87,327,153,boxed
/Users/vineelap/Documents/piglets_detection/piglet-detection-main/artifacts/label_samples/2026-07-14__16_00_06#M/track_312.jpg,9,9,0,240,51,313,92,boxed
/Users/vineelap/Documents/piglets_detection/piglet-detection-main/artifacts/label_samples/2026-07-11__09_30_06#M/track_2563_f16710.jpg,8,8,0,121,176,153,226,boxed
/Users/vineelap/Documents/piglets_detection/piglet-detection-main/artifacts/label_samples/2026-07-10__10_00_07#M/track_758_f10990.jpg,2,2,0,118,108,186,169,boxed
/Users/vineelap/Documents/piglets_detection/piglet-detection-main/artifacts/label_samples/2026-07-10__13_30_08#M/track_919_f6080.jpg,3,3,0,94,202,160,325,boxed
/Users/vineelap/Documents/piglets_detection/piglet-detection-main/artifacts/label_samples/2026-07-10__08_30_06#M/track_1_f100.jpg,1,1,0,162,169,243,245,boxed
/Users/vineelap/Documents/piglets_detection/piglet-detection-main/artifacts/label_samples/2026-07-10__13_00_08#M/track_675_f9760.jpg,3,3,0,87,129,173,192,boxed
/Users/vineelap/Documents/piglets_detection/piglet-detection-main/artifacts/label_samples/2026-07-10__10_00_07#M/track_1190_f14320.jpg,2,2,0,177,126,253,216,boxed
/Users/vineelap/Documents/piglets_detection/piglet-detection-main/artifacts/label_samples/2026-07-10__10_00_07#M/track_459_f8610.jpg,8,8,0,159,98,223,137,boxed
/Users/vineelap/Documents/piglets_detection/piglet-detection-main/artifacts/label_samples/2026-07-10__08_30_06#M/track_857_f4450.jpg,8,8,0,195,159,288,253,boxed
/Users/vineelap/Documents/piglets_detection/piglet-detection-main/artifacts/label_samples/2026-07-10__13_30_08#M/track_1317_f8000.jpg,6,6,0,211,179,302,250,boxed
/Users/vineelap/Documents/piglets_detection/piglet-detection-main/artifacts/label_samples/2026-07-10__10_00_07#M/track_744_f10840.jpg,3,3,0,60,92,136,169,boxed
/Users/vineelap/Documents/piglets_detection/piglet-detection-main/artifacts/label_samples/2026-07-10__13_30_08#M/track_1031_f6770.jpg,8,8,0,143,71,193,131,boxed
/Users/vineelap/Documents/piglets_detection/piglet-detection-main/artifacts/label_samples/2026-07-10__13_30_08#M/track_453_f2970.jpg,1,1,0,82,196,145,259,boxed
/Users/vineelap/Documents/piglets_detection/piglet-detection-main/artifacts/label_samples/2026-07-10__13_30_08#M/track_525_f3720.jpg,3,3,0,94,231,161,307,boxed
/Users/vineelap/Documents/piglets_detection/piglet-detection-main/artifacts/label_samples/2026-07-10__08_30_06#M/track_362_f1860.jpg,2,2,0,84,138,142,244,boxed
/Users/vineelap/Documents/piglets_detection/piglet-detection-main/artifacts/label_samples/2026-07-10__10_00_07#M/track_643_f10010.jpg,8,8,0,256,191,350,258,boxed
/Users/vineelap/Documents/piglets_detection/piglet-detection-main/artifacts/label_samples/2026-07-11__09_30_06#M/track_2029_f14700.jpg,2,2,0,133,148,211,230,boxed
/Users/vineelap/Documents/piglets_detection/piglet-detection-main/artifacts/label_samples/2026-07-14__16_00_06#M/track_199.jpg,3,3,0,148,44,217,110,boxed
/Users/vineelap/Documents/piglets_detection/piglet-detection-main/artifacts/label_samples/2026-07-10__08_30_06#M/track_454_f2230.jpg,2,2,0,34,20,128,65,boxed
/Users/vineelap/Documents/piglets_detection/piglet-detection-main/artifacts/label_samples/2026-07-10__10_00_07#M/track_55_f2210.jpg,1,1,0,220,153,276,204,boxed
/Users/vineelap/Documents/piglets_detection/piglet-detection-main/artifacts/label_samples/2026-07-11__09_30_06#M/track_2040_f14740.jpg,3,3,0,99,148,175,238,boxed
/Users/vineelap/Documents/piglets_detection/piglet-detection-main/artifacts/label_samples/2026-07-10__10_00_07#M/track_726_f10770.jpg,1,1,0,98,118,155,175,boxed
/Users/vineelap/Documents/piglets_detection/piglet-detection-main/artifacts/label_samples/2026-07-11__09_30_06#M/track_1343_f10800.jpg,3,3,0,220,41,315,97,boxed
/Users/vineelap/Documents/piglets_detection/piglet-detection-main/artifacts/label_samples/2026-07-14__16_00_06#M/track_33.jpg,6,6,0,158,56,231,105,boxed
/Users/vineelap/Documents/piglets_detection/piglet-detection-main/artifacts/label_samples/2026-07-10__10_00_07#M/track_447_f8540.jpg,2,2,0,153,116,195,206,boxed
/Users/vineelap/Documents/piglets_detection/piglet-detection-main/artifacts/label_samples/2026-07-10__10_00_07#M/track_389_f8170.jpg,2,2,0,169,91,257,165,boxed
/Users/vineelap/Documents/piglets_detection/piglet-detection-main/artifacts/label_samples/2026-07-10__08_30_06#M/track_352_f1780.jpg,1,1,0,109,0,156,59,boxed
/Users/vineelap/Documents/piglets_detection/piglet-detection-main/artifacts/label_samples/2026-07-11__09_30_06#M/track_2855_f18700.jpg,3,3,0,96,130,184,201,boxed
/Users/vineelap/Documents/piglets_detection/piglet-detection-main/artifacts/label_samples/2026-07-10__13_00_08#M/track_675_f9740.jpg,3,3,0,75,147,152,206,boxed
/Users/vineelap/Documents/piglets_detection/piglet-detection-main/artifacts/label_samples/2026-07-10__10_00_07#M/track_331_f7720.jpg,8,8,0,86,35,157,93,boxed
/Users/vineelap/Documents/piglets_detection/piglet-detection-main/artifacts/label_samples/2026-07-11__09_30_06#M/track_2790_f18890.jpg,2,2,0,111,18,176,79,boxed
/Users/vineelap/Documents/piglets_detection/piglet-detection-main/artifacts/label_samples/2026-07-10__13_30_08#M/track_912_f6050.jpg,2,2,0,137,84,234,175,boxed
/Users/vineelap/Documents/piglets_detection/piglet-detection-main/artifacts/label_samples/2026-07-10__10_00_07#M/track_1025_f13150.jpg,3,3,0,86,67,149,120,boxed
/Users/vineelap/Documents/piglets_detection/piglet-detection-main/artifacts/label_samples/2026-07-11__09_30_06#M/track_117_f1080.jpg,8,8,0,185,164,286,245,boxed
/Users/vineelap/Documents/piglets_detection/piglet-detection-main/artifacts/label_samples/2026-07-11__09_30_06#M/track_1607_f12170.jpg,2,2,0,128,132,190,226,boxed
/Users/vineelap/Documents/piglets_detection/piglet-detection-main/artifacts/label_samples/2026-07-10__13_30_08#M/track_1031_f6750.jpg,8,8,0,85,96,153,176,boxed
/Users/vineelap/Documents/piglets_detection/piglet-detection-main/artifacts/label_samples/2026-07-10__10_00_07#M/track_1927_f19240.jpg,1,1,0,215,35,260,90,boxed
/Users/vineelap/Documents/piglets_detection/piglet-detection-main/artifacts/label_samples/2026-07-14__16_00_06#M/track_940.jpg,9,9,0,219,125,272,177,boxed
/Users/vineelap/Documents/piglets_detection/piglet-detection-main/artifacts/label_samples/2026-07-10__10_00_07#M/track_853_f12090.jpg,2,2,0,136,79,209,131,boxed
/Users/vineelap/Documents/piglets_detection/piglet-detection-main/artifacts/label_samples/2026-07-10__10_00_07#M/track_880_f12110.jpg,3,3,0,155,86,252,165,boxed
/Users/vineelap/Documents/piglets_detection/piglet-detection-main/artifacts/label_samples/2026-07-10__13_30_08#M/track_863_f5830.jpg,1,1,0,188,43,247,125,boxed
/Users/vineelap/Documents/piglets_detection/piglet-detection-main/artifacts/label_samples/2026-07-10__10_00_07#M/track_536_f9340.jpg,8,8,0,131,102,200,189,boxed
/Users/vineelap/Documents/piglets_detection/piglet-detection-main/artifacts/label_samples/2026-07-11__09_30_06#M/track_2829_f18400.jpg,3,3,0,102,95,158,151,boxed
/Users/vineelap/Documents/piglets_detection/piglet-detection-main/artifacts/label_samples/2026-07-11__09_30_06#M/track_1728_f12790.jpg,3,3,0,66,119,136,204,boxed
/Users/vineelap/Documents/piglets_detection/piglet-detection-main/artifacts/label_samples/2026-07-10__08_30_06#M/track_383_f1890.jpg,2,2,0,62,152,130,245,boxed
/Users/vineelap/Documents/piglets_detection/piglet-detection-main/artifacts/label_samples/2026-07-10__13_30_08#M/track_49_f890.jpg,6,6,0,156,117,220,178,boxed
/Users/vineelap/Documents/piglets_detection/piglet-detection-main/artifacts/label_samples/2026-07-10__10_00_07#M/track_1645_f17490.jpg,1,1,0,174,142,235,209,boxed
/Users/vineelap/Documents/piglets_detection/piglet-detection-main/artifacts/label_samples/2026-07-11__09_30_06#M/track_1770_f13070.jpg,3,3,0,189,35,273,104,boxed
/Users/vineelap/Documents/piglets_detection/piglet-detection-main/artifacts/label_samples/2026-07-11__09_30_06#M/track_248_f1960.jpg,8,8,0,73,0,160,49,boxed
/Users/vineelap/Documents/piglets_detection/piglet-detection-main/artifacts/label_samples/2026-07-10__13_30_08#M/track_1199_f7440.jpg,8,8,0,245,148,332,210,boxed
/Users/vineelap/Documents/piglets_detection/piglet-detection-main/artifacts/label_samples/2026-07-10__10_00_07#M/track_100_f3280.jpg,8,8,0,132,290,210,403,boxed
/Users/vineelap/Documents/piglets_detection/piglet-detection-main/artifacts/label_samples/2026-07-10__08_30_06#M/track_1333_f8670.jpg,6,6,0,267,108,338,162,boxed
/Users/vineelap/Documents/piglets_detection/piglet-detection-main/artifacts/label_samples/2026-07-11__09_30_06#M/track_1945_f14000.jpg,2,2,0,94,214,167,283,boxed
/Users/vineelap/Documents/piglets_detection/piglet-detection-main/artifacts/label_samples/2026-07-11__09_30_06#M/track_2149_f15070.jpg,6,6,0,261,20,345,63,boxed
/Users/vineelap/Documents/piglets_detection/piglet-detection-main/artifacts/label_samples/2026-07-11__09_30_06#M/track_194_f1730.jpg,3,3,0,60,191,151,284,boxed
/Users/vineelap/Documents/piglets_detection/piglet-detection-main/artifacts/label_samples/2026-07-10__10_00_07#M/track_1875_f18920.jpg,1,1,0,248,97,293,167,boxed
/Users/vineelap/Documents/piglets_detection/piglet-detection-main/artifacts/label_samples/2026-07-11__09_30_06#M/track_2844_f18520.jpg,8,8,0,232,129,317,216,boxed
/Users/vineelap/Documents/piglets_detection/piglet-detection-main/artifacts/label_samples/2026-07-10__13_00_08#M/track_1609_f19630.jpg,6,6,0,151,73,217,131,boxed
/Users/vineelap/Documents/piglets_detection/piglet-detection-main/artifacts/label_samples/2026-07-10__10_00_07#M/track_536_f9360.jpg,8,8,0,119,112,212,204,boxed
/Users/vineelap/Documents/piglets_detection/piglet-detection-main/artifacts/label_samples/2026-07-10__13_30_08#M/track_596_f3680.jpg,8,8,0,152,170,232,258,boxed
/Users/vineelap/Documents/piglets_detection/piglet-detection-main/artifacts/label_samples/2026-07-11__09_30_06#M/track_1607_f12160.jpg,2,2,0,124,135,210,235,boxed
/Users/vineelap/Documents/piglets_detection/piglet-detection-main/artifacts/label_samples/2026-07-10__10_00_07#M/track_522_f9230.jpg,8,8,0,210,86,281,167,boxed
/Users/vineelap/Documents/piglets_detection/piglet-detection-main/artifacts/label_samples/2026-07-10__08_30_06#M/track_454_f2180.jpg,2,2,0,54,21,135,63,boxed
/Users/vineelap/Documents/piglets_detection/piglet-detection-main/artifacts/label_samples/2026-07-10__08_30_06#M/track_476_f2360.jpg,2,2,0,121,36,204,97,boxed
/Users/vineelap/Documents/piglets_detection/piglet-detection-main/artifacts/label_samples/2026-07-10__08_30_06#M/track_1346_f8790.jpg,6,6,0,60,260,135,356,boxed
/Users/vineelap/Documents/piglets_detection/piglet-detection-main/artifacts/label_samples/2026-07-10__10_00_07#M/track_1655_f17480.jpg,3,3,0,147,113,205,166,boxed
/Users/vineelap/Documents/piglets_detection/piglet-detection-main/artifacts/label_samples/2026-07-10__10_00_07#M/track_977_f13010.jpg,3,3,0,81,153,154,215,boxed
/Users/vineelap/Documents/piglets_detection/piglet-detection-main/artifacts/label_samples/2026-07-11__09_30_06#M/track_2473_f16330.jpg,2,2,0,189,47,285,90,boxed
/Users/vineelap/Documents/piglets_detection/piglet-detection-main/artifacts/label_samples/2026-07-10__13_30_08#M/track_803_f5720.jpg,6,6,0,208,132,345,181,boxed
/Users/vineelap/Documents/piglets_detection/piglet-detection-main/artifacts/label_samples/2026-07-10__13_30_08#M/track_1686_f10050.jpg,3,3,0,74,203,158,295,boxed
/Users/vineelap/Documents/piglets_detection/piglet-detection-main/artifacts/label_samples/2026-07-11__09_30_06#M/track_1060_f8910.jpg,3,3,0,171,145,248,215,boxed
/Users/vineelap/Documents/piglets_detection/piglet-detection-main/artifacts/label_samples/2026-07-10__13_00_08#M/track_417_f9020.jpg,1,1,0,84,132,149,210,boxed
/Users/vineelap/Documents/piglets_detection/piglet-detection-main/artifacts/label_samples/2026-07-10__10_00_07#M/track_457_f8610.jpg,2,2,0,118,83,186,179,boxed
/Users/vineelap/Documents/piglets_detection/piglet-detection-main/artifacts/label_samples/2026-07-10__10_00_07#M/track_372_f7950.jpg,2,2,0,234,103,315,166,boxed
/Users/vineelap/Documents/piglets_detection/piglet-detection-main/artifacts/label_samples/2026-07-10__08_30_06#M/track_1076_f6340.jpg,6,6,0,162,211,238,289,boxed
/Users/vineelap/Documents/piglets_detection/piglet-detection-main/artifacts/label_samples/2026-07-10__08_30_06#M/track_1230_f7620.jpg,6,6,0,50,49,121,111,boxed
/Users/vineelap/Documents/piglets_detection/piglet-detection-main/artifacts/label_samples/2026-07-10__08_30_06#M/track_1079_f6400.jpg,6,6,0,109,106,178,157,boxed
/Users/vineelap/Documents/piglets_detection/piglet-detection-main/artifacts/label_samples/2026-07-11__09_30_06#M/track_665_f5110.jpg,3,3,0,31,163,116,251,boxed
/Users/vineelap/Documents/piglets_detection/piglet-detection-main/artifacts/label_samples/2026-07-10__13_30_08#M/track_179_f900.jpg,1,1,0,106,138,178,229,boxed
/Users/vineelap/Documents/piglets_detection/piglet-detection-main/artifacts/label_samples/2026-07-10__08_30_06#M/track_1239_f7680.jpg,6,6,0,141,269,214,340,boxed
/Users/vineelap/Documents/piglets_detection/piglet-detection-main/artifacts/label_samples/2026-07-10__10_00_07#M/track_338_f7760.jpg,8,8,0,123,160,207,244,boxed
/Users/vineelap/Documents/piglets_detection/piglet-detection-main/artifacts/label_samples/2026-07-11__09_30_06#M/track_2188_f15690.jpg,6,6,0,291,75,372,127,boxed
/Users/vineelap/Documents/piglets_detection/piglet-detection-main/artifacts/label_samples/2026-07-10__08_30_06#M/track_103_f320.jpg,1,1,0,24,155,110,248,boxed
/Users/vineelap/Documents/piglets_detection/piglet-detection-main/artifacts/label_samples/2026-07-11__09_30_06#M/track_1316_f10650.jpg,3,3,0,139,83,221,162,boxed
/Users/vineelap/Documents/piglets_detection/piglet-detection-main/artifacts/label_samples/2026-07-10__10_00_07#M/track_1693_f17740.jpg,8,8,0,266,34,322,87,boxed
/Users/vineelap/Documents/piglets_detection/piglet-detection-main/artifacts/label_samples/2026-07-14__16_00_06#M/track_696.jpg,6,6,0,184,38,256,104,boxed
/Users/vineelap/Documents/piglets_detection/piglet-detection-main/artifacts/label_samples/2026-07-10__13_30_08#M/track_754_f5040.jpg,8,8,0,61,49,107,106,boxed
/Users/vineelap/Documents/piglets_detection/piglet-detection-main/artifacts/label_samples/2026-07-10__10_00_07#M/track_1839_f18590.jpg,1,1,0,207,1,275,44,boxed
/Users/vineelap/Documents/piglets_detection/piglet-detection-main/artifacts/label_samples/2026-07-10__08_30_06#M/track_53_f200.jpg,1,1,0,146,5,202,58,boxed
/Users/vineelap/Documents/piglets_detection/piglet-detection-main/artifacts/label_samples/2026-07-10__13_30_08#M/track_35_f230.jpg,2,2,0,158,143,242,234,boxed
/Users/vineelap/Documents/piglets_detection/piglet-detection-main/artifacts/label_samples/2026-07-10__08_30_06#M/track_352_f1810.jpg,1,1,0,63,140,129,197,boxed
/Users/vineelap/Documents/piglets_detection/piglet-detection-main/artifacts/label_samples/2026-07-10__13_30_08#M/track_13_f30.jpg,1,1,0,137,144,206,208,boxed
/Users/vineelap/Documents/piglets_detection/piglet-detection-main/artifacts/label_samples/2026-07-10__10_00_07#M/track_880_f12070.jpg,3,3,0,92,150,164,250,boxed
/Users/vineelap/Documents/piglets_detection/piglet-detection-main/artifacts/label_samples/2026-07-10__10_00_07#M/track_1708_f17810.jpg,2,2,0,167,125,271,205,boxed
/Users/vineelap/Documents/piglets_detection/piglet-detection-main/artifacts/label_samples/2026-07-10__13_00_08#M/track_848_f10480.jpg,6,6,0,217,57,299,123,boxed
/Users/vineelap/Documents/piglets_detection/piglet-detection-main/artifacts/label_samples/2026-07-10__10_00_07#M/track_389_f8160.jpg,2,2,0,167,121,261,215,boxed
/Users/vineelap/Documents/piglets_detection/piglet-detection-main/artifacts/label_samples/2026-07-10__10_00_07#M/track_1031_f13360.jpg,2,2,0,217,9,300,72,boxed
/Users/vineelap/Documents/piglets_detection/piglet-detection-main/artifacts/label_samples/2026-07-10__13_30_08#M/track_285_f1760.jpg,8,8,0,171,3,230,77,boxed
/Users/vineelap/Documents/piglets_detection/piglet-detection-main/artifacts/label_samples/2026-07-14__16_00_06#M/track_1227.jpg,3,3,0,202,56,268,122,boxed
/Users/vineelap/Documents/piglets_detection/piglet-detection-main/artifacts/label_samples/2026-07-11__09_30_06#M/track_2985_f19490.jpg,3,3,0,36,25,84,72,boxed
/Users/vineelap/Documents/piglets_detection/piglet-detection-main/artifacts/label_samples/2026-07-10__13_30_08#M/track_1049_f6820.jpg,6,6,0,100,16,171,69,boxed
/Users/vineelap/Documents/piglets_detection/piglet-detection-main/artifacts/label_samples/2026-07-11__09_30_06#M/track_1199_f9680.jpg,2,2,0,147,88,233,171,boxed
/Users/vineelap/Documents/piglets_detection/piglet-detection-main/artifacts/label_samples/2026-07-10__10_00_07#M/track_880_f12080.jpg,3,3,0,105,138,159,232,boxed
/Users/vineelap/Documents/piglets_detection/piglet-detection-main/artifacts/label_samples/2026-07-10__13_30_08#M/track_89_f600.jpg,8,8,0,188,96,259,148,boxed
/Users/vineelap/Documents/piglets_detection/piglet-detection-main/artifacts/label_samples/2026-07-11__09_30_06#M/track_1612_f12270.jpg,3,3,0,89,114,184,191,boxed
/Users/vineelap/Documents/piglets_detection/piglet-detection-main/artifacts/label_samples/2026-07-10__13_30_08#M/track_24_f90.jpg,3,3,0,100,10,157,105,boxed
/Users/vineelap/Documents/piglets_detection/piglet-detection-main/artifacts/label_samples/2026-07-10__08_30_06#M/track_1219_f7470.jpg,6,6,0,176,86,228,159,boxed
/Users/vineelap/Documents/piglets_detection/piglet-detection-main/artifacts/label_samples/2026-07-10__10_00_07#M/track_1299_f15230.jpg,2,2,0,84,12,153,69,boxed
/Users/vineelap/Documents/piglets_detection/piglet-detection-main/artifacts/label_samples/2026-07-14__16_00_06#M/track_1699.jpg,1,1,0,40,95,94,154,boxed
/Users/vineelap/Documents/piglets_detection/piglet-detection-main/artifacts/label_samples/2026-07-10__10_00_07#M/track_1693_f17800.jpg,8,8,0,47,243,125,318,boxed
/Users/vineelap/Documents/piglets_detection/piglet-detection-main/artifacts/label_samples/2026-07-10__10_00_07#M/track_1875_f18960.jpg,1,1,0,138,23,206,78,boxed
/Users/vineelap/Documents/piglets_detection/piglet-detection-main/artifacts/label_samples/2026-07-11__09_30_06#M/track_2352_f16050.jpg,1,1,0,166,74,233,130,boxed
/Users/vineelap/Documents/piglets_detection/piglet-detection-main/artifacts/label_samples/2026-07-10__10_00_07#M/track_45_f1680.jpg,1,1,0,205,78,265,134,boxed
/Users/vineelap/Documents/piglets_detection/piglet-detection-main/artifacts/label_samples/2026-07-11__09_30_06#M/track_248_f1930.jpg,8,8,0,60,1,163,54,boxed
/Users/vineelap/Documents/piglets_detection/piglet-detection-main/artifacts/label_samples/2026-07-10__08_30_06#M/track_433_f2160.jpg,6,6,0,238,59,313,125,boxed
/Users/vineelap/Documents/piglets_detection/piglet-detection-main/artifacts/label_samples/2026-07-10__13_30_08#M/track_599_f3970.jpg,3,3,0,103,219,180,309,boxed
/Users/vineelap/Documents/piglets_detection/piglet-detection-main/artifacts/label_samples/2026-07-10__13_30_08#M/track_1031_f6760.jpg,8,8,0,73,148,140,207,boxed
/Users/vineelap/Documents/piglets_detection/piglet-detection-main/artifacts/label_samples/2026-07-10__13_00_08#M/track_415_f8990.jpg,8,8,0,149,87,210,168,boxed
/Users/vineelap/Documents/piglets_detection/piglet-detection-main/artifacts/label_samples/2026-07-11__09_30_06#M/track_2855_f18640.jpg,3,3,0,103,117,164,220,boxed
/Users/vineelap/Documents/piglets_detection/piglet-detection-main/artifacts/label_samples/2026-07-11__09_30_06#M/track_1991_f14450.jpg,6,6,0,78,164,138,235,boxed
/Users/vineelap/Documents/piglets_detection/piglet-detection-main/artifacts/label_samples/2026-07-10__10_00_07#M/track_319_f7800.jpg,2,2,0,279,140,383,209,boxed
/Users/vineelap/Documents/piglets_detection/piglet-detection-main/artifacts/label_samples/2026-07-10__08_30_06#M/track_1_f110.jpg,1,1,0,264,96,349,172,boxed
/Users/vineelap/Documents/piglets_detection/piglet-detection-main/artifacts/label_samples/2026-07-10__08_30_06#M/track_414_f2210.jpg,6,6,0,250,124,320,169,boxed
/Users/vineelap/Documents/piglets_detection/piglet-detection-main/artifacts/label_samples/2026-07-10__13_30_08#M/track_1252_f7700.jpg,8,8,0,45,48,106,112,boxed
/Users/vineelap/Documents/piglets_detection/piglet-detection-main/artifacts/label_samples/2026-07-11__09_30_06#M/track_2977_f19560.jpg,2,2,0,155,84,229,175,boxed
/Users/vineelap/Documents/piglets_detection/piglet-detection-main/artifacts/label_samples/2026-07-11__09_30_06#M/track_2794_f17910.jpg,3,3,0,174,32,267,96,boxed
/Users/vineelap/Documents/piglets_detection/piglet-detection-main/artifacts/label_samples/2026-07-10__10_00_07#M/track_339_f7760.jpg,1,1,0,149,36,208,87,boxed
/Users/vineelap/Documents/piglets_detection/piglet-detection-main/artifacts/label_samples/2026-07-10__08_30_06#M/track_323_f1570.jpg,8,8,0,166,172,253,263,boxed
/Users/vineelap/Documents/piglets_detection/piglet-detection-main/artifacts/label_samples/2026-07-14__16_00_06#M/track_1074.jpg,9,9,0,168,3,204,39,boxed
/Users/vineelap/Documents/piglets_detection/piglet-detection-main/artifacts/label_samples/2026-07-11__09_30_06#M/track_2575_f16600.jpg,2,2,0,185,43,272,88,boxed
/Users/vineelap/Documents/piglets_detection/piglet-detection-main/artifacts/label_samples/2026-07-10__10_00_07#M/track_691_f10410.jpg,1,1,0,90,155,155,230,boxed
/Users/vineelap/Documents/piglets_detection/piglet-detection-main/artifacts/label_samples/2026-07-11__09_30_06#M/track_678_f5620.jpg,8,8,0,253,120,316,183,boxed
/Users/vineelap/Documents/piglets_detection/piglet-detection-main/artifacts/label_samples/2026-07-11__09_30_06#M/track_589_f4640.jpg,2,2,0,71,68,127,129,boxed
/Users/vineelap/Documents/piglets_detection/piglet-detection-main/artifacts/label_samples/2026-07-11__09_30_06#M/track_3006_f19600.jpg,3,3,0,85,162,168,267,boxed
/Users/vineelap/Documents/piglets_detection/piglet-detection-main/artifacts/label_samples/2026-07-10__13_30_08#M/track_1269_f7810.jpg,3,3,0,78,24,136,90,boxed
/Users/vineelap/Documents/piglets_detection/piglet-detection-main/artifacts/label_samples/2026-07-10__10_00_07#M/track_1292_f15290.jpg,2,2,0,103,163,189,266,boxed
/Users/vineelap/Documents/piglets_detection/piglet-detection-main/artifacts/label_samples/2026-07-10__08_30_06#M/track_12_f30.jpg,2,2,0,79,214,154,308,boxed
/Users/vineelap/Documents/piglets_detection/piglet-detection-main/artifacts/label_samples/2026-07-10__10_00_07#M/track_901_f12270.jpg,6,6,0,161,151,210,222,boxed
/Users/vineelap/Documents/piglets_detection/piglet-detection-main/artifacts/label_samples/2026-07-10__10_00_07#M/track_367_f7910.jpg,2,2,0,214,48,332,129,boxed
/Users/vineelap/Documents/piglets_detection/piglet-detection-main/artifacts/label_samples/2026-07-11__09_30_06#M/track_1316_f10630.jpg,3,3,0,266,54,370,113,boxed
/Users/vineelap/Documents/piglets_detection/piglet-detection-main/artifacts/label_samples/2026-07-10__13_00_08#M/track_695_f9730.jpg,6,6,0,244,129,328,220,boxed
/Users/vineelap/Documents/piglets_detection/piglet-detection-main/artifacts/label_samples/2026-07-10__13_30_08#M/track_1104_f7030.jpg,6,6,0,11,45,69,118,boxed
/Users/vineelap/Documents/piglets_detection/piglet-detection-main/artifacts/label_samples/2026-07-11__09_30_06#M/track_1395_f11040.jpg,3,3,0,181,28,239,70,boxed
/Users/vineelap/Documents/piglets_detection/piglet-detection-main/artifacts/label_samples/2026-07-11__09_30_06#M/track_2722_f17410.jpg,6,6,0,160,130,224,187,boxed
/Users/vineelap/Documents/piglets_detection/piglet-detection-main/artifacts/label_samples/2026-07-10__10_00_07#M/track_609_f9870.jpg,1,1,0,218,129,293,181,boxed
/Users/vineelap/Documents/piglets_detection/piglet-detection-main/artifacts/label_samples/2026-07-10__10_00_07#M/track_814_f11680.jpg,2,2,0,183,164,251,263,boxed
/Users/vineelap/Documents/piglets_detection/piglet-detection-main/artifacts/label_samples/2026-07-11__09_30_06#M/track_1742_f12920.jpg,6,6,0,164,176,235,243,boxed
/Users/vineelap/Documents/piglets_detection/piglet-detection-main/artifacts/label_samples/2026-07-10__13_30_08#M/track_1598_f9580.jpg,3,3,0,102,119,170,198,boxed
/Users/vineelap/Documents/piglets_detection/piglet-detection-main/artifacts/label_samples/2026-07-10__08_30_06#M/track_433_f2140.jpg,6,6,0,239,107,323,165,boxed
/Users/vineelap/Documents/piglets_detection/piglet-detection-main/artifacts/label_samples/2026-07-10__10_00_07#M/track_1102_f13770.jpg,2,2,0,168,69,260,130,boxed
/Users/vineelap/Documents/piglets_detection/piglet-detection-main/artifacts/label_samples/2026-07-10__08_30_06#M/track_945_f4950.jpg,6,6,0,253,93,344,180,boxed
/Users/vineelap/Documents/piglets_detection/piglet-detection-main/artifacts/label_samples/2026-07-11__09_30_06#M/track_1078_f8950.jpg,3,3,0,92,91,170,154,boxed
/Users/vineelap/Documents/piglets_detection/piglet-detection-main/artifacts/label_samples/2026-07-10__08_30_06#M/track_370_f1880.jpg,1,1,0,28,206,124,316,boxed
/Users/vineelap/Documents/piglets_detection/piglet-detection-main/artifacts/label_samples/2026-07-10__10_00_07#M/track_360_f7850.jpg,6,6,0,165,104,232,160,boxed
/Users/vineelap/Documents/piglets_detection/piglet-detection-main/artifacts/label_samples/2026-07-10__10_00_07#M/track_311_f7630.jpg,2,2,0,104,132,185,204,boxed
/Users/vineelap/Documents/piglets_detection/piglet-detection-main/artifacts/label_samples/2026-07-10__13_00_08#M/track_1565_f19250.jpg,2,2,0,130,52,212,134,boxed
/Users/vineelap/Documents/piglets_detection/piglet-detection-main/artifacts/label_samples/2026-07-10__10_00_07#M/track_901_f12240.jpg,6,6,0,174,144,233,233,boxed
/Users/vineelap/Documents/piglets_detection/piglet-detection-main/artifacts/label_samples/2026-07-11__09_30_06#M/track_2886_f18840.jpg,3,3,0,72,45,123,106,boxed
/Users/vineelap/Documents/piglets_detection/piglet-detection-main/artifacts/label_samples/2026-07-10__10_00_07#M/track_1105_f13700.jpg,3,3,0,155,8,240,41,boxed
/Users/vineelap/Documents/piglets_detection/piglet-detection-main/artifacts/label_samples/2026-07-10__13_00_08#M/track_1552_f19200.jpg,8,8,0,216,3,311,53,boxed
/Users/vineelap/Documents/piglets_detection/piglet-detection-main/artifacts/label_samples/2026-07-11__09_30_06#M/track_2790_f18880.jpg,2,2,0,96,18,175,85,boxed
/Users/vineelap/Documents/piglets_detection/piglet-detection-main/artifacts/label_samples/2026-07-11__09_30_06#M/track_2054_f14720.jpg,2,2,0,107,214,184,302,boxed
/Users/vineelap/Documents/piglets_detection/piglet-detection-main/artifacts/label_samples/2026-07-11__09_30_06#M/track_1953_f14270.jpg,6,6,0,107,182,191,248,boxed
/Users/vineelap/Documents/piglets_detection/piglet-detection-main/artifacts/label_samples/2026-07-10__13_00_08#M/track_784_f10200.jpg,8,8,0,92,148,188,231,boxed
/Users/vineelap/Documents/piglets_detection/piglet-detection-main/artifacts/label_samples/2026-07-11__09_30_06#M/track_2070_f14810.jpg,8,8,0,175,191,252,257,boxed
/Users/vineelap/Documents/piglets_detection/piglet-detection-main/artifacts/label_samples/2026-07-11__09_30_06#M/track_2113_f14940.jpg,2,2,0,225,89,303,175,boxed
/Users/vineelap/Documents/piglets_detection/piglet-detection-main/artifacts/label_samples/2026-07-11__09_30_06#M/track_1359_f10810.jpg,2,2,0,139,160,220,227,boxed
/Users/vineelap/Documents/piglets_detection/piglet-detection-main/artifacts/label_samples/2026-07-11__09_30_06#M/track_1612_f12230.jpg,3,3,0,71,125,144,207,boxed
/Users/vineelap/Documents/piglets_detection/piglet-detection-main/artifacts/label_samples/2026-07-10__13_00_08#M/track_675_f9750.jpg,3,3,0,72,140,147,211,boxed
/Users/vineelap/Documents/piglets_detection/piglet-detection-main/artifacts/label_samples/2026-07-10__10_00_07#M/track_1105_f13660.jpg,3,3,0,140,174,210,273,boxed
/Users/vineelap/Documents/piglets_detection/piglet-detection-main/artifacts/label_samples/2026-07-10__13_30_08#M/track_775_f5360.jpg,8,8,0,47,157,124,233,boxed
/Users/vineelap/Documents/piglets_detection/piglet-detection-main/artifacts/label_samples/2026-07-11__09_30_06#M/track_1975_f14290.jpg,3,3,0,105,14,190,84,boxed
/Users/vineelap/Documents/piglets_detection/piglet-detection-main/artifacts/label_samples/2026-07-10__10_00_07#M/track_1489_f16360.jpg,2,2,0,147,101,237,180,boxed
/Users/vineelap/Documents/piglets_detection/piglet-detection-main/artifacts/label_samples/2026-07-10__08_30_06#M/track_895_f4500.jpg,6,6,0,225,141,315,187,boxed
/Users/vineelap/Documents/piglets_detection/piglet-detection-main/artifacts/label_samples/2026-07-10__13_00_08#M/track_710_f9920.jpg,8,8,0,131,217,203,324,boxed
/Users/vineelap/Documents/piglets_detection/piglet-detection-main/artifacts/label_samples/2026-07-10__13_00_08#M/track_819_f10320.jpg,6,6,0,161,82,242,150,boxed
/Users/vineelap/Documents/piglets_detection/piglet-detection-main/artifacts/label_samples/2026-07-11__09_30_06#M/track_1424_f11460.jpg,2,2,0,183,73,268,122,boxed
/Users/vineelap/Documents/piglets_detection/piglet-detection-main/artifacts/label_samples/2026-07-10__08_30_06#M/track_1063_f6270.jpg,6,6,0,163,205,219,295,boxed
/Users/vineelap/Documents/piglets_detection/piglet-detection-main/artifacts/label_samples/2026-07-10__13_30_08#M/track_1729_f10400.jpg,6,6,0,177,136,262,202,boxed
/Users/vineelap/Documents/piglets_detection/piglet-detection-main/artifacts/label_samples/2026-07-10__10_00_07#M/track_1123_f13890.jpg,3,3,0,104,130,171,208,boxed
/Users/vineelap/Documents/piglets_detection/piglet-detection-main/artifacts/label_samples/2026-07-10__08_30_06#M/track_1219_f7480.jpg,6,6,0,173,126,227,213,boxed
/Users/vineelap/Documents/piglets_detection/piglet-detection-main/artifacts/label_samples/2026-07-10__08_30_06#M/track_895_f4490.jpg,6,6,0,232,99,300,163,boxed
/Users/vineelap/Documents/piglets_detection/piglet-detection-main/artifacts/label_samples/2026-07-10__13_30_08#M/track_744_f4870.jpg,8,8,0,88,211,175,281,boxed
/Users/vineelap/Documents/piglets_detection/piglet-detection-main/artifacts/label_samples/2026-07-14__16_00_06#M/track_645.jpg,9,9,0,126,180,202,274,boxed
/Users/vineelap/Documents/piglets_detection/piglet-detection-main/artifacts/label_samples/2026-07-11__09_30_06#M/track_2122_f14970.jpg,3,3,0,127,75,223,148,boxed
/Users/vineelap/Documents/piglets_detection/piglet-detection-main/artifacts/label_samples/2026-07-11__09_30_06#M/track_439_f3230.jpg,8,8,0,116,192,212,271,boxed
/Users/vineelap/Documents/piglets_detection/piglet-detection-main/artifacts/label_samples/2026-07-10__13_00_08#M/track_604_f9610.jpg,6,6,0,83,94,152,181,boxed
/Users/vineelap/Documents/piglets_detection/piglet-detection-main/artifacts/label_samples/2026-07-11__09_30_06#M/track_2271_f15720.jpg,3,3,0,146,40,221,120,boxed
/Users/vineelap/Documents/piglets_detection/piglet-detection-main/artifacts/label_samples/2026-07-11__09_30_06#M/track_1022_f8610.jpg,2,2,0,160,78,217,156,boxed
/Users/vineelap/Documents/piglets_detection/piglet-detection-main/artifacts/label_samples/2026-07-10__10_00_07#M/track_100_f3200.jpg,8,8,0,134,285,212,387,boxed
/Users/vineelap/Documents/piglets_detection/piglet-detection-main/artifacts/label_samples/2026-07-10__13_00_08#M/track_460_f9150.jpg,2,2,0,82,234,155,356,boxed
/Users/vineelap/Documents/piglets_detection/piglet-detection-main/artifacts/label_samples/2026-07-11__09_30_06#M/track_2994_f19680.jpg,6,6,0,189,161,246,239,boxed
/Users/vineelap/Documents/piglets_detection/piglet-detection-main/artifacts/label_samples/2026-07-11__09_30_06#M/track_1926_f13930.jpg,8,8,0,106,181,221,282,boxed
/Users/vineelap/Documents/piglets_detection/piglet-detection-main/artifacts/label_samples/2026-07-10__10_00_07#M/track_951_f12590.jpg,2,2,0,90,129,172,219,boxed
/Users/vineelap/Documents/piglets_detection/piglet-detection-main/artifacts/label_samples/2026-07-11__09_30_06#M/track_589_f4770.jpg,2,2,0,143,122,210,211,boxed
/Users/vineelap/Documents/piglets_detection/piglet-detection-main/artifacts/label_samples/2026-07-10__10_00_07#M/track_1130_f13880.jpg,2,2,0,147,92,245,146,boxed
/Users/vineelap/Documents/piglets_detection/piglet-detection-main/artifacts/label_samples/2026-07-10__10_00_07#M/track_691_f10400.jpg,1,1,0,124,95,187,167,boxed
/Users/vineelap/Documents/piglets_detection/piglet-detection-main/artifacts/label_samples/2026-07-11__09_30_06#M/track_1088_f9020.jpg,2,2,0,184,132,278,216,boxed
/Users/vineelap/Documents/piglets_detection/piglet-detection-main/artifacts/label_samples/2026-07-10__13_00_08#M/track_419_f9000.jpg,3,3,0,95,101,192,194,boxed
/Users/vineelap/Documents/piglets_detection/piglet-detection-main/artifacts/label_samples/2026-07-10__13_30_08#M/track_1907_f12440.jpg,8,8,0,242,43,321,112,boxed
/Users/vineelap/Documents/piglets_detection/piglet-detection-main/artifacts/label_samples/2026-07-11__09_30_06#M/track_1298_f10510.jpg,3,3,0,101,172,160,256,boxed
/Users/vineelap/Documents/piglets_detection/piglet-detection-main/artifacts/label_samples/2026-07-11__09_30_06#M/track_1627_f12430.jpg,6,6,0,187,40,271,84,boxed
/Users/vineelap/Documents/piglets_detection/piglet-detection-main/artifacts/label_samples/2026-07-10__08_30_06#M/track_450_f2170.jpg,2,2,0,205,21,282,90,boxed
/Users/vineelap/Documents/piglets_detection/piglet-detection-main/artifacts/label_samples/2026-07-10__13_00_08#M/track_421_f9020.jpg,10,1,0,168,186,252,242,boxed
/Users/vineelap/Documents/piglets_detection/piglet-detection-main/artifacts/label_samples/2026-07-10__13_00_08#M/track_421_f9020.jpg,10,0,1,129,229,203,291,boxed
/Users/vineelap/Documents/piglets_detection/piglet-detection-main/artifacts/label_samples/2026-07-10__13_30_08#M/track_447_f3150.jpg,11,1,0,190,10,228,65,boxed
/Users/vineelap/Documents/piglets_detection/piglet-detection-main/artifacts/label_samples/2026-07-10__13_30_08#M/track_447_f3150.jpg,11,1,1,228,10,268,80,boxed
/Users/vineelap/Documents/piglets_detection/piglet-detection-main/artifacts/label_samples/2026-07-10__13_00_08#M/track_448_f9140.jpg,10,1,0,108,210,194,255,boxed
/Users/vineelap/Documents/piglets_detection/piglet-detection-main/artifacts/label_samples/2026-07-10__13_00_08#M/track_448_f9140.jpg,10,0,1,107,152,193,197,boxed
/Users/vineelap/Documents/piglets_detection/piglet-detection-main/artifacts/label_samples/2026-07-10__10_00_07#M/track_1964_f19400.jpg,13,1,0,182,32,210,81,boxed
/Users/vineelap/Documents/piglets_detection/piglet-detection-main/artifacts/label_samples/2026-07-10__10_00_07#M/track_1964_f19400.jpg,13,3,1,214,37,243,89,boxed
/Users/vineelap/Documents/piglets_detection/piglet-detection-main/artifacts/label_samples/2026-07-10__08_30_06#M/track_748_f3950.jpg,14,1,0,245,81,290,152,boxed
/Users/vineelap/Documents/piglets_detection/piglet-detection-main/artifacts/label_samples/2026-07-10__08_30_06#M/track_748_f3950.jpg,14,4,1,193,76,241,138,boxed
/Users/vineelap/Documents/piglets_detection/piglet-detection-main/artifacts/label_samples/2026-07-10__10_00_07#M/track_469_f9030.jpg,10,1,0,190,145,230,194,boxed
/Users/vineelap/Documents/piglets_detection/piglet-detection-main/artifacts/label_samples/2026-07-10__10_00_07#M/track_469_f9030.jpg,10,0,1,142,122,197,174,boxed
/Users/vineelap/Documents/piglets_detection/piglet-detection-main/artifacts/label_samples/2026-07-10__08_30_06#M/track_864_f4400.jpg,12,1,0,58,207,135,263,boxed
/Users/vineelap/Documents/piglets_detection/piglet-detection-main/artifacts/label_samples/2026-07-10__08_30_06#M/track_864_f4400.jpg,12,2,1,67,264,159,336,boxed
/Users/vineelap/Documents/piglets_detection/piglet-detection-main/artifacts/label_samples/2026-07-10__13_00_08#M/track_1596_f19530.jpg,12,1,0,61,224,134,262,boxed
/Users/vineelap/Documents/piglets_detection/piglet-detection-main/artifacts/label_samples/2026-07-10__13_00_08#M/track_1596_f19530.jpg,12,2,1,47,169,131,218,boxed
/Users/vineelap/Documents/piglets_detection/piglet-detection-main/artifacts/label_samples/2026-07-10__08_30_06#M/track_1150_f6890.jpg,12,1,0,45,90,102,150,boxed
/Users/vineelap/Documents/piglets_detection/piglet-detection-main/artifacts/label_samples/2026-07-10__08_30_06#M/track_1150_f6890.jpg,12,2,1,88,121,150,203,boxed
/Users/vineelap/Documents/piglets_detection/piglet-detection-main/artifacts/label_samples/2026-07-11__09_30_06#M/track_2503_f16570.jpg,10,1,0,184,165,251,210,boxed
/Users/vineelap/Documents/piglets_detection/piglet-detection-main/artifacts/label_samples/2026-07-11__09_30_06#M/track_2503_f16570.jpg,10,0,1,179,211,251,265,boxed
/Users/vineelap/Documents/piglets_detection/piglet-detection-main/artifacts/label_samples/2026-07-10__13_00_08#M/track_1415_f18160.jpg,11,1,0,177,211,250,254,boxed
/Users/vineelap/Documents/piglets_detection/piglet-detection-main/artifacts/label_samples/2026-07-10__13_00_08#M/track_1415_f18160.jpg,11,1,1,181,167,258,212,boxed
/Users/vineelap/Documents/piglets_detection/piglet-detection-main/artifacts/label_samples/2026-07-11__09_30_06#M/track_2505_f16380.jpg,11,1,0,170,96,209,168,boxed
/Users/vineelap/Documents/piglets_detection/piglet-detection-main/artifacts/label_samples/2026-07-11__09_30_06#M/track_2505_f16380.jpg,11,1,1,211,111,256,190,boxed
/Users/vineelap/Documents/piglets_detection/piglet-detection-main/artifacts/label_samples/2026-07-10__13_30_08#M/track_1514_f9240.jpg,12,1,0,224,92,272,160,boxed
/Users/vineelap/Documents/piglets_detection/piglet-detection-main/artifacts/label_samples/2026-07-10__13_30_08#M/track_1514_f9240.jpg,12,2,1,269,96,313,203,boxed
/Users/vineelap/Documents/piglets_detection/piglet-detection-main/artifacts/label_samples/2026-07-10__13_30_08#M/track_866_f5860.jpg,11,1,0,71,132,125,193,boxed
/Users/vineelap/Documents/piglets_detection/piglet-detection-main/artifacts/label_samples/2026-07-10__13_30_08#M/track_866_f5860.jpg,11,1,1,109,170,157,230,boxed
/Users/vineelap/Documents/piglets_detection/piglet-detection-main/artifacts/label_samples/2026-07-11__09_30_06#M/track_2217_f15630.jpg,11,1,0,137,104,191,145,boxed
/Users/vineelap/Documents/piglets_detection/piglet-detection-main/artifacts/label_samples/2026-07-11__09_30_06#M/track_2217_f15630.jpg,11,1,1,121,129,175,179,boxed
/Users/vineelap/Documents/piglets_detection/piglet-detection-main/artifacts/label_samples/2026-07-10__10_00_07#M/track_1431_f16170.jpg,11,1,0,228,47,263,100,boxed
/Users/vineelap/Documents/piglets_detection/piglet-detection-main/artifacts/label_samples/2026-07-10__10_00_07#M/track_1431_f16170.jpg,11,1,1,264,51,299,112,boxed
/Users/vineelap/Documents/piglets_detection/piglet-detection-main/artifacts/label_samples/2026-07-11__09_30_06#M/track_339_f3000.jpg,10,1,0,246,33,307,74,boxed
/Users/vineelap/Documents/piglets_detection/piglet-detection-main/artifacts/label_samples/2026-07-11__09_30_06#M/track_339_f3000.jpg,10,0,1,202,41,252,102,boxed
/Users/vineelap/Documents/piglets_detection/piglet-detection-main/artifacts/label_samples/2026-07-10__10_00_07#M/track_445_f8520.jpg,10,1,0,267,183,310,260,boxed
/Users/vineelap/Documents/piglets_detection/piglet-detection-main/artifacts/label_samples/2026-07-10__10_00_07#M/track_445_f8520.jpg,10,0,1,209,163,263,242,boxed
/Users/vineelap/Documents/piglets_detection/piglet-detection-main/artifacts/label_samples/2026-07-10__13_00_08#M/track_1068_f12210.jpg,10,1,0,153,12,208,46,boxed
/Users/vineelap/Documents/piglets_detection/piglet-detection-main/artifacts/label_samples/2026-07-10__13_00_08#M/track_1068_f12210.jpg,10,0,1,123,39,174,87,boxed
/Users/vineelap/Documents/piglets_detection/piglet-detection-main/artifacts/label_samples/2026-07-11__09_30_06#M/track_1922_f13920.jpg,10,1,0,112,243,186,278,boxed
/Users/vineelap/Documents/piglets_detection/piglet-detection-main/artifacts/label_samples/2026-07-11__09_30_06#M/track_1922_f13920.jpg,10,0,1,108,286,180,345,boxed
/Users/vineelap/Documents/piglets_detection/piglet-detection-main/artifacts/label_samples/2026-07-10__13_30_08#M/track_241_f1280.jpg,14,1,0,43,242,114,269,boxed
/Users/vineelap/Documents/piglets_detection/piglet-detection-main/artifacts/label_samples/2026-07-10__13_30_08#M/track_241_f1280.jpg,14,4,1,42,206,123,240,boxed
/Users/vineelap/Documents/piglets_detection/piglet-detection-main/artifacts/label_samples/2026-07-10__08_30_06#M/track_503_f2540.jpg,13,1,0,89,147,155,201,boxed
/Users/vineelap/Documents/piglets_detection/piglet-detection-main/artifacts/label_samples/2026-07-10__08_30_06#M/track_503_f2540.jpg,13,3,1,48,179,123,260,boxed
/Users/vineelap/Documents/piglets_detection/piglet-detection-main/artifacts/label_samples/2026-07-10__10_00_07#M/track_1438_f16100.jpg,11,1,0,177,17,211,66,boxed
/Users/vineelap/Documents/piglets_detection/piglet-detection-main/artifacts/label_samples/2026-07-10__10_00_07#M/track_1438_f16100.jpg,11,1,1,210,15,239,73,boxed
/Users/vineelap/Documents/piglets_detection/piglet-detection-main/artifacts/label_samples/2026-07-11__09_30_06#M/track_2862_f18660.jpg,10,1,0,145,301,204,365,boxed
/Users/vineelap/Documents/piglets_detection/piglet-detection-main/artifacts/label_samples/2026-07-11__09_30_06#M/track_2862_f18660.jpg,10,0,1,111,257,173,317,boxed
/Users/vineelap/Documents/piglets_detection/piglet-detection-main/artifacts/label_samples/2026-07-10__10_00_07#M/track_1354_f15520.jpg,13,1,0,76,193,147,243,boxed
/Users/vineelap/Documents/piglets_detection/piglet-detection-main/artifacts/label_samples/2026-07-10__10_00_07#M/track_1354_f15520.jpg,13,3,1,44,220,127,298,boxed
/Users/vineelap/Documents/piglets_detection/piglet-detection-main/artifacts/label_samples/2026-07-10__10_00_07#M/track_1038_f13220.jpg,14,1,0,154,110,197,145,boxed
/Users/vineelap/Documents/piglets_detection/piglet-detection-main/artifacts/label_samples/2026-07-10__10_00_07#M/track_1038_f13220.jpg,14,4,1,135,83,184,117,boxed
/Users/vineelap/Documents/piglets_detection/piglet-detection-main/artifacts/label_samples/2026-07-10__10_00_07#M/track_1354_f15540.jpg,13,1,0,97,160,157,222,boxed
/Users/vineelap/Documents/piglets_detection/piglet-detection-main/artifacts/label_samples/2026-07-10__10_00_07#M/track_1354_f15540.jpg,13,3,1,59,194,133,265,boxed
/Users/vineelap/Documents/piglets_detection/piglet-detection-main/artifacts/label_samples/2026-07-10__10_00_07#M/track_1280_f15020.jpg,14,1,0,105,44,167,60,boxed
/Users/vineelap/Documents/piglets_detection/piglet-detection-main/artifacts/label_samples/2026-07-10__10_00_07#M/track_1280_f15020.jpg,14,4,1,98,60,158,99,boxed
/Users/vineelap/Documents/piglets_detection/piglet-detection-main/artifacts/label_samples/2026-07-10__08_30_06#M/track_625_f3110.jpg,13,1,0,94,374,147,413,boxed
/Users/vineelap/Documents/piglets_detection/piglet-detection-main/artifacts/label_samples/2026-07-10__08_30_06#M/track_625_f3110.jpg,13,3,1,70,338,131,387,boxed
/Users/vineelap/Documents/piglets_detection/piglet-detection-main/artifacts/label_samples/2026-07-10__10_00_07#M/track_1132_f13930.jpg,12,1,0,232,20,295,83,boxed
/Users/vineelap/Documents/piglets_detection/piglet-detection-main/artifacts/label_samples/2026-07-10__10_00_07#M/track_1132_f13930.jpg,12,2,1,166,15,231,99,boxed
/Users/vineelap/Documents/piglets_detection/piglet-detection-main/artifacts/label_samples/2026-07-10__10_00_07#M/track_1522_f16780.jpg,11,1,0,229,56,263,109,boxed
/Users/vineelap/Documents/piglets_detection/piglet-detection-main/artifacts/label_samples/2026-07-10__10_00_07#M/track_1522_f16780.jpg,11,1,1,256,48,297,106,boxed
/Users/vineelap/Documents/piglets_detection/piglet-detection-main/artifacts/label_samples/2026-07-11__09_30_06#M/track_1547_f11860.jpg,14,1,0,135,151,188,198,boxed
/Users/vineelap/Documents/piglets_detection/piglet-detection-main/artifacts/label_samples/2026-07-11__09_30_06#M/track_1547_f11860.jpg,14,4,1,97,178,153,228,boxed
/Users/vineelap/Documents/piglets_detection/piglet-detection-main/artifacts/label_samples/2026-07-10__10_00_07#M/track_2_f80.jpg,11,1,0,30,162,90,216,boxed
/Users/vineelap/Documents/piglets_detection/piglet-detection-main/artifacts/label_samples/2026-07-10__10_00_07#M/track_2_f80.jpg,11,1,1,34,217,108,269,boxed
/Users/vineelap/Documents/piglets_detection/piglet-detection-main/artifacts/label_samples/2026-07-10__13_00_08#M/track_1528_f19040.jpg,14,1,0,80,262,156,302,boxed
/Users/vineelap/Documents/piglets_detection/piglet-detection-main/artifacts/label_samples/2026-07-10__13_00_08#M/track_1528_f19040.jpg,14,4,1,89,215,165,259,boxed
/Users/vineelap/Documents/piglets_detection/piglet-detection-main/artifacts/label_samples/2026-07-11__09_30_06#M/track_1166_f9480.jpg,14,1,0,124,133,174,193,boxed
/Users/vineelap/Documents/piglets_detection/piglet-detection-main/artifacts/label_samples/2026-07-11__09_30_06#M/track_1166_f9480.jpg,14,4,1,155,173,206,225,boxed
/Users/vineelap/Documents/piglets_detection/piglet-detection-main/artifacts/label_samples/2026-07-11__09_30_06#M/track_1777_f13200.jpg,11,1,0,106,159,153,218,boxed
/Users/vineelap/Documents/piglets_detection/piglet-detection-main/artifacts/label_samples/2026-07-11__09_30_06#M/track_1777_f13200.jpg,11,1,1,152,149,204,216,boxed
/Users/vineelap/Documents/piglets_detection/piglet-detection-main/artifacts/label_samples/2026-07-10__08_30_06#M/track_960_f5030.jpg,13,1,0,44,6,88,44,boxed
/Users/vineelap/Documents/piglets_detection/piglet-detection-main/artifacts/label_samples/2026-07-10__08_30_06#M/track_960_f5030.jpg,13,3,1,69,28,126,83,boxed
/Users/vineelap/Documents/piglets_detection/piglet-detection-main/artifacts/label_samples/2026-07-10__10_00_07#M/track_1247_f14930.jpg,12,1,0,144,25,196,70,boxed
/Users/vineelap/Documents/piglets_detection/piglet-detection-main/artifacts/label_samples/2026-07-10__10_00_07#M/track_1247_f14930.jpg,12,2,1,178,9,248,73,boxed
/Users/vineelap/Documents/piglets_detection/piglet-detection-main/artifacts/label_samples/2026-07-10__10_00_07#M/track_1382_f16040.jpg,13,1,0,192,85,240,136,boxed
/Users/vineelap/Documents/piglets_detection/piglet-detection-main/artifacts/label_samples/2026-07-10__10_00_07#M/track_1382_f16040.jpg,13,3,1,143,57,191,130,boxed
/Users/vineelap/Documents/piglets_detection/piglet-detection-main/artifacts/label_samples/2026-07-10__10_00_07#M/track_716_f11130.jpg,12,1,0,229,102,293,154,boxed
/Users/vineelap/Documents/piglets_detection/piglet-detection-main/artifacts/label_samples/2026-07-10__10_00_07#M/track_716_f11130.jpg,12,2,1,167,126,248,195,boxed
/Users/vineelap/Documents/piglets_detection/piglet-detection-main/artifacts/label_samples/2026-07-10__10_00_07#M/track_1522_f16800.jpg,11,1,0,193,47,232,100,boxed
/Users/vineelap/Documents/piglets_detection/piglet-detection-main/artifacts/label_samples/2026-07-10__10_00_07#M/track_1522_f16800.jpg,11,1,1,226,40,262,95,boxed
/Users/vineelap/Documents/piglets_detection/piglet-detection-main/artifacts/label_samples/2026-07-10__13_30_08#M/track_357_f2360.jpg,14,1,0,68,113,142,157,boxed
/Users/vineelap/Documents/piglets_detection/piglet-detection-main/artifacts/label_samples/2026-07-10__13_30_08#M/track_357_f2360.jpg,14,4,1,50,150,114,194,boxed
/Users/vineelap/Documents/piglets_detection/piglet-detection-main/artifacts/label_samples/2026-07-11__09_30_06#M/track_1825_f13500.jpg,10,1,0,107,195,167,233,boxed
/Users/vineelap/Documents/piglets_detection/piglet-detection-main/artifacts/label_samples/2026-07-11__09_30_06#M/track_1825_f13500.jpg,10,0,1,111,153,182,198,boxed
/Users/vineelap/Documents/piglets_detection/piglet-detection-main/artifacts/label_samples/2026-07-10__13_00_08#M/track_404_f8920.jpg,10,1,0,49,219,122,261,boxed
/Users/vineelap/Documents/piglets_detection/piglet-detection-main/artifacts/label_samples/2026-07-10__13_00_08#M/track_404_f8920.jpg,10,0,1,59,165,136,208,boxed
/Users/vineelap/Documents/piglets_detection/piglet-detection-main/artifacts/label_samples/2026-07-10__08_30_06#M/track_603_f3030.jpg,12,1,0,49,211,125,256,boxed
/Users/vineelap/Documents/piglets_detection/piglet-detection-main/artifacts/label_samples/2026-07-10__08_30_06#M/track_603_f3030.jpg,12,2,1,47,272,125,326,boxed
/Users/vineelap/Documents/piglets_detection/piglet-detection-main/artifacts/label_samples/2026-07-10__08_30_06#M/track_412_f2030.jpg,14,1,0,252,69,297,138,boxed
/Users/vineelap/Documents/piglets_detection/piglet-detection-main/artifacts/label_samples/2026-07-10__08_30_06#M/track_412_f2030.jpg,14,4,1,213,54,252,121,boxed
/Users/vineelap/Documents/piglets_detection/piglet-detection-main/artifacts/label_samples/2026-07-11__09_30_06#M/track_1667_f12480.jpg,11,1,0,124,241,197,290,boxed
/Users/vineelap/Documents/piglets_detection/piglet-detection-main/artifacts/label_samples/2026-07-11__09_30_06#M/track_1667_f12480.jpg,11,1,1,103,188,176,239,boxed
/Users/vineelap/Documents/piglets_detection/piglet-detection-main/artifacts/label_samples/2026-07-10__10_00_07#M/track_948_f12580.jpg,10,1,0,171,32,209,75,boxed
/Users/vineelap/Documents/piglets_detection/piglet-detection-main/artifacts/label_samples/2026-07-10__10_00_07#M/track_948_f12580.jpg,10,0,1,196,23,238,63,boxed
/Users/vineelap/Documents/piglets_detection/piglet-detection-main/artifacts/label_samples/2026-07-10__13_30_08#M/track_588_f3690.jpg,11,1,0,157,122,195,173,boxed
/Users/vineelap/Documents/piglets_detection/piglet-detection-main/artifacts/label_samples/2026-07-10__13_30_08#M/track_588_f3690.jpg,11,1,1,117,138,161,199,boxed
/Users/vineelap/Documents/piglets_detection/piglet-detection-main/artifacts/label_samples/2026-07-11__09_30_06#M/track_521_f3970.jpg,14,1,0,200,46,243,110,boxed
/Users/vineelap/Documents/piglets_detection/piglet-detection-main/artifacts/label_samples/2026-07-11__09_30_06#M/track_521_f3970.jpg,14,4,1,248,51,286,124,boxed
/Users/vineelap/Documents/piglets_detection/piglet-detection-main/artifacts/label_samples/2026-07-11__09_30_06#M/track_1777_f13140.jpg,11,1,0,123,69,167,128,boxed
/Users/vineelap/Documents/piglets_detection/piglet-detection-main/artifacts/label_samples/2026-07-11__09_30_06#M/track_1777_f13140.jpg,11,1,1,169,68,218,140,boxed
/Users/vineelap/Documents/piglets_detection/piglet-detection-main/artifacts/label_samples/2026-07-10__13_00_08#M/track_412_f8990.jpg,13,1,0,108,28,162,67,boxed
/Users/vineelap/Documents/piglets_detection/piglet-detection-main/artifacts/label_samples/2026-07-10__13_00_08#M/track_412_f8990.jpg,13,3,1,67,51,133,107,boxed
/Users/vineelap/Documents/piglets_detection/piglet-detection-main/artifacts/label_samples/2026-07-10__13_00_08#M/track_410_f9010.jpg,14,1,0,117,166,162,212,boxed
/Users/vineelap/Documents/piglets_detection/piglet-detection-main/artifacts/label_samples/2026-07-10__13_00_08#M/track_410_f9010.jpg,14,4,1,118,211,173,252,boxed
/Users/vineelap/Documents/piglets_detection/piglet-detection-main/artifacts/label_samples/2026-07-10__10_00_07#M/track_1522_f16640.jpg,11,1,0,199,24,234,82,boxed
/Users/vineelap/Documents/piglets_detection/piglet-detection-main/artifacts/label_samples/2026-07-10__10_00_07#M/track_1522_f16640.jpg,11,1,1,233,24,265,81,boxed
/Users/vineelap/Documents/piglets_detection/piglet-detection-main/artifacts/label_samples/2026-07-10__13_30_08#M/track_211_f1050.jpg,13,1,0,249,46,306,113,boxed
/Users/vineelap/Documents/piglets_detection/piglet-detection-main/artifacts/label_samples/2026-07-10__13_30_08#M/track_211_f1050.jpg,13,3,1,185,62,251,144,boxed
/Users/vineelap/Documents/piglets_detection/piglet-detection-main/artifacts/label_samples/2026-07-14__16_00_06#M/track_331.jpg,13,,,,,,,skip
/Users/vineelap/Documents/piglets_detection/piglet-detection-main/artifacts/label_samples/2026-07-11__09_30_06#M/track_2753_f17650.jpg,14,1,0,125,125,177,179,boxed
/Users/vineelap/Documents/piglets_detection/piglet-detection-main/artifacts/label_samples/2026-07-11__09_30_06#M/track_2753_f17650.jpg,14,4,1,157,167,210,221,boxed
/Users/vineelap/Documents/piglets_detection/piglet-detection-main/artifacts/label_samples/2026-07-10__10_00_07#M/track_1566_f16910.jpg,11,1,0,231,53,265,107,boxed
/Users/vineelap/Documents/piglets_detection/piglet-detection-main/artifacts/label_samples/2026-07-10__10_00_07#M/track_1566_f16910.jpg,11,1,1,265,48,297,112,boxed
/Users/vineelap/Documents/piglets_detection/piglet-detection-main/artifacts/label_samples/2026-07-10__13_00_08#M/track_412_f8980.jpg,13,1,0,123,21,168,60,boxed
/Users/vineelap/Documents/piglets_detection/piglet-detection-main/artifacts/label_samples/2026-07-10__13_00_08#M/track_412_f8980.jpg,13,3,1,87,41,136,97,boxed
/Users/vineelap/Documents/piglets_detection/piglet-detection-main/artifacts/label_samples/2026-07-10__13_30_08#M/track_211_f1060.jpg,13,1,0,232,62,289,138,boxed
/Users/vineelap/Documents/piglets_detection/piglet-detection-main/artifacts/label_samples/2026-07-10__13_30_08#M/track_211_f1060.jpg,13,3,1,166,69,226,158,boxed
/Users/vineelap/Documents/piglets_detection/piglet-detection-main/artifacts/label_samples/2026-07-10__13_00_08#M/track_856_f10540.jpg,13,1,0,83,44,137,88,boxed
/Users/vineelap/Documents/piglets_detection/piglet-detection-main/artifacts/label_samples/2026-07-10__13_00_08#M/track_856_f10540.jpg,13,3,1,46,69,110,122,boxed
/Users/vineelap/Documents/piglets_detection/piglet-detection-main/artifacts/label_samples/2026-07-10__08_30_06#M/track_936_f4930.jpg,13,1,0,11,28,56,53,boxed
/Users/vineelap/Documents/piglets_detection/piglet-detection-main/artifacts/label_samples/2026-07-10__08_30_06#M/track_936_f4930.jpg,13,3,1,13,52,70,82,boxed
/Users/vineelap/Documents/piglets_detection/piglet-detection-main/artifacts/label_samples/2026-07-11__09_30_06#M/track_2093_f14890.jpg,14,1,0,183,203,234,265,boxed
/Users/vineelap/Documents/piglets_detection/piglet-detection-main/artifacts/label_samples/2026-07-11__09_30_06#M/track_2093_f14890.jpg,14,4,1,151,161,225,205,boxed
/Users/vineelap/Documents/piglets_detection/piglet-detection-main/artifacts/label_samples/2026-07-11__09_30_06#M/track_1599_f12080.jpg,14,1,0,96,70,129,124,boxed
/Users/vineelap/Documents/piglets_detection/piglet-detection-main/artifacts/label_samples/2026-07-11__09_30_06#M/track_1599_f12080.jpg,14,4,1,130,78,162,139,boxed
/Users/vineelap/Documents/piglets_detection/piglet-detection-main/artifacts/label_samples/2026-07-10__13_00_08#M/track_1486_f18710.jpg,13,1,0,116,187,184,231,boxed
/Users/vineelap/Documents/piglets_detection/piglet-detection-main/artifacts/label_samples/2026-07-10__13_00_08#M/track_1486_f18710.jpg,13,3,1,93,137,180,185,boxed
/Users/vineelap/Documents/piglets_detection/piglet-detection-main/artifacts/label_samples/2026-07-10__10_00_07#M/track_2014_f19660.jpg,13,1,0,223,18,258,70,boxed
/Users/vineelap/Documents/piglets_detection/piglet-detection-main/artifacts/label_samples/2026-07-10__10_00_07#M/track_2014_f19660.jpg,13,3,1,258,16,293,71,boxed
/Users/vineelap/Documents/piglets_detection/piglet-detection-main/artifacts/label_samples/2026-07-10__13_00_08#M/track_448_f9120.jpg,10,1,0,69,241,142,292,boxed
/Users/vineelap/Documents/piglets_detection/piglet-detection-main/artifacts/label_samples/2026-07-10__13_00_08#M/track_448_f9120.jpg,10,0,1,72,188,150,233,boxed
/Users/vineelap/Documents/piglets_detection/piglet-detection-main/artifacts/label_samples/2026-07-10__10_00_07#M/track_906_f12360.jpg,10,1,0,216,30,253,79,boxed
/Users/vineelap/Documents/piglets_detection/piglet-detection-main/artifacts/label_samples/2026-07-10__10_00_07#M/track_906_f12360.jpg,10,0,1,251,32,286,79,boxed
/Users/vineelap/Documents/piglets_detection/piglet-detection-main/artifacts/label_samples/2026-07-10__10_00_07#M/track_1976_f19480.jpg,13,1,0,175,84,208,130,boxed
/Users/vineelap/Documents/piglets_detection/piglet-detection-main/artifacts/label_samples/2026-07-10__10_00_07#M/track_1976_f19480.jpg,13,3,1,207,76,238,128,boxed
/Users/vineelap/Documents/piglets_detection/piglet-detection-main/artifacts/label_samples/2026-07-10__13_30_08#M/track_1553_f9500.jpg,11,1,0,97,192,164,243,boxed
/Users/vineelap/Documents/piglets_detection/piglet-detection-main/artifacts/label_samples/2026-07-10__13_30_08#M/track_1553_f9500.jpg,11,1,1,114,148,185,193,boxed
/Users/vineelap/Documents/piglets_detection/piglet-detection-main/artifacts/label_samples/2026-07-10__13_00_08#M/track_683_f9750.jpg,12,1,0,168,77,214,123,boxed
/Users/vineelap/Documents/piglets_detection/piglet-detection-main/artifacts/label_samples/2026-07-10__13_00_08#M/track_683_f9750.jpg,12,2,1,216,51,276,108,boxed
/Users/vineelap/Documents/piglets_detection/piglet-detection-main/artifacts/label_samples/2026-07-10__13_30_08#M/track_1552_f9520.jpg,10,1,0,131,271,203,320,boxed
/Users/vineelap/Documents/piglets_detection/piglet-detection-main/artifacts/label_samples/2026-07-10__13_30_08#M/track_1552_f9520.jpg,10,0,1,137,211,221,268,boxed
/Users/vineelap/Documents/piglets_detection/piglet-detection-main/artifacts/label_samples/2026-07-11__09_30_06#M/track_1046_f8940.jpg,14,,,,,,,skip
/Users/vineelap/Documents/piglets_detection/piglet-detection-main/artifacts/label_samples/2026-07-10__13_00_08#M/track_1483_f18750.jpg,11,1,0,218,117,276,172,boxed
/Users/vineelap/Documents/piglets_detection/piglet-detection-main/artifacts/label_samples/2026-07-10__13_00_08#M/track_1483_f18750.jpg,11,1,1,179,84,233,138,boxed
/Users/vineelap/Documents/piglets_detection/piglet-detection-main/artifacts/label_samples/2026-07-10__13_00_08#M/track_1527_f19050.jpg,14,1,0,113,256,181,302,boxed
/Users/vineelap/Documents/piglets_detection/piglet-detection-main/artifacts/label_samples/2026-07-10__13_00_08#M/track_1527_f19050.jpg,14,4,1,114,209,201,254,boxed
/Users/vineelap/Documents/piglets_detection/piglet-detection-main/artifacts/label_samples/2026-07-10__13_30_08#M/track_360_f2440.jpg,14,1,0,84,150,130,212,boxed
/Users/vineelap/Documents/piglets_detection/piglet-detection-main/artifacts/label_samples/2026-07-10__13_30_08#M/track_360_f2440.jpg,14,4,1,118,179,162,239,boxed
/Users/vineelap/Documents/piglets_detection/piglet-detection-main/artifacts/label_samples/2026-07-10__08_30_06#M/track_719_f3800.jpg,12,1,0,109,67,172,125,boxed
/Users/vineelap/Documents/piglets_detection/piglet-detection-main/artifacts/label_samples/2026-07-10__08_30_06#M/track_719_f3800.jpg,12,2,1,57,89,134,155,boxed
/Users/vineelap/Documents/piglets_detection/piglet-detection-main/artifacts/label_samples/2026-07-10__13_00_08#M/track_1486_f18770.jpg,13,1,0,127,202,193,237,boxed
/Users/vineelap/Documents/piglets_detection/piglet-detection-main/artifacts/label_samples/2026-07-10__13_00_08#M/track_1486_f18770.jpg,13,3,1,117,158,191,198,boxed
/Users/vineelap/Documents/piglets_detection/piglet-detection-main/artifacts/label_samples/2026-07-10__10_00_07#M/track_1364_f15550.jpg,11,1,0,125,122,161,190,boxed
/Users/vineelap/Documents/piglets_detection/piglet-detection-main/artifacts/label_samples/2026-07-10__10_00_07#M/track_1364_f15550.jpg,11,1,1,160,109,192,180,boxed
/Users/vineelap/Documents/piglets_detection/piglet-detection-main/artifacts/label_samples/2026-07-10__13_30_08#M/track_1883_f12060.jpg,11,1,0,87,160,149,219,boxed
/Users/vineelap/Documents/piglets_detection/piglet-detection-main/artifacts/label_samples/2026-07-10__13_30_08#M/track_1883_f12060.jpg,11,1,1,107,215,174,267,boxed
/Users/vineelap/Documents/piglets_detection/piglet-detection-main/artifacts/label_samples/2026-07-10__13_30_08#M/track_113_f830.jpg,14,1,0,201,165,260,212,boxed
/Users/vineelap/Documents/piglets_detection/piglet-detection-main/artifacts/label_samples/2026-07-10__13_30_08#M/track_113_f830.jpg,14,4,1,168,188,224,252,boxed
/Users/vineelap/Documents/piglets_detection/piglet-detection-main/artifacts/label_samples/2026-07-10__13_30_08#M/track_783_f5340.jpg,11,1,0,73,38,130,82,boxed
/Users/vineelap/Documents/piglets_detection/piglet-detection-main/artifacts/label_samples/2026-07-10__13_30_08#M/track_783_f5340.jpg,11,1,1,81,82,146,126,boxed
/Users/vineelap/Documents/piglets_detection/piglet-detection-main/artifacts/label_samples/2026-07-10__13_00_08#M/track_1483_f18740.jpg,11,1,0,207,120,263,185,boxed
/Users/vineelap/Documents/piglets_detection/piglet-detection-main/artifacts/label_samples/2026-07-10__13_00_08#M/track_1483_f18740.jpg,11,1,1,158,90,215,148,boxed
/Users/vineelap/Documents/piglets_detection/piglet-detection-main/artifacts/label_samples/2026-07-11__09_30_06#M/track_1734_f12810.jpg,11,1,0,201,122,247,186,boxed
/Users/vineelap/Documents/piglets_detection/piglet-detection-main/artifacts/label_samples/2026-07-11__09_30_06#M/track_1734_f12810.jpg,11,1,1,240,108,286,167,boxed
/Users/vineelap/Documents/piglets_detection/piglet-detection-main/artifacts/label_samples/2026-07-10__13_30_08#M/track_132_f1030.jpg,13,1,0,224,124,280,183,boxed
/Users/vineelap/Documents/piglets_detection/piglet-detection-main/artifacts/label_samples/2026-07-10__13_30_08#M/track_132_f1030.jpg,13,3,1,179,150,245,231,boxed
/Users/vineelap/Documents/piglets_detection/piglet-detection-main/artifacts/label_samples/2026-07-10__10_00_07#M/track_1364_f15520.jpg,11,1,0,144,109,173,180,boxed
/Users/vineelap/Documents/piglets_detection/piglet-detection-main/artifacts/label_samples/2026-07-10__10_00_07#M/track_1364_f15520.jpg,11,1,1,174,97,207,161,boxed
/Users/vineelap/Documents/piglets_detection/piglet-detection-main/artifacts/label_samples/2026-07-10__10_00_07#M/track_581_f9580.jpg,12,1,0,180,23,216,92,boxed
/Users/vineelap/Documents/piglets_detection/piglet-detection-main/artifacts/label_samples/2026-07-10__10_00_07#M/track_581_f9580.jpg,12,2,1,218,30,260,120,boxed
/Users/vineelap/Documents/piglets_detection/piglet-detection-main/artifacts/label_samples/2026-07-10__13_30_08#M/track_721_f4860.jpg,14,1,0,122,110,178,181,boxed
/Users/vineelap/Documents/piglets_detection/piglet-detection-main/artifacts/label_samples/2026-07-10__13_30_08#M/track_721_f4860.jpg,14,4,1,166,143,207,207,boxed
/Users/vineelap/Documents/piglets_detection/piglet-detection-main/artifacts/label_samples/2026-07-10__08_30_06#M/track_419_f2040.jpg,13,1,0,188,219,256,275,boxed
/Users/vineelap/Documents/piglets_detection/piglet-detection-main/artifacts/label_samples/2026-07-10__08_30_06#M/track_419_f2040.jpg,13,3,1,152,168,230,229,boxed
/Users/vineelap/Documents/piglets_detection/piglet-detection-main/artifacts/label_samples/2026-07-10__10_00_07#M/track_1347_f15430.jpg,10,1,0,200,38,236,75,boxed
/Users/vineelap/Documents/piglets_detection/piglet-detection-main/artifacts/label_samples/2026-07-10__10_00_07#M/track_1347_f15430.jpg,10,0,1,222,24,266,63,boxed
/Users/vineelap/Documents/piglets_detection/piglet-detection-main/artifacts/label_samples/2026-07-10__08_30_06#M/track_573_f3040.jpg,12,1,0,51,186,119,237,boxed
/Users/vineelap/Documents/piglets_detection/piglet-detection-main/artifacts/label_samples/2026-07-10__08_30_06#M/track_573_f3040.jpg,12,2,1,47,239,128,292,boxed
/Users/vineelap/Documents/piglets_detection/piglet-detection-main/artifacts/label_samples/2026-07-10__10_00_07#M/track_785_f11180.jpg,10,1,0,40,52,86,106,boxed
/Users/vineelap/Documents/piglets_detection/piglet-detection-main/artifacts/label_samples/2026-07-10__10_00_07#M/track_785_f11180.jpg,10,0,1,76,80,127,130,boxed
/Users/vineelap/Documents/piglets_detection/piglet-detection-main/artifacts/label_samples/2026-07-10__10_00_07#M/track_1566_f16900.jpg,11,1,0,248,108,283,165,boxed
/Users/vineelap/Documents/piglets_detection/piglet-detection-main/artifacts/label_samples/2026-07-10__10_00_07#M/track_1566_f16900.jpg,11,1,1,284,111,321,170,boxed
/Users/vineelap/Documents/piglets_detection/piglet-detection-main/artifacts/label_samples/2026-07-10__13_00_08#M/track_1479_f18680.jpg,11,1,0,179,181,247,233,boxed
/Users/vineelap/Documents/piglets_detection/piglet-detection-main/artifacts/label_samples/2026-07-10__13_00_08#M/track_1479_f18680.jpg,11,1,1,176,240,248,282,boxed
/Users/vineelap/Documents/piglets_detection/piglet-detection-main/artifacts/label_samples/2026-07-10__10_00_07#M/track_483_f9160.jpg,12,1,0,238,155,280,217,boxed
/Users/vineelap/Documents/piglets_detection/piglet-detection-main/artifacts/label_samples/2026-07-10__10_00_07#M/track_483_f9160.jpg,12,2,1,189,116,233,201,boxed
/Users/vineelap/Documents/piglets_detection/piglet-detection-main/artifacts/label_samples/2026-07-10__10_00_07#M/track_659_f10120.jpg,13,1,0,125,81,165,119,boxed
/Users/vineelap/Documents/piglets_detection/piglet-detection-main/artifacts/label_samples/2026-07-10__10_00_07#M/track_659_f10120.jpg,13,3,1,96,56,132,108,boxed
/Users/vineelap/Documents/piglets_detection/piglet-detection-main/artifacts/label_samples/2026-07-10__10_00_07#M/track_1757_f18680.jpg,10,1,0,197,33,233,91,boxed
/Users/vineelap/Documents/piglets_detection/piglet-detection-main/artifacts/label_samples/2026-07-10__10_00_07#M/track_1757_f18680.jpg,10,0,1,233,33,270,93,boxed
/Users/vineelap/Documents/piglets_detection/piglet-detection-main/artifacts/label_samples/2026-07-10__13_00_08#M/track_1405_f18140.jpg,14,1,0,65,201,136,244,boxed
/Users/vineelap/Documents/piglets_detection/piglet-detection-main/artifacts/label_samples/2026-07-10__13_00_08#M/track_1405_f18140.jpg,14,4,1,84,165,157,202,boxed
/Users/vineelap/Documents/piglets_detection/piglet-detection-main/artifacts/label_samples/2026-07-10__13_30_08#M/track_1242_f7590.jpg,11,1,0,100,60,156,90,boxed
/Users/vineelap/Documents/piglets_detection/piglet-detection-main/artifacts/label_samples/2026-07-10__13_30_08#M/track_1242_f7590.jpg,11,1,1,72,36,128,64,boxed
/Users/vineelap/Documents/piglets_detection/piglet-detection-main/artifacts/label_samples/2026-07-10__13_30_08#M/track_1141_f7290.jpg,13,1,0,29,266,107,318,boxed
/Users/vineelap/Documents/piglets_detection/piglet-detection-main/artifacts/label_samples/2026-07-10__13_30_08#M/track_1141_f7290.jpg,13,3,1,24,203,103,261,boxed
/Users/vineelap/Documents/piglets_detection/piglet-detection-main/artifacts/label_samples/2026-07-11__09_30_06#M/track_416_f3060.jpg,10,1,0,138,89,212,127,boxed
/Users/vineelap/Documents/piglets_detection/piglet-detection-main/artifacts/label_samples/2026-07-11__09_30_06#M/track_416_f3060.jpg,10,0,1,122,141,202,190,boxed
/Users/vineelap/Documents/piglets_detection/piglet-detection-main/artifacts/label_samples/2026-07-10__10_00_07#M/track_1964_f19450.jpg,13,1,0,173,9,208,52,boxed
/Users/vineelap/Documents/piglets_detection/piglet-detection-main/artifacts/label_samples/2026-07-10__10_00_07#M/track_1964_f19450.jpg,13,3,1,208,9,240,53,boxed
/Users/vineelap/Documents/piglets_detection/piglet-detection-main/artifacts/label_samples/2026-07-10__10_00_07#M/track_1215_f14640.jpg,10,1,0,178,62,221,105,boxed
/Users/vineelap/Documents/piglets_detection/piglet-detection-main/artifacts/label_samples/2026-07-10__10_00_07#M/track_1215_f14640.jpg,10,0,1,202,43,249,89,boxed
/Users/vineelap/Documents/piglets_detection/piglet-detection-main/artifacts/label_samples/2026-07-10__13_30_08#M/track_1189_f7500.jpg,10,1,0,153,280,217,336,boxed
/Users/vineelap/Documents/piglets_detection/piglet-detection-main/artifacts/label_samples/2026-07-10__13_30_08#M/track_1189_f7500.jpg,10,0,1,128,234,204,288,boxed
/Users/vineelap/Documents/piglets_detection/piglet-detection-main/artifacts/label_samples/2026-07-10__13_30_08#M/track_360_f2400.jpg,14,1,0,69,161,119,219,boxed
/Users/vineelap/Documents/piglets_detection/piglet-detection-main/artifacts/label_samples/2026-07-10__13_30_08#M/track_360_f2400.jpg,14,4,1,97,195,146,253,boxed
/Users/vineelap/Documents/piglets_detection/piglet-detection-main/artifacts/label_samples/2026-07-10__13_00_08#M/track_1562_f19440.jpg,11,1,0,79,304,150,354,boxed
/Users/vineelap/Documents/piglets_detection/piglet-detection-main/artifacts/label_samples/2026-07-10__13_00_08#M/track_1562_f19440.jpg,11,1,1,80,259,156,302,boxed
/Users/vineelap/Documents/piglets_detection/piglet-detection-main/artifacts/label_samples/2026-07-10__13_00_08#M/track_987_f11440.jpg,11,1,0,62,225,152,264,boxed
/Users/vineelap/Documents/piglets_detection/piglet-detection-main/artifacts/label_samples/2026-07-10__13_00_08#M/track_987_f11440.jpg,11,1,1,61,179,146,222,boxed
/Users/vineelap/Documents/piglets_detection/piglet-detection-main/artifacts/label_samples/2026-07-11__09_30_06#M/track_1242_f9900.jpg,14,1,0,148,19,183,64,boxed
/Users/vineelap/Documents/piglets_detection/piglet-detection-main/artifacts/label_samples/2026-07-11__09_30_06#M/track_1242_f9900.jpg,14,4,1,106,15,143,59,boxed
/Users/vineelap/Documents/piglets_detection/piglet-detection-main/artifacts/label_samples/2026-07-10__10_00_07#M/track_1027_f13170.jpg,14,1,0,199,42,248,96,boxed
/Users/vineelap/Documents/piglets_detection/piglet-detection-main/artifacts/label_samples/2026-07-10__10_00_07#M/track_1027_f13170.jpg,14,4,1,151,44,194,102,boxed
/Users/vineelap/Documents/piglets_detection/piglet-detection-main/artifacts/label_samples/2026-07-11__09_30_06#M/track_1667_f12520.jpg,11,1,0,167,248,254,297,boxed
/Users/vineelap/Documents/piglets_detection/piglet-detection-main/artifacts/label_samples/2026-07-11__09_30_06#M/track_1667_f12520.jpg,11,1,1,157,196,236,246,boxed
/Users/vineelap/Documents/piglets_detection/piglet-detection-main/artifacts/label_samples/2026-07-10__10_00_07#M/track_1800_f18410.jpg,13,1,0,200,50,229,98,boxed
/Users/vineelap/Documents/piglets_detection/piglet-detection-main/artifacts/label_samples/2026-07-10__10_00_07#M/track_1800_f18410.jpg,13,3,1,230,63,267,115,boxed
/Users/vineelap/Documents/piglets_detection/piglet-detection-main/artifacts/label_samples/2026-07-10__13_00_08#M/track_1446_f18460.jpg,11,1,0,124,190,185,258,boxed
/Users/vineelap/Documents/piglets_detection/piglet-detection-main/artifacts/label_samples/2026-07-10__13_00_08#M/track_1446_f18460.jpg,11,1,1,157,247,224,307,boxed
/Users/vineelap/Documents/piglets_detection/piglet-detection-main/artifacts/label_samples/2026-07-11__09_30_06#M/track_1477_f11620.jpg,11,1,0,182,178,232,241,boxed
/Users/vineelap/Documents/piglets_detection/piglet-detection-main/artifacts/label_samples/2026-07-11__09_30_06#M/track_1477_f11620.jpg,11,1,1,142,146,205,198,boxed
/Users/vineelap/Documents/piglets_detection/piglet-detection-main/artifacts/label_samples/2026-07-10__13_00_08#M/track_448_f9080.jpg,10,1,0,81,278,147,331,boxed
/Users/vineelap/Documents/piglets_detection/piglet-detection-main/artifacts/label_samples/2026-07-10__13_00_08#M/track_448_f9080.jpg,10,0,1,79,220,153,269,boxed
/Users/vineelap/Documents/piglets_detection/piglet-detection-main/artifacts/label_samples/2026-07-10__10_00_07#M/track_1620_f17250.jpg,11,1,0,97,93,138,127,boxed
/Users/vineelap/Documents/piglets_detection/piglet-detection-main/artifacts/label_samples/2026-07-10__10_00_07#M/track_1620_f17250.jpg,11,1,1,107,67,152,97,boxed
/Users/vineelap/Documents/piglets_detection/piglet-detection-main/artifacts/label_samples/2026-07-10__13_00_08#M/track_1235_f15510.jpg,11,1,0,123,194,180,257,boxed
/Users/vineelap/Documents/piglets_detection/piglet-detection-main/artifacts/label_samples/2026-07-10__13_00_08#M/track_1235_f15510.jpg,11,1,1,171,232,221,309,boxed
/Users/vineelap/Documents/piglets_detection/piglet-detection-main/artifacts/label_samples/2026-07-10__08_30_06#M/track_1150_f6930.jpg,12,1,0,52,104,104,161,boxed
/Users/vineelap/Documents/piglets_detection/piglet-detection-main/artifacts/label_samples/2026-07-10__08_30_06#M/track_1150_f6930.jpg,12,2,1,83,134,153,205,boxed
/Users/vineelap/Documents/piglets_detection/piglet-detection-main/artifacts/label_samples/2026-07-10__10_00_07#M/track_1174_f14200.jpg,13,1,0,130,94,191,145,boxed
/Users/vineelap/Documents/piglets_detection/piglet-detection-main/artifacts/label_samples/2026-07-10__10_00_07#M/track_1174_f14200.jpg,13,3,1,166,134,237,194,boxed
/Users/vineelap/Documents/piglets_detection/piglet-detection-main/artifacts/label_samples/2026-07-10__13_00_08#M/track_1545_f19110.jpg,12,1,0,56,202,116,237,boxed
/Users/vineelap/Documents/piglets_detection/piglet-detection-main/artifacts/label_samples/2026-07-10__13_00_08#M/track_1545_f19110.jpg,12,2,1,53,152,116,192,boxed
/Users/vineelap/Documents/piglets_detection/piglet-detection-main/artifacts/label_samples/2026-07-10__13_30_08#M/track_1531_f9320.jpg,11,1,0,139,31,195,75,boxed
/Users/vineelap/Documents/piglets_detection/piglet-detection-main/artifacts/label_samples/2026-07-10__13_30_08#M/track_1531_f9320.jpg,11,1,1,119,74,172,119,boxed
/Users/vineelap/Documents/piglets_detection/piglet-detection-main/artifacts/label_samples/2026-07-10__13_30_08#M/track_447_f3190.jpg,11,1,0,202,19,236,72,boxed
/Users/vineelap/Documents/piglets_detection/piglet-detection-main/artifacts/label_samples/2026-07-10__13_30_08#M/track_447_f3190.jpg,11,1,1,237,25,268,86,boxed
/Users/vineelap/Documents/piglets_detection/piglet-detection-main/artifacts/label_samples/2026-07-10__10_00_07#M/track_1525_f16720.jpg,13,1,0,153,14,187,64,boxed
/Users/vineelap/Documents/piglets_detection/piglet-detection-main/artifacts/label_samples/2026-07-10__10_00_07#M/track_1525_f16720.jpg,13,3,1,189,16,224,69,boxed
/Users/vineelap/Documents/piglets_detection/piglet-detection-main/artifacts/label_samples/2026-07-10__13_30_08#M/track_1531_f9330.jpg,11,1,0,106,44,158,92,boxed
/Users/vineelap/Documents/piglets_detection/piglet-detection-main/artifacts/label_samples/2026-07-10__13_30_08#M/track_1531_f9330.jpg,11,1,1,81,92,145,139,boxed
/Users/vineelap/Documents/piglets_detection/piglet-detection-main/artifacts/label_samples/2026-07-10__13_00_08#M/track_781_f10290.jpg,13,1,0,242,54,297,128,boxed
/Users/vineelap/Documents/piglets_detection/piglet-detection-main/artifacts/label_samples/2026-07-10__13_00_08#M/track_781_f10290.jpg,13,3,1,303,53,376,147,boxed
/Users/vineelap/Documents/piglets_detection/piglet-detection-main/artifacts/label_samples/2026-07-10__13_00_08#M/track_898_f11010.jpg,12,1,0,40,154,106,200,boxed
/Users/vineelap/Documents/piglets_detection/piglet-detection-main/artifacts/label_samples/2026-07-10__13_00_08#M/track_898_f11010.jpg,12,2,1,34,210,114,270,boxed
/Users/vineelap/Documents/piglets_detection/piglet-detection-main/artifacts/label_samples/2026-07-10__10_00_07#M/track_1215_f14670.jpg,10,1,0,211,44,248,90,boxed
/Users/vineelap/Documents/piglets_detection/piglet-detection-main/artifacts/label_samples/2026-07-10__10_00_07#M/track_1215_f14670.jpg,10,0,1,241,38,275,83,boxed
/Users/vineelap/Documents/piglets_detection/piglet-detection-main/artifacts/label_samples/2026-07-10__08_30_06#M/track_864_f4440.jpg,12,1,0,84,158,144,207,boxed
/Users/vineelap/Documents/piglets_detection/piglet-detection-main/artifacts/label_samples/2026-07-10__08_30_06#M/track_864_f4440.jpg,12,2,1,30,194,112,256,boxed
/Users/vineelap/Documents/piglets_detection/piglet-detection-main/artifacts/label_samples/2026-07-10__13_30_08#M/track_1017_f6760.jpg,11,1,0,146,130,207,163,boxed
/Users/vineelap/Documents/piglets_detection/piglet-detection-main/artifacts/label_samples/2026-07-10__13_30_08#M/track_1017_f6760.jpg,11,1,1,126,96,193,127,boxed
/Users/vineelap/Documents/piglets_detection/piglet-detection-main/artifacts/label_samples/2026-07-10__13_00_08#M/track_1220_f15680.jpg,14,1,0,91,272,146,305,boxed
/Users/vineelap/Documents/piglets_detection/piglet-detection-main/artifacts/label_samples/2026-07-10__13_00_08#M/track_1220_f15680.jpg,14,4,1,89,229,154,272,boxed
/Users/vineelap/Documents/piglets_detection/piglet-detection-main/artifacts/label_samples/2026-07-10__08_30_06#M/track_936_f4860.jpg,13,1,0,83,71,121,120,boxed
/Users/vineelap/Documents/piglets_detection/piglet-detection-main/artifacts/label_samples/2026-07-10__08_30_06#M/track_936_f4860.jpg,13,3,1,107,95,155,143,boxed
/Users/vineelap/Documents/piglets_detection/piglet-detection-main/artifacts/label_samples/2026-07-10__10_00_07#M/track_1256_f14970.jpg,11,1,0,213,18,246,80,boxed
/Users/vineelap/Documents/piglets_detection/piglet-detection-main/artifacts/label_samples/2026-07-10__10_00_07#M/track_1256_f14970.jpg,11,1,1,248,22,276,93,boxed
/Users/vineelap/Documents/piglets_detection/piglet-detection-main/artifacts/label_samples/2026-07-10__10_00_07#M/track_695_f10390.jpg,12,1,0,146,153,185,204,boxed
/Users/vineelap/Documents/piglets_detection/piglet-detection-main/artifacts/label_samples/2026-07-10__10_00_07#M/track_695_f10390.jpg,12,2,1,170,181,218,268,boxed
/Users/vineelap/Documents/piglets_detection/piglet-detection-main/artifacts/label_samples/2026-07-10__10_00_07#M/track_1178_f14350.jpg,11,1,0,242,88,281,152,boxed
/Users/vineelap/Documents/piglets_detection/piglet-detection-main/artifacts/label_samples/2026-07-10__10_00_07#M/track_1178_f14350.jpg,11,1,1,279,74,318,137,boxed
/Users/vineelap/Documents/piglets_detection/piglet-detection-main/artifacts/label_samples/2026-07-10__13_30_08#M/track_995_f6680.jpg,12,1,0,341,89,390,159,boxed
/Users/vineelap/Documents/piglets_detection/piglet-detection-main/artifacts/label_samples/2026-07-10__13_30_08#M/track_995_f6680.jpg,12,2,1,276,77,331,171,boxed
/Users/vineelap/Documents/piglets_detection/piglet-detection-main/artifacts/label_samples/2026-07-10__13_30_08#M/track_991_f6680.jpg,10,1,0,228,281,287,354,boxed
/Users/vineelap/Documents/piglets_detection/piglet-detection-main/artifacts/label_samples/2026-07-10__13_30_08#M/track_991_f6680.jpg,10,0,1,172,251,243,309,boxed
/Users/vineelap/Documents/piglets_detection/piglet-detection-main/artifacts/label_samples/2026-07-10__10_00_07#M/track_1153_f14100.jpg,10,1,0,199,40,236,93,boxed
/Users/vineelap/Documents/piglets_detection/piglet-detection-main/artifacts/label_samples/2026-07-10__10_00_07#M/track_1153_f14100.jpg,10,0,1,228,29,270,80,boxed
/Users/vineelap/Documents/piglets_detection/piglet-detection-main/artifacts/label_samples/2026-07-10__13_00_08#M/track_605_f9560.jpg,10,1,0,89,181,143,232,boxed
/Users/vineelap/Documents/piglets_detection/piglet-detection-main/artifacts/label_samples/2026-07-10__13_00_08#M/track_605_f9560.jpg,10,0,1,107,230,172,287,boxed
/Users/vineelap/Documents/piglets_detection/piglet-detection-main/artifacts/label_samples/2026-07-10__13_30_08#M/track_991_f6710.jpg,10,1,0,192,315,244,395,boxed
/Users/vineelap/Documents/piglets_detection/piglet-detection-main/artifacts/label_samples/2026-07-10__13_30_08#M/track_991_f6710.jpg,10,0,1,142,277,207,345,boxed
/Users/vineelap/Documents/piglets_detection/piglet-detection-main/artifacts/label_samples/2026-07-10__10_00_07#M/track_1397_f15750.jpg,10,1,0,213,16,251,67,boxed
/Users/vineelap/Documents/piglets_detection/piglet-detection-main/artifacts/label_samples/2026-07-10__10_00_07#M/track_1397_f15750.jpg,10,0,1,246,9,281,55,boxed
/Users/vineelap/Documents/piglets_detection/piglet-detection-main/artifacts/label_samples/2026-07-10__10_00_07#M/track_422_f8310.jpg,10,1,0,149,164,201,231,boxed
/Users/vineelap/Documents/piglets_detection/piglet-detection-main/artifacts/label_samples/2026-07-10__10_00_07#M/track_422_f8310.jpg,10,0,1,188,201,240,270,boxed
/Users/vineelap/Documents/piglets_detection/piglet-detection-main/artifacts/label_samples/2026-07-10__10_00_07#M/track_1301_f15240.jpg,11,1,0,150,267,198,310,boxed
/Users/vineelap/Documents/piglets_detection/piglet-detection-main/artifacts/label_samples/2026-07-10__10_00_07#M/track_1301_f15240.jpg,11,1,1,174,226,226,270,boxed
/Users/vineelap/Documents/piglets_detection/piglet-detection-main/artifacts/label_samples/2026-07-11__09_30_06#M/track_2077_f14880.jpg,11,1,0,45,36,81,66,boxed
/Users/vineelap/Documents/piglets_detection/piglet-detection-main/artifacts/label_samples/2026-07-11__09_30_06#M/track_2077_f14880.jpg,11,1,1,55,64,108,98,boxed
/Users/vineelap/Documents/piglets_detection/piglet-detection-main/artifacts/label_samples/2026-07-11__09_30_06#M/track_1366_f10920.jpg,10,1,0,258,56,312,111,boxed
/Users/vineelap/Documents/piglets_detection/piglet-detection-main/artifacts/label_samples/2026-07-11__09_30_06#M/track_1366_f10920.jpg,10,0,1,312,39,358,108,boxed
/Users/vineelap/Documents/piglets_detection/piglet-detection-main/artifacts/label_samples/2026-07-11__09_30_06#M/track_1635_f12330.jpg,11,1,0,16,184,80,240,boxed
/Users/vineelap/Documents/piglets_detection/piglet-detection-main/artifacts/label_samples/2026-07-11__09_30_06#M/track_1635_f12330.jpg,11,1,1,32,242,96,304,boxed
/Users/vineelap/Documents/piglets_detection/piglet-detection-main/artifacts/label_samples/2026-07-10__13_30_08#M/track_1725_f10380.jpg,11,1,0,239,94,283,171,boxed
/Users/vineelap/Documents/piglets_detection/piglet-detection-main/artifacts/label_samples/2026-07-10__13_30_08#M/track_1725_f10380.jpg,11,1,1,295,115,329,203,boxed
/Users/vineelap/Documents/piglets_detection/piglet-detection-main/artifacts/label_samples/2026-07-11__09_30_06#M/track_2077_f14920.jpg,11,1,0,55,19,103,48,boxed
/Users/vineelap/Documents/piglets_detection/piglet-detection-main/artifacts/label_samples/2026-07-11__09_30_06#M/track_2077_f14920.jpg,11,1,1,65,50,116,83,boxed
/Users/vineelap/Documents/piglets_detection/piglet-detection-main/artifacts/label_samples/2026-07-10__13_30_08#M/track_1307_f8160.jpg,11,1,0,229,22,279,95,boxed
/Users/vineelap/Documents/piglets_detection/piglet-detection-main/artifacts/label_samples/2026-07-10__13_30_08#M/track_1307_f8160.jpg,11,1,1,282,32,334,123,boxed
/Users/vineelap/Documents/piglets_detection/piglet-detection-main/artifacts/label_samples/2026-07-10__13_00_08#M/track_856_f10520.jpg,13,1,0,83,46,133,97,boxed
/Users/vineelap/Documents/piglets_detection/piglet-detection-main/artifacts/label_samples/2026-07-10__13_00_08#M/track_856_f10520.jpg,13,3,1,40,65,93,124,boxed
/Users/vineelap/Documents/piglets_detection/piglet-detection-main/artifacts/label_samples/2026-07-10__08_30_06#M/track_924_f4760.jpg,13,1,0,12,12,57,54,boxed
/Users/vineelap/Documents/piglets_detection/piglet-detection-main/artifacts/label_samples/2026-07-10__08_30_06#M/track_924_f4760.jpg,13,3,1,33,39,94,85,boxed
/Users/vineelap/Documents/piglets_detection/piglet-detection-main/artifacts/label_samples/2026-07-10__08_30_06#M/track_19_f560.jpg,11,1,0,205,74,271,132,boxed
/Users/vineelap/Documents/piglets_detection/piglet-detection-main/artifacts/label_samples/2026-07-10__08_30_06#M/track_19_f560.jpg,11,1,1,152,66,210,134,boxed
/Users/vineelap/Documents/piglets_detection/piglet-detection-main/artifacts/label_samples/2026-07-11__09_30_06#M/track_2583_f16620.jpg,10,1,0,20,64,77,99,boxed
/Users/vineelap/Documents/piglets_detection/piglet-detection-main/artifacts/label_samples/2026-07-11__09_30_06#M/track_2583_f16620.jpg,10,0,1,17,34,69,61,boxed
/Users/vineelap/Documents/piglets_detection/piglet-detection-main/artifacts/label_samples/2026-07-10__10_00_07#M/track_860_f11950.jpg,10,1,0,165,64,205,117,boxed
/Users/vineelap/Documents/piglets_detection/piglet-detection-main/artifacts/label_samples/2026-07-10__10_00_07#M/track_860_f11950.jpg,10,0,1,209,61,245,119,boxed
/Users/vineelap/Documents/piglets_detection/piglet-detection-main/artifacts/label_samples/2026-07-10__10_00_07#M/track_1063_f13430.jpg,12,1,0,152,72,198,127,boxed
/Users/vineelap/Documents/piglets_detection/piglet-detection-main/artifacts/label_samples/2026-07-10__10_00_07#M/track_1063_f13430.jpg,12,2,1,196,58,261,121,boxed
/Users/vineelap/Documents/piglets_detection/piglet-detection-main/artifacts/label_samples/2026-07-10__10_00_07#M/track_1226_f14540.jpg,10,1,0,125,92,179,134,boxed
/Users/vineelap/Documents/piglets_detection/piglet-detection-main/artifacts/label_samples/2026-07-10__10_00_07#M/track_1226_f14540.jpg,10,0,1,155,54,205,103,boxed
/Users/vineelap/Documents/piglets_detection/piglet-detection-main/artifacts/label_samples/2026-07-10__10_00_07#M/track_662_f10600.jpg,10,1,0,150,173,195,258,boxed
/Users/vineelap/Documents/piglets_detection/piglet-detection-main/artifacts/label_samples/2026-07-10__10_00_07#M/track_662_f10600.jpg,10,0,1,189,208,248,281,boxed
/Users/vineelap/Documents/piglets_detection/piglet-detection-main/artifacts/label_samples/2026-07-10__13_30_08#M/track_5_f0.jpg,11,1,0,396,184,462,251,boxed
/Users/vineelap/Documents/piglets_detection/piglet-detection-main/artifacts/label_samples/2026-07-10__13_30_08#M/track_5_f0.jpg,11,1,1,432,151,491,206,boxed
/Users/vineelap/Documents/piglets_detection/piglet-detection-main/artifacts/label_samples/2026-07-10__13_00_08#M/track_1418_f18250.jpg,11,1,0,131,173,195,215,boxed
/Users/vineelap/Documents/piglets_detection/piglet-detection-main/artifacts/label_samples/2026-07-10__13_00_08#M/track_1418_f18250.jpg,11,1,1,143,138,207,178,boxed
/Users/vineelap/Documents/piglets_detection/piglet-detection-main/artifacts/label_samples/2026-07-10__10_00_07#M/track_1003_f13320.jpg,13,1,0,118,132,163,176,boxed
/Users/vineelap/Documents/piglets_detection/piglet-detection-main/artifacts/label_samples/2026-07-10__10_00_07#M/track_1003_f13320.jpg,13,3,1,125,97,176,149,boxed
/Users/vineelap/Documents/piglets_detection/piglet-detection-main/artifacts/label_samples/2026-07-10__08_30_06#M/track_1064_f6280.jpg,12,1,0,79,204,139,264,boxed
/Users/vineelap/Documents/piglets_detection/piglet-detection-main/artifacts/label_samples/2026-07-10__08_30_06#M/track_1064_f6280.jpg,12,2,1,87,266,168,338,boxed
/Users/vineelap/Documents/piglets_detection/piglet-detection-main/artifacts/label_samples/2026-07-10__10_00_07#M/track_1757_f18840.jpg,10,1,0,187,45,228,91,boxed
/Users/vineelap/Documents/piglets_detection/piglet-detection-main/artifacts/label_samples/2026-07-10__10_00_07#M/track_1757_f18840.jpg,10,0,1,220,29,256,84,boxed
/Users/vineelap/Documents/piglets_detection/piglet-detection-main/artifacts/label_samples/2026-07-10__10_00_07#M/track_1063_f13440.jpg,12,1,0,188,0,225,55,boxed
/Users/vineelap/Documents/piglets_detection/piglet-detection-main/artifacts/label_samples/2026-07-10__10_00_07#M/track_1063_f13440.jpg,12,2,1,236,12,297,81,boxed
/Users/vineelap/Documents/piglets_detection/piglet-detection-main/artifacts/label_samples/2026-07-10__10_00_07#M/track_906_f12530.jpg,10,1,0,106,100,154,140,boxed
/Users/vineelap/Documents/piglets_detection/piglet-detection-main/artifacts/label_samples/2026-07-10__10_00_07#M/track_906_f12530.jpg,10,0,1,117,69,166,107,boxed
/Users/vineelap/Documents/piglets_detection/piglet-detection-main/artifacts/label_samples/2026-07-10__08_30_06#M/track_19_f510.jpg,11,1,0,167,179,219,257,boxed
/Users/vineelap/Documents/piglets_detection/piglet-detection-main/artifacts/label_samples/2026-07-10__08_30_06#M/track_19_f510.jpg,11,1,1,211,217,263,294,boxed
/Users/vineelap/Documents/piglets_detection/piglet-detection-main/artifacts/label_samples/2026-07-10__13_30_08#M/track_736_f4840.jpg,12,1,0,157,157,223,214,boxed
/Users/vineelap/Documents/piglets_detection/piglet-detection-main/artifacts/label_samples/2026-07-10__13_30_08#M/track_736_f4840.jpg,12,2,1,124,211,204,278,boxed
/Users/vineelap/Documents/piglets_detection/piglet-detection-main/artifacts/label_samples/2026-07-10__13_00_08#M/track_410_f8980.jpg,14,1,0,57,149,111,191,boxed
/Users/vineelap/Documents/piglets_detection/piglet-detection-main/artifacts/label_samples/2026-07-10__13_00_08#M/track_410_f8980.jpg,14,4,1,62,191,124,237,boxed
/Users/vineelap/Documents/piglets_detection/piglet-detection-main/artifacts/label_samples/2026-07-10__10_00_07#M/track_1096_f13840.jpg,10,1,0,180,54,221,110,boxed
/Users/vineelap/Documents/piglets_detection/piglet-detection-main/artifacts/label_samples/2026-07-10__10_00_07#M/track_1096_f13840.jpg,10,0,1,221,55,263,127,boxed
/Users/vineelap/Documents/piglets_detection/piglet-detection-main/artifacts/label_samples/2026-07-10__10_00_07#M/track_1003_f13160.jpg,13,1,0,109,95,153,137,boxed
/Users/vineelap/Documents/piglets_detection/piglet-detection-main/artifacts/label_samples/2026-07-10__10_00_07#M/track_1003_f13160.jpg,13,3,1,111,58,177,99,boxed
/Users/vineelap/Documents/piglets_detection/piglet-detection-main/artifacts/label_samples/2026-07-10__13_00_08#M/track_411_f8970.jpg,12,1,0,133,133,194,188,boxed
/Users/vineelap/Documents/piglets_detection/piglet-detection-main/artifacts/label_samples/2026-07-10__13_00_08#M/track_411_f8970.jpg,12,2,1,99,188,185,253,boxed
/Users/vineelap/Documents/piglets_detection/piglet-detection-main/artifacts/label_samples/2026-07-10__10_00_07#M/track_785_f11140.jpg,10,1,0,61,0,98,56,boxed
/Users/vineelap/Documents/piglets_detection/piglet-detection-main/artifacts/label_samples/2026-07-10__10_00_07#M/track_785_f11140.jpg,10,0,1,101,18,138,82,boxed
/Users/vineelap/Documents/piglets_detection/piglet-detection-main/artifacts/label_samples/2026-07-10__13_00_08#M/track_898_f11130.jpg,12,1,0,99,137,140,198,boxed
/Users/vineelap/Documents/piglets_detection/piglet-detection-main/artifacts/label_samples/2026-07-10__13_00_08#M/track_898_f11130.jpg,12,2,1,136,112,200,174,boxed
/Users/vineelap/Documents/piglets_detection/piglet-detection-main/artifacts/label_samples/2026-07-10__08_30_06#M/track_924_f4750.jpg,13,1,0,15,9,64,41,boxed
/Users/vineelap/Documents/piglets_detection/piglet-detection-main/artifacts/label_samples/2026-07-10__08_30_06#M/track_924_f4750.jpg,13,3,1,28,42,94,89,boxed
/Users/vineelap/Documents/piglets_detection/piglet-detection-main/artifacts/label_samples/2026-07-10__13_00_08#M/track_907_f10810.jpg,14,1,0,29,139,90,184,boxed
/Users/vineelap/Documents/piglets_detection/piglet-detection-main/artifacts/label_samples/2026-07-10__13_00_08#M/track_907_f10810.jpg,14,4,1,25,106,96,137,boxed
/Users/vineelap/Documents/piglets_detection/piglet-detection-main/artifacts/label_samples/2026-07-10__13_30_08#M/track_1133_f7130.jpg,12,1,0,29,115,94,153,boxed
/Users/vineelap/Documents/piglets_detection/piglet-detection-main/artifacts/label_samples/2026-07-10__13_30_08#M/track_1133_f7130.jpg,12,2,1,43,157,118,225,boxed
/Users/vineelap/Documents/piglets_detection/piglet-detection-main/artifacts/label_samples/2026-07-10__13_30_08#M/track_502_f3210.jpg,13,1,0,199,179,266,239,boxed
/Users/vineelap/Documents/piglets_detection/piglet-detection-main/artifacts/label_samples/2026-07-10__13_30_08#M/track_502_f3210.jpg,13,3,1,157,223,233,300,boxed
/Users/vineelap/Documents/piglets_detection/piglet-detection-main/artifacts/label_samples/2026-07-10__13_00_08#M/track_606_f9560.jpg,13,1,0,180,107,250,149,boxed
/Users/vineelap/Documents/piglets_detection/piglet-detection-main/artifacts/label_samples/2026-07-10__13_00_08#M/track_606_f9560.jpg,13,3,1,153,137,214,199,boxed
/Users/vineelap/Documents/piglets_detection/piglet-detection-main/artifacts/label_samples/2026-07-10__10_00_07#M/track_1438_f16090.jpg,11,1,0,202,29,235,82,boxed
/Users/vineelap/Documents/piglets_detection/piglet-detection-main/artifacts/label_samples/2026-07-10__10_00_07#M/track_1438_f16090.jpg,11,1,1,234,29,266,79,boxed
/Users/vineelap/Documents/piglets_detection/piglet-detection-main/artifacts/label_samples/2026-07-11__09_30_06#M/track_1547_f11870.jpg,14,1,0,130,163,179,221,boxed
/Users/vineelap/Documents/piglets_detection/piglet-detection-main/artifacts/label_samples/2026-07-11__09_30_06#M/track_1547_f11870.jpg,14,4,1,91,204,153,252,boxed
/Users/vineelap/Documents/piglets_detection/piglet-detection-main/artifacts/label_samples/2026-07-10__13_00_08#M/track_1099_f12630.jpg,14,,,,,,,skip
/Users/vineelap/Documents/piglets_detection/piglet-detection-main/artifacts/label_samples/2026-07-10__13_00_08#M/track_856_f10530.jpg,13,1,0,87,34,134,70,boxed
/Users/vineelap/Documents/piglets_detection/piglet-detection-main/artifacts/label_samples/2026-07-10__13_00_08#M/track_856_f10530.jpg,13,3,1,50,52,102,114,boxed
/Users/vineelap/Documents/piglets_detection/piglet-detection-main/artifacts/label_samples/2026-07-10__13_30_08#M/track_973_f6620.jpg,14,1,0,142,188,191,251,boxed
/Users/vineelap/Documents/piglets_detection/piglet-detection-main/artifacts/label_samples/2026-07-10__13_30_08#M/track_973_f6620.jpg,14,4,1,192,176,243,234,boxed
/Users/vineelap/Documents/piglets_detection/piglet-detection-main/artifacts/label_samples/2026-07-10__10_00_07#M/track_948_f12640.jpg,10,1,0,180,19,216,69,boxed
/Users/vineelap/Documents/piglets_detection/piglet-detection-main/artifacts/label_samples/2026-07-10__10_00_07#M/track_948_f12640.jpg,10,0,1,203,6,250,54,boxed
/Users/vineelap/Documents/piglets_detection/piglet-detection-main/artifacts/label_samples/2026-07-10__13_00_08#M/track_1469_f18580.jpg,13,1,0,180,151,226,196,boxed
/Users/vineelap/Documents/piglets_detection/piglet-detection-main/artifacts/label_samples/2026-07-10__13_00_08#M/track_1469_f18580.jpg,13,3,1,185,189,252,250,boxed
/Users/vineelap/Documents/piglets_detection/piglet-detection-main/artifacts/label_samples/2026-07-10__13_00_08#M/track_411_f9020.jpg,12,1,0,145,166,191,209,boxed
/Users/vineelap/Documents/piglets_detection/piglet-detection-main/artifacts/label_samples/2026-07-10__13_00_08#M/track_411_f9020.jpg,12,2,1,147,219,211,278,boxed
/Users/vineelap/Documents/piglets_detection/piglet-detection-main/artifacts/label_samples/2026-07-10__08_30_06#M/track_1170_f7250.jpg,12,1,0,32,86,92,135,boxed
/Users/vineelap/Documents/piglets_detection/piglet-detection-main/artifacts/label_samples/2026-07-10__08_30_06#M/track_1170_f7250.jpg,12,2,1,49,136,132,192,boxed
/Users/vineelap/Documents/piglets_detection/piglet-detection-main/artifacts/label_samples/2026-07-10__13_00_08#M/track_1404_f18160.jpg,13,1,0,111,135,169,176,boxed
/Users/vineelap/Documents/piglets_detection/piglet-detection-main/artifacts/label_samples/2026-07-10__13_00_08#M/track_1404_f18160.jpg,13,3,1,124,99,185,142,boxed
/Users/vineelap/Documents/piglets_detection/piglet-detection-main/artifacts/label_samples/2026-07-11__09_30_06#M/track_2051_f14780.jpg,14,1,0,230,142,272,196,boxed
/Users/vineelap/Documents/piglets_detection/piglet-detection-main/artifacts/label_samples/2026-07-11__09_30_06#M/track_2051_f14780.jpg,14,4,1,180,160,232,219,boxed
/Users/vineelap/Documents/piglets_detection/piglet-detection-main/artifacts/label_samples/2026-07-10__10_00_07#M/track_1633_f17410.jpg,11,1,0,154,54,188,96,boxed
/Users/vineelap/Documents/piglets_detection/piglet-detection-main/artifacts/label_samples/2026-07-10__10_00_07#M/track_1633_f17410.jpg,11,1,1,178,38,211,82,boxed
/Users/vineelap/Documents/piglets_detection/piglet-detection-main/artifacts/label_samples/2026-07-10__13_00_08#M/track_465_f9220.jpg,12,1,0,170,181,213,241,boxed
/Users/vineelap/Documents/piglets_detection/piglet-detection-main/artifacts/label_samples/2026-07-10__13_00_08#M/track_465_f9220.jpg,12,2,1,126,138,174,224,boxed
/Users/vineelap/Documents/piglets_detection/piglet-detection-main/artifacts/label_samples/2026-07-10__13_00_08#M/track_1562_f19290.jpg,11,1,0,16,320,72,358,boxed
/Users/vineelap/Documents/piglets_detection/piglet-detection-main/artifacts/label_samples/2026-07-10__13_00_08#M/track_1562_f19290.jpg,11,1,1,21,263,80,316,boxed
/Users/vineelap/Documents/piglets_detection/piglet-detection-main/artifacts/label_samples/2026-07-10__13_30_08#M/track_199_f960.jpg,12,1,0,235,20,278,75,boxed
/Users/vineelap/Documents/piglets_detection/piglet-detection-main/artifacts/label_samples/2026-07-10__13_30_08#M/track_199_f960.jpg,12,2,1,181,16,229,80,boxed
/Users/vineelap/Documents/piglets_detection/piglet-detection-main/artifacts/label_samples/2026-07-10__13_30_08#M/track_1528_f9290.jpg,14,1,0,130,241,200,289,boxed
/Users/vineelap/Documents/piglets_detection/piglet-detection-main/artifacts/label_samples/2026-07-10__13_30_08#M/track_1528_f9290.jpg,14,4,1,158,205,228,259,boxed
/Users/vineelap/Documents/piglets_detection/piglet-detection-main/artifacts/label_samples/2026-07-10__08_30_06#M/track_924_f4740.jpg,13,1,0,47,1,96,29,boxed
/Users/vineelap/Documents/piglets_detection/piglet-detection-main/artifacts/label_samples/2026-07-10__08_30_06#M/track_924_f4740.jpg,13,3,1,60,29,121,67,boxed
/Users/vineelap/Documents/piglets_detection/piglet-detection-main/artifacts/label_samples/2026-07-10__10_00_07#M/track_1358_f15570.jpg,10,1,0,229,38,268,89,boxed
/Users/vineelap/Documents/piglets_detection/piglet-detection-main/artifacts/label_samples/2026-07-10__10_00_07#M/track_1358_f15570.jpg,10,0,1,262,24,298,75,boxed
/Users/vineelap/Documents/piglets_detection/piglet-detection-main/artifacts/label_samples/2026-07-11__09_30_06#M/track_1616_f12230.jpg,10,1,0,291,208,351,255,boxed
/Users/vineelap/Documents/piglets_detection/piglet-detection-main/artifacts/label_samples/2026-07-11__09_30_06#M/track_1616_f12230.jpg,10,0,1,263,157,338,207,boxed
/Users/vineelap/Documents/piglets_detection/piglet-detection-main/artifacts/label_samples/2026-07-10__10_00_07#M/track_1157_f14120.jpg,10,1,0,207,50,240,101,boxed
/Users/vineelap/Documents/piglets_detection/piglet-detection-main/artifacts/label_samples/2026-07-10__10_00_07#M/track_1157_f14120.jpg,10,0,1,232,37,273,88,boxed
/Users/vineelap/Documents/piglets_detection/piglet-detection-main/artifacts/label_samples/2026-07-10__08_30_06#M/track_747_f3860.jpg,13,1,0,89,107,146,157,boxed
/Users/vineelap/Documents/piglets_detection/piglet-detection-main/artifacts/label_samples/2026-07-10__08_30_06#M/track_747_f3860.jpg,13,3,1,98,156,180,209,boxed
/Users/vineelap/Documents/piglets_detection/piglet-detection-main/artifacts/label_samples/2026-07-11__09_30_06#M/track_1928_f13950.jpg,11,1,0,191,91,244,155,boxed
/Users/vineelap/Documents/piglets_detection/piglet-detection-main/artifacts/label_samples/2026-07-11__09_30_06#M/track_1928_f13950.jpg,11,1,1,224,44,288,108,boxed
/Users/vineelap/Documents/piglets_detection/piglet-detection-main/artifacts/label_samples/2026-07-10__10_00_07#M/track_495_f8920.jpg,13,1,0,239,61,274,127,boxed
/Users/vineelap/Documents/piglets_detection/piglet-detection-main/artifacts/label_samples/2026-07-10__10_00_07#M/track_495_f8920.jpg,13,3,1,279,57,310,134,boxed
/Users/vineelap/Documents/piglets_detection/piglet-detection-main/artifacts/label_samples/2026-07-10__13_00_08#M/track_476_f9240.jpg,11,1,0,59,240,139,282,boxed
/Users/vineelap/Documents/piglets_detection/piglet-detection-main/artifacts/label_samples/2026-07-10__13_00_08#M/track_476_f9240.jpg,11,1,1,59,191,137,237,boxed
/Users/vineelap/Documents/piglets_detection/piglet-detection-main/artifacts/label_samples/2026-07-10__13_30_08#M/track_1017_f6710.jpg,11,1,0,130,276,205,329,boxed
/Users/vineelap/Documents/piglets_detection/piglet-detection-main/artifacts/label_samples/2026-07-10__13_30_08#M/track_1017_f6710.jpg,11,1,1,121,223,197,276,boxed
/Users/vineelap/Documents/piglets_detection/piglet-detection-main/artifacts/label_samples/2026-07-10__13_00_08#M/track_1446_f18480.jpg,11,1,0,163,184,223,264,boxed
/Users/vineelap/Documents/piglets_detection/piglet-detection-main/artifacts/label_samples/2026-07-10__13_00_08#M/track_1446_f18480.jpg,11,1,1,221,211,269,296,boxed
/Users/vineelap/Documents/piglets_detection/piglet-detection-main/artifacts/label_samples/2026-07-10__10_00_07#M/track_1038_f13290.jpg,14,1,0,44,63,89,93,boxed
/Users/vineelap/Documents/piglets_detection/piglet-detection-main/artifacts/label_samples/2026-07-10__10_00_07#M/track_1038_f13290.jpg,14,4,1,37,42,88,63,boxed
/Users/vineelap/Documents/piglets_detection/piglet-detection-main/artifacts/label_samples/2026-07-10__10_00_07#M/track_1215_f14600.jpg,10,1,0,213,83,255,135,boxed
/Users/vineelap/Documents/piglets_detection/piglet-detection-main/artifacts/label_samples/2026-07-10__10_00_07#M/track_1215_f14600.jpg,10,0,1,235,58,282,109,boxed
/Users/vineelap/Documents/piglets_detection/piglet-detection-main/artifacts/label_samples/2026-07-10__08_30_06#M/track_911_f4640.jpg,12,1,0,225,14,281,87,boxed
/Users/vineelap/Documents/piglets_detection/piglet-detection-main/artifacts/label_samples/2026-07-10__08_30_06#M/track_911_f4640.jpg,12,2,1,283,7,342,89,boxed
/Users/vineelap/Documents/piglets_detection/piglet-detection-main/artifacts/label_samples/2026-07-11__09_30_06#M/track_1293_f10580.jpg,14,1,0,126,177,193,231,boxed
/Users/vineelap/Documents/piglets_detection/piglet-detection-main/artifacts/label_samples/2026-07-11__09_30_06#M/track_1293_f10580.jpg,14,4,1,136,232,207,282,boxed
/Users/vineelap/Documents/piglets_detection/piglet-detection-main/artifacts/label_samples/2026-07-10__13_30_08#M/track_1201_f7490.jpg,11,1,0,28,191,89,236,boxed
/Users/vineelap/Documents/piglets_detection/piglet-detection-main/artifacts/label_samples/2026-07-10__13_30_08#M/track_1201_f7490.jpg,11,1,1,44,235,109,304,boxed
/Users/vineelap/Documents/piglets_detection/piglet-detection-main/artifacts/label_samples/2026-07-10__13_00_08#M/track_433_f9070.jpg,13,1,0,214,140,277,191,boxed
/Users/vineelap/Documents/piglets_detection/piglet-detection-main/artifacts/label_samples/2026-07-10__13_00_08#M/track_433_f9070.jpg,13,3,1,182,168,246,242,boxed
/Users/vineelap/Documents/piglets_detection/piglet-detection-main/artifacts/label_samples/2026-07-10__08_30_06#M/track_1170_f7200.jpg,12,1,0,32,89,98,133,boxed
/Users/vineelap/Documents/piglets_detection/piglet-detection-main/artifacts/label_samples/2026-07-10__08_30_06#M/track_1170_f7200.jpg,12,2,1,47,135,127,195,boxed
/Users/vineelap/Documents/piglets_detection/piglet-detection-main/artifacts/label_samples/2026-07-10__08_30_06#M/track_1110_f6610.jpg,12,1,0,106,96,166,148,boxed
/Users/vineelap/Documents/piglets_detection/piglet-detection-main/artifacts/label_samples/2026-07-10__08_30_06#M/track_1110_f6610.jpg,12,2,1,59,133,133,197,boxed
/Users/vineelap/Documents/piglets_detection/piglet-detection-main/artifacts/label_samples/2026-07-11__09_30_06#M/track_2077_f14890.jpg,11,1,0,24,40,70,67,boxed
/Users/vineelap/Documents/piglets_detection/piglet-detection-main/artifacts/label_samples/2026-07-11__09_30_06#M/track_2077_f14890.jpg,11,1,1,39,67,98,104,boxed
/Users/vineelap/Documents/piglets_detection/piglet-detection-main/artifacts/label_samples/2026-07-10__13_30_08#M/track_699_f4540.jpg,11,1,0,61,101,130,141,boxed
/Users/vineelap/Documents/piglets_detection/piglet-detection-main/artifacts/label_samples/2026-07-10__13_30_08#M/track_699_f4540.jpg,11,1,1,93,74,160,106,boxed
/Users/vineelap/Documents/piglets_detection/piglet-detection-main/artifacts/label_samples/2026-07-10__13_30_08#M/track_113_f840.jpg,14,1,0,221,162,274,206,boxed
/Users/vineelap/Documents/piglets_detection/piglet-detection-main/artifacts/label_samples/2026-07-10__13_30_08#M/track_113_f840.jpg,14,4,1,182,181,227,238,boxed
/Users/vineelap/Documents/piglets_detection/piglet-detection-main/artifacts/label_samples/2026-07-10__10_00_07#M/track_547_f9430.jpg,14,1,0,166,2,190,40,boxed
/Users/vineelap/Documents/piglets_detection/piglet-detection-main/artifacts/label_samples/2026-07-10__10_00_07#M/track_547_f9430.jpg,14,4,1,191,2,226,56,boxed
/Users/vineelap/Documents/piglets_detection/piglet-detection-main/artifacts/label_samples/2026-07-10__13_30_08#M/track_721_f4850.jpg,14,1,0,183,49,230,129,boxed
/Users/vineelap/Documents/piglets_detection/piglet-detection-main/artifacts/label_samples/2026-07-10__13_30_08#M/track_721_f4850.jpg,14,4,1,232,57,276,148,boxed
/Users/vineelap/Documents/piglets_detection/piglet-detection-main/artifacts/label_samples/2026-07-11__09_30_06#M/track_1713_f12740.jpg,11,1,0,223,43,270,130,boxed
/Users/vineelap/Documents/piglets_detection/piglet-detection-main/artifacts/label_samples/2026-07-11__09_30_06#M/track_1713_f12740.jpg,11,1,1,272,42,324,136,boxed
/Users/vineelap/Documents/piglets_detection/piglet-detection-main/artifacts/label_samples/2026-07-11__09_30_06#M/track_2834_f18350.jpg,14,1,0,288,118,331,191,boxed
/Users/vineelap/Documents/piglets_detection/piglet-detection-main/artifacts/label_samples/2026-07-11__09_30_06#M/track_2834_f18350.jpg,14,4,1,235,116,289,177,boxed
/Users/vineelap/Documents/piglets_detection/piglet-detection-main/artifacts/label_samples/2026-07-10__10_00_07#M/track_1111_f13990.jpg,11,1,0,226,63,275,111,boxed
/Users/vineelap/Documents/piglets_detection/piglet-detection-main/artifacts/label_samples/2026-07-10__10_00_07#M/track_1111_f13990.jpg,11,1,1,190,72,232,119,boxed
/Users/vineelap/Documents/piglets_detection/piglet-detection-main/artifacts/label_samples/2026-07-10__10_00_07#M/track_1153_f14090.jpg,10,1,0,202,57,236,103,boxed
/Users/vineelap/Documents/piglets_detection/piglet-detection-main/artifacts/label_samples/2026-07-10__10_00_07#M/track_1153_f14090.jpg,10,0,1,231,45,267,91,boxed
/Users/vineelap/Documents/piglets_detection/piglet-detection-main/artifacts/label_samples/2026-07-10__13_30_08#M/track_937_f6370.jpg,14,1,0,36,193,100,233,boxed
/Users/vineelap/Documents/piglets_detection/piglet-detection-main/artifacts/label_samples/2026-07-10__13_30_08#M/track_937_f6370.jpg,14,4,1,46,160,121,193,boxed
/Users/vineelap/Documents/piglets_detection/piglet-detection-main/artifacts/label_samples/2026-07-11__09_30_06#M/track_1629_f12270.jpg,10,1,0,317,159,375,210,boxed
/Users/vineelap/Documents/piglets_detection/piglet-detection-main/artifacts/label_samples/2026-07-11__09_30_06#M/track_1629_f12270.jpg,10,0,1,296,109,368,160,boxed
/Users/vineelap/Documents/piglets_detection/piglet-detection-main/artifacts/label_samples/2026-07-10__10_00_07#M/track_1242_f14690.jpg,10,1,0,215,23,251,75,boxed
/Users/vineelap/Documents/piglets_detection/piglet-detection-main/artifacts/label_samples/2026-07-10__10_00_07#M/track_1242_f14690.jpg,10,0,1,252,23,291,72,boxed
/Users/vineelap/Documents/piglets_detection/piglet-detection-main/artifacts/label_samples/2026-07-10__08_30_06#M/track_1124_f6780.jpg,12,1,0,46,102,93,172,boxed
/Users/vineelap/Documents/piglets_detection/piglet-detection-main/artifacts/label_samples/2026-07-10__08_30_06#M/track_1124_f6780.jpg,12,2,1,98,127,154,212,boxed
/Users/vineelap/Documents/piglets_detection/piglet-detection-main/artifacts/label_samples/2026-07-10__10_00_07#M/track_1256_f14960.jpg,11,1,0,193,31,227,93,boxed
/Users/vineelap/Documents/piglets_detection/piglet-detection-main/artifacts/label_samples/2026-07-10__10_00_07#M/track_1256_f14960.jpg,11,1,1,230,25,262,93,boxed
/Users/vineelap/Documents/piglets_detection/piglet-detection-main/artifacts/label_samples/2026-07-10__13_00_08#M/track_854_f10500.jpg,12,1,0,234,37,287,126,boxed
/Users/vineelap/Documents/piglets_detection/piglet-detection-main/artifacts/label_samples/2026-07-10__13_00_08#M/track_854_f10500.jpg,12,2,1,172,38,225,133,boxed
/Users/vineelap/Documents/piglets_detection/piglet-detection-main/artifacts/label_samples/2026-07-11__09_30_06#M/track_1366_f10900.jpg,10,1,0,251,56,292,115,boxed
/Users/vineelap/Documents/piglets_detection/piglet-detection-main/artifacts/label_samples/2026-07-11__09_30_06#M/track_1366_f10900.jpg,10,0,1,298,53,347,123,boxed
/Users/vineelap/Documents/piglets_detection/piglet-detection-main/artifacts/label_samples/2026-07-11__09_30_06#M/track_1940_f14030.jpg,11,1,0,131,151,173,215,boxed
/Users/vineelap/Documents/piglets_detection/piglet-detection-main/artifacts/label_samples/2026-07-11__09_30_06#M/track_1940_f14030.jpg,11,1,1,175,131,225,202,boxed
/Users/vineelap/Documents/piglets_detection/piglet-detection-main/artifacts/label_samples/2026-07-10__13_00_08#M/track_1596_f19550.jpg,12,1,0,208,111,248,181,boxed
/Users/vineelap/Documents/piglets_detection/piglet-detection-main/artifacts/label_samples/2026-07-10__13_00_08#M/track_1596_f19550.jpg,12,2,1,170,87,210,168,boxed
/Users/vineelap/Documents/piglets_detection/piglet-detection-main/artifacts/label_samples/2026-07-10__10_00_07#M/track_1247_f14950.jpg,12,1,0,154,17,197,75,boxed
/Users/vineelap/Documents/piglets_detection/piglet-detection-main/artifacts/label_samples/2026-07-10__10_00_07#M/track_1247_f14950.jpg,12,2,1,207,11,262,67,boxed
/Users/vineelap/Documents/piglets_detection/piglet-detection-main/artifacts/label_samples/2026-07-10__13_00_08#M/track_781_f10310.jpg,13,1,0,265,39,325,118,boxed
/Users/vineelap/Documents/piglets_detection/piglet-detection-main/artifacts/label_samples/2026-07-10__13_00_08#M/track_781_f10310.jpg,13,3,1,327,22,393,115,boxed
/Users/vineelap/Documents/piglets_detection/piglet-detection-main/artifacts/label_samples/2026-07-11__09_30_06#M/track_510_f3740.jpg,14,1,0,190,111,240,162,boxed
/Users/vineelap/Documents/piglets_detection/piglet-detection-main/artifacts/label_samples/2026-07-11__09_30_06#M/track_510_f3740.jpg,14,4,1,151,137,209,188,boxed
/Users/vineelap/Documents/piglets_detection/piglet-detection-main/artifacts/label_samples/2026-07-10__08_30_06#M/track_960_f5000.jpg,13,1,0,21,7,78,32,boxed
/Users/vineelap/Documents/piglets_detection/piglet-detection-main/artifacts/label_samples/2026-07-10__08_30_06#M/track_960_f5000.jpg,13,3,1,23,31,84,61,boxed
/Users/vineelap/Documents/piglets_detection/piglet-detection-main/artifacts/label_samples/2026-07-11__09_30_06#M/track_2750_f17690.jpg,10,1,0,172,144,236,186,boxed
/Users/vineelap/Documents/piglets_detection/piglet-detection-main/artifacts/label_samples/2026-07-11__09_30_06#M/track_2750_f17690.jpg,10,0,1,134,181,194,235,boxed
/Users/vineelap/Documents/piglets_detection/piglet-detection-main/artifacts/label_samples/2026-07-10__10_00_07#M/track_1111_f14000.jpg,11,1,0,228,48,275,105,boxed
/Users/vineelap/Documents/piglets_detection/piglet-detection-main/artifacts/label_samples/2026-07-10__10_00_07#M/track_1111_f14000.jpg,11,1,1,189,61,224,117,boxed
/Users/vineelap/Documents/piglets_detection/piglet-detection-main/artifacts/label_samples/2026-07-10__13_00_08#M/track_1071_f12310.jpg,10,1,0,75,195,135,258,boxed
/Users/vineelap/Documents/piglets_detection/piglet-detection-main/artifacts/label_samples/2026-07-10__13_00_08#M/track_1071_f12310.jpg,10,0,1,104,242,184,316,boxed
/Users/vineelap/Documents/piglets_detection/piglet-detection-main/artifacts/label_samples/2026-07-10__13_00_08#M/track_1231_f15460.jpg,11,1,0,35,30,96,70,boxed
/Users/vineelap/Documents/piglets_detection/piglet-detection-main/artifacts/label_samples/2026-07-10__13_00_08#M/track_1231_f15460.jpg,11,1,1,33,71,95,120,boxed
/Users/vineelap/Documents/piglets_detection/piglet-detection-main/artifacts/label_samples/2026-07-10__10_00_07#M/track_1149_f14300.jpg,12,1,0,116,226,177,268,boxed
/Users/vineelap/Documents/piglets_detection/piglet-detection-main/artifacts/label_samples/2026-07-10__10_00_07#M/track_1149_f14300.jpg,12,2,1,103,171,166,223,boxed
/Users/vineelap/Documents/piglets_detection/piglet-detection-main/artifacts/label_samples/2026-07-10__13_00_08#M/track_1052_f12050.jpg,12,1,0,269,156,316,232,boxed
/Users/vineelap/Documents/piglets_detection/piglet-detection-main/artifacts/label_samples/2026-07-10__13_00_08#M/track_1052_f12050.jpg,12,2,1,209,116,262,205,boxed
/Users/vineelap/Documents/piglets_detection/piglet-detection-main/artifacts/label_samples/2026-07-10__08_30_06#M/track_1170_f7240.jpg,12,1,0,33,90,97,136,boxed
/Users/vineelap/Documents/piglets_detection/piglet-detection-main/artifacts/label_samples/2026-07-10__08_30_06#M/track_1170_f7240.jpg,12,2,1,49,131,129,195,boxed
/Users/vineelap/Documents/piglets_detection/piglet-detection-main/artifacts/label_samples/2026-07-11__09_30_06#M/track_4_f200.jpg,13,1,0,76,123,136,178,boxed
/Users/vineelap/Documents/piglets_detection/piglet-detection-main/artifacts/label_samples/2026-07-11__09_30_06#M/track_4_f200.jpg,13,3,1,96,168,177,237,boxed
/Users/vineelap/Documents/piglets_detection/piglet-detection-main/artifacts/label_samples/2026-07-10__10_00_07#M/track_1976_f19440.jpg,13,1,0,168,83,195,137,boxed
/Users/vineelap/Documents/piglets_detection/piglet-detection-main/artifacts/label_samples/2026-07-10__10_00_07#M/track_1976_f19440.jpg,13,3,1,201,79,235,135,boxed
/Users/vineelap/Documents/piglets_detection/piglet-detection-main/artifacts/label_samples/2026-07-10__08_30_06#M/track_1124_f6790.jpg,12,1,0,44,99,92,168,boxed
/Users/vineelap/Documents/piglets_detection/piglet-detection-main/artifacts/label_samples/2026-07-10__08_30_06#M/track_1124_f6790.jpg,12,2,1,93,118,142,202,boxed
/Users/vineelap/Documents/piglets_detection/piglet-detection-main/artifacts/label_samples/2026-07-10__10_00_07#M/track_716_f10580.jpg,12,1,0,102,208,157,239,boxed
/Users/vineelap/Documents/piglets_detection/piglet-detection-main/artifacts/label_samples/2026-07-10__10_00_07#M/track_716_f10580.jpg,12,2,1,91,150,175,197,boxed
/Users/vineelap/Documents/piglets_detection/piglet-detection-main/artifacts/label_samples/2026-07-10__10_00_07#M/track_495_f8940.jpg,13,1,0,175,132,229,185,boxed
/Users/vineelap/Documents/piglets_detection/piglet-detection-main/artifacts/label_samples/2026-07-10__10_00_07#M/track_495_f8940.jpg,13,3,1,191,95,240,156,boxed
/Users/vineelap/Documents/piglets_detection/piglet-detection-main/artifacts/label_samples/2026-07-11__09_30_06#M/track_391_f2990.jpg,13,1,0,126,99,169,158,boxed
/Users/vineelap/Documents/piglets_detection/piglet-detection-main/artifacts/label_samples/2026-07-11__09_30_06#M/track_391_f2990.jpg,13,3,1,152,70,197,130,boxed
/Users/vineelap/Documents/piglets_detection/piglet-detection-main/artifacts/label_samples/2026-07-10__08_30_06#M/track_692_f3800.jpg,13,1,0,145,35,193,70,boxed
/Users/vineelap/Documents/piglets_detection/piglet-detection-main/artifacts/label_samples/2026-07-10__08_30_06#M/track_692_f3800.jpg,13,3,1,173,51,236,108,boxed
/Users/vineelap/Documents/piglets_detection/piglet-detection-main/artifacts/label_samples/2026-07-11__09_30_06#M/track_2582_f16630.jpg,12,1,0,75,109,121,151,boxed
/Users/vineelap/Documents/piglets_detection/piglet-detection-main/artifacts/label_samples/2026-07-11__09_30_06#M/track_2582_f16630.jpg,12,2,1,73,160,141,207,boxed
/Users/vineelap/Documents/piglets_detection/piglet-detection-main/artifacts/label_samples/2026-07-10__13_30_08#M/track_1140_f7160.jpg,14,1,0,50,108,109,145,boxed
/Users/vineelap/Documents/piglets_detection/piglet-detection-main/artifacts/label_samples/2026-07-10__13_30_08#M/track_1140_f7160.jpg,14,4,1,53,147,115,187,boxed
/Users/vineelap/Documents/piglets_detection/piglet-detection-main/artifacts/label_samples/2026-07-11__09_30_06#M/track_416_f3070.jpg,10,1,0,52,222,130,266,boxed
/Users/vineelap/Documents/piglets_detection/piglet-detection-main/artifacts/label_samples/2026-07-11__09_30_06#M/track_416_f3070.jpg,10,0,1,45,272,138,330,boxed
/Users/vineelap/Documents/piglets_detection/piglet-detection-main/artifacts/label_samples/2026-07-10__13_00_08#M/track_479_f9280.jpg,13,1,0,68,249,135,308,boxed
/Users/vineelap/Documents/piglets_detection/piglet-detection-main/artifacts/label_samples/2026-07-10__13_00_08#M/track_479_f9280.jpg,13,3,1,53,181,141,243,boxed
/Users/vineelap/Documents/piglets_detection/piglet-detection-main/artifacts/label_samples/2026-07-10__10_00_07#M/track_601_f9730.jpg,10,1,0,115,150,181,199,boxed
/Users/vineelap/Documents/piglets_detection/piglet-detection-main/artifacts/label_samples/2026-07-10__10_00_07#M/track_601_f9730.jpg,10,0,1,99,206,167,252,boxed
/Users/vineelap/Documents/piglets_detection/piglet-detection-main/artifacts/label_samples/2026-07-10__08_30_06#M/track_737_f4260.jpg,12,1,0,213,67,258,128,boxed
/Users/vineelap/Documents/piglets_detection/piglet-detection-main/artifacts/label_samples/2026-07-10__08_30_06#M/track_737_f4260.jpg,12,2,1,257,102,317,194,boxed
/Users/vineelap/Documents/piglets_detection/piglet-detection-main/artifacts/label_samples/2026-07-10__13_00_08#M/track_973_f11390.jpg,12,1,0,58,166,114,223,boxed
/Users/vineelap/Documents/piglets_detection/piglet-detection-main/artifacts/label_samples/2026-07-10__13_00_08#M/track_973_f11390.jpg,12,2,1,28,120,95,181,boxed
/Users/vineelap/Documents/piglets_detection/piglet-detection-main/artifacts/label_samples/2026-07-10__08_30_06#M/track_864_f4360.jpg,12,1,0,253,160,324,217,boxed
/Users/vineelap/Documents/piglets_detection/piglet-detection-main/artifacts/label_samples/2026-07-10__08_30_06#M/track_864_f4360.jpg,12,2,1,188,186,276,260,boxed
/Users/vineelap/Documents/piglets_detection/piglet-detection-main/artifacts/label_samples/2026-07-10__13_30_08#M/track_451_f3020.jpg,14,1,0,6,19,38,71,boxed
/Users/vineelap/Documents/piglets_detection/piglet-detection-main/artifacts/label_samples/2026-07-10__13_30_08#M/track_451_f3020.jpg,14,4,1,38,19,75,77,boxed
/Users/vineelap/Documents/piglets_detection/piglet-detection-main/artifacts/label_samples/2026-07-10__10_00_07#M/track_1525_f16730.jpg,13,1,0,150,36,187,95,boxed
/Users/vineelap/Documents/piglets_detection/piglet-detection-main/artifacts/label_samples/2026-07-10__10_00_07#M/track_1525_f16730.jpg,13,3,1,191,37,222,99,boxed
/Users/vineelap/Documents/piglets_detection/piglet-detection-main/artifacts/label_samples/2026-07-11__09_30_06#M/track_1007_f8600.jpg,11,1,0,67,153,118,202,boxed
/Users/vineelap/Documents/piglets_detection/piglet-detection-main/artifacts/label_samples/2026-07-11__09_30_06#M/track_1007_f8600.jpg,11,1,1,86,200,151,257,boxed
/Users/vineelap/Documents/piglets_detection/piglet-detection-main/artifacts/label_samples/2026-07-10__13_30_08#M/track_1125_f7110.jpg,12,1,0,35,129,94,171,boxed
/Users/vineelap/Documents/piglets_detection/piglet-detection-main/artifacts/label_samples/2026-07-10__13_30_08#M/track_1125_f7110.jpg,12,2,1,31,172,106,228,boxed
/Users/vineelap/Documents/piglets_detection/piglet-detection-main/artifacts/label_samples/2026-07-10__10_00_07#M/track_1256_f14950.jpg,11,1,0,208,66,239,120,boxed
/Users/vineelap/Documents/piglets_detection/piglet-detection-main/artifacts/label_samples/2026-07-10__10_00_07#M/track_1256_f14950.jpg,11,1,1,232,56,265,106,boxed
/Users/vineelap/Documents/piglets_detection/piglet-detection-main/artifacts/label_samples/2026-07-10__13_30_08#M/track_589_f3680.jpg,14,1,0,149,5,179,50,boxed
/Users/vineelap/Documents/piglets_detection/piglet-detection-main/artifacts/label_samples/2026-07-10__13_30_08#M/track_589_f3680.jpg,14,4,1,177,5,208,57,boxed
/Users/vineelap/Documents/piglets_detection/piglet-detection-main/artifacts/label_samples/2026-07-10__10_00_07#M/track_323_f7650.jpg,10,1,0,82,34,132,107,boxed
/Users/vineelap/Documents/piglets_detection/piglet-detection-main/artifacts/label_samples/2026-07-10__10_00_07#M/track_323_f7650.jpg,10,0,1,139,26,194,114,boxed
/Users/vineelap/Documents/piglets_detection/piglet-detection-main/artifacts/label_samples/2026-07-10__08_30_06#M/track_328_f1630.jpg,12,1,0,62,137,123,178,boxed
/Users/vineelap/Documents/piglets_detection/piglet-detection-main/artifacts/label_samples/2026-07-10__08_30_06#M/track_328_f1630.jpg,12,2,1,41,178,120,225,boxed
/Users/vineelap/Documents/piglets_detection/piglet-detection-main/artifacts/label_samples/2026-07-10__10_00_07#M/track_1301_f15230.jpg,11,1,0,180,223,222,269,boxed
/Users/vineelap/Documents/piglets_detection/piglet-detection-main/artifacts/label_samples/2026-07-10__10_00_07#M/track_1301_f15230.jpg,11,1,1,145,241,191,301,boxed
/Users/vineelap/Documents/piglets_detection/piglet-detection-main/artifacts/label_samples/2026-07-10__13_00_08#M/track_1103_f12770.jpg,14,1,0,215,210,254,256,boxed
/Users/vineelap/Documents/piglets_detection/piglet-detection-main/artifacts/label_samples/2026-07-10__13_00_08#M/track_1103_f12770.jpg,14,4,1,184,183,237,231,boxed
/Users/vineelap/Documents/piglets_detection/piglet-detection-main/artifacts/label_samples/2026-07-10__13_00_08#M/track_973_f11410.jpg,12,1,0,56,183,113,234,boxed
/Users/vineelap/Documents/piglets_detection/piglet-detection-main/artifacts/label_samples/2026-07-10__13_00_08#M/track_973_f11410.jpg,12,2,1,33,126,94,194,boxed
/Users/vineelap/Documents/piglets_detection/piglet-detection-main/artifacts/label_samples/2026-07-10__08_30_06#M/track_564_f2920.jpg,13,1,0,124,101,185,169,boxed
/Users/vineelap/Documents/piglets_detection/piglet-detection-main/artifacts/label_samples/2026-07-10__08_30_06#M/track_564_f2920.jpg,13,3,1,182,76,241,158,boxed
/Users/vineelap/Documents/piglets_detection/piglet-detection-main/artifacts/label_samples/2026-07-10__13_00_08#M/track_1116_f12830.jpg,11,1,0,67,161,115,231,boxed
/Users/vineelap/Documents/piglets_detection/piglet-detection-main/artifacts/label_samples/2026-07-10__13_00_08#M/track_1116_f12830.jpg,11,1,1,115,206,164,280,boxed
/Users/vineelap/Documents/piglets_detection/piglet-detection-main/artifacts/label_samples/2026-07-10__10_00_07#M/track_1051_f13370.jpg,11,1,0,101,162,165,208,boxed
/Users/vineelap/Documents/piglets_detection/piglet-detection-main/artifacts/label_samples/2026-07-10__10_00_07#M/track_1051_f13370.jpg,11,1,1,106,210,174,261,boxed
/Users/vineelap/Documents/piglets_detection/piglet-detection-main/artifacts/label_samples/2026-07-10__13_30_08#M/track_1072_f6910.jpg,11,1,0,97,259,171,308,boxed
/Users/vineelap/Documents/piglets_detection/piglet-detection-main/artifacts/label_samples/2026-07-10__13_30_08#M/track_1072_f6910.jpg,11,1,1,90,215,161,256,boxed
/Users/vineelap/Documents/piglets_detection/piglet-detection-main/artifacts/label_samples/2026-07-10__13_30_08#M/track_1090_f6990.jpg,11,1,0,18,35,83,81,boxed
/Users/vineelap/Documents/piglets_detection/piglet-detection-main/artifacts/label_samples/2026-07-10__13_30_08#M/track_1090_f6990.jpg,11,1,1,16,86,76,132,boxed
/Users/vineelap/Documents/piglets_detection/piglet-detection-main/artifacts/label_samples/2026-07-10__10_00_07#M/track_1278_f15140.jpg,10,1,0,151,3,188,57,boxed
/Users/vineelap/Documents/piglets_detection/piglet-detection-main/artifacts/label_samples/2026-07-10__10_00_07#M/track_1278_f15140.jpg,10,0,1,188,0,222,58,boxed
/Users/vineelap/Documents/piglets_detection/piglet-detection-main/artifacts/label_samples/2026-07-10__13_00_08#M/track_1503_f18820.jpg,11,1,0,232,136,305,195,boxed
/Users/vineelap/Documents/piglets_detection/piglet-detection-main/artifacts/label_samples/2026-07-10__13_00_08#M/track_1503_f18820.jpg,11,1,1,177,166,250,242,boxed
/Users/vineelap/Documents/piglets_detection/piglet-detection-main/artifacts/label_samples/2026-07-10__08_30_06#M/track_1124_f6720.jpg,12,1,0,57,114,106,182,boxed
/Users/vineelap/Documents/piglets_detection/piglet-detection-main/artifacts/label_samples/2026-07-10__08_30_06#M/track_1124_f6720.jpg,12,2,1,102,122,157,210,boxed
/Users/vineelap/Documents/piglets_detection/piglet-detection-main/artifacts/label_samples/2026-07-10__10_00_07#M/track_532_f9360.jpg,10,1,0,112,147,160,191,boxed
/Users/vineelap/Documents/piglets_detection/piglet-detection-main/artifacts/label_samples/2026-07-10__10_00_07#M/track_532_f9360.jpg,10,0,1,128,196,179,240,boxed
/Users/vineelap/Documents/piglets_detection/piglet-detection-main/artifacts/label_samples/2026-07-10__10_00_07#M/track_445_f8530.jpg,10,1,0,267,194,319,272,boxed
/Users/vineelap/Documents/piglets_detection/piglet-detection-main/artifacts/label_samples/2026-07-10__10_00_07#M/track_445_f8530.jpg,10,0,1,200,179,262,258,boxed
/Users/vineelap/Documents/piglets_detection/piglet-detection-main/artifacts/label_samples/2026-07-10__10_00_07#M/track_1007_f12920.jpg,11,1,0,199,131,245,214,boxed
/Users/vineelap/Documents/piglets_detection/piglet-detection-main/artifacts/label_samples/2026-07-10__10_00_07#M/track_1007_f12920.jpg,11,1,1,249,124,309,204,boxed
/Users/vineelap/Documents/piglets_detection/piglet-detection-main/artifacts/label_samples/2026-07-10__13_30_08#M/track_788_f5390.jpg,14,1,0,42,185,108,239,boxed
/Users/vineelap/Documents/piglets_detection/piglet-detection-main/artifacts/label_samples/2026-07-10__13_30_08#M/track_788_f5390.jpg,14,4,1,47,240,109,287,boxed
/Users/vineelap/Documents/piglets_detection/piglet-detection-main/artifacts/label_samples/2026-07-10__10_00_07#M/track_326_f7660.jpg,12,1,0,215,118,249,181,boxed
/Users/vineelap/Documents/piglets_detection/piglet-detection-main/artifacts/label_samples/2026-07-10__10_00_07#M/track_326_f7660.jpg,12,2,1,241,152,277,228,boxed
/Users/vineelap/Documents/piglets_detection/piglet-detection-main/artifacts/label_samples/2026-07-10__10_00_07#M/track_1063_f13420.jpg,12,1,0,134,133,181,192,boxed
/Users/vineelap/Documents/piglets_detection/piglet-detection-main/artifacts/label_samples/2026-07-10__10_00_07#M/track_1063_f13420.jpg,12,2,1,174,106,245,164,boxed
/Users/vineelap/Documents/piglets_detection/piglet-detection-main/artifacts/label_samples/2026-07-10__13_00_08#M/track_1063_f12160.jpg,14,1,0,160,221,217,280,boxed
/Users/vineelap/Documents/piglets_detection/piglet-detection-main/artifacts/label_samples/2026-07-10__13_00_08#M/track_1063_f12160.jpg,14,4,1,148,185,216,225,boxed
/Users/vineelap/Documents/piglets_detection/piglet-detection-main/artifacts/label_samples/2026-07-10__13_30_08#M/track_440_f2980.jpg,13,1,0,194,43,240,84,boxed
/Users/vineelap/Documents/piglets_detection/piglet-detection-main/artifacts/label_samples/2026-07-10__13_30_08#M/track_440_f2980.jpg,13,3,1,157,21,208,68,boxed
/Users/vineelap/Documents/piglets_detection/piglet-detection-main/artifacts/label_samples/2026-07-10__13_00_08#M/track_1220_f15440.jpg,14,1,0,89,284,166,327,boxed
/Users/vineelap/Documents/piglets_detection/piglet-detection-main/artifacts/label_samples/2026-07-10__13_00_08#M/track_1220_f15440.jpg,14,4,1,88,237,160,287,boxed
/Users/vineelap/Documents/piglets_detection/piglet-detection-main/artifacts/label_samples/2026-07-10__13_00_08#M/track_1218_f15640.jpg,14,1,0,108,279,175,304,boxed
/Users/vineelap/Documents/piglets_detection/piglet-detection-main/artifacts/label_samples/2026-07-10__13_00_08#M/track_1218_f15640.jpg,14,4,1,114,238,178,278,boxed
/Users/vineelap/Documents/piglets_detection/piglet-detection-main/artifacts/label_samples/2026-07-11__09_30_06#M/track_1906_f14010.jpg,14,1,0,288,144,339,210,boxed
/Users/vineelap/Documents/piglets_detection/piglet-detection-main/artifacts/label_samples/2026-07-11__09_30_06#M/track_1906_f14010.jpg,14,4,1,255,120,291,183,boxed
/Users/vineelap/Documents/piglets_detection/piglet-detection-main/artifacts/label_samples/2026-07-10__10_00_07#M/track_1860_f18780.jpg,10,1,0,178,60,217,108,boxed
/Users/vineelap/Documents/piglets_detection/piglet-detection-main/artifacts/label_samples/2026-07-10__10_00_07#M/track_1860_f18780.jpg,10,0,1,199,38,247,82,boxed
/Users/vineelap/Documents/piglets_detection/piglet-detection-main/artifacts/label_samples/2026-07-10__10_00_07#M/track_1157_f14060.jpg,10,1,0,204,23,236,78,boxed
/Users/vineelap/Documents/piglets_detection/piglet-detection-main/artifacts/label_samples/2026-07-10__10_00_07#M/track_1157_f14060.jpg,10,0,1,237,13,273,65,boxed
/Users/vineelap/Documents/piglets_detection/piglet-detection-main/artifacts/label_samples/2026-07-10__13_30_08#M/track_14_f50.jpg,13,1,0,91,100,149,151,boxed
/Users/vineelap/Documents/piglets_detection/piglet-detection-main/artifacts/label_samples/2026-07-10__13_30_08#M/track_14_f50.jpg,13,3,1,126,135,202,194,boxed
/Users/vineelap/Documents/piglets_detection/piglet-detection-main/artifacts/label_samples/2026-07-10__10_00_07#M/track_662_f10830.jpg,10,1,0,216,150,252,222,boxed
/Users/vineelap/Documents/piglets_detection/piglet-detection-main/artifacts/label_samples/2026-07-10__10_00_07#M/track_662_f10830.jpg,10,0,1,161,132,213,191,boxed
/Users/vineelap/Documents/piglets_detection/piglet-detection-main/artifacts/label_samples/2026-07-10__10_00_07#M/track_1448_f16160.jpg,11,1,0,127,152,159,205,boxed
/Users/vineelap/Documents/piglets_detection/piglet-detection-main/artifacts/label_samples/2026-07-10__10_00_07#M/track_1448_f16160.jpg,11,1,1,160,160,196,224,boxed
/Users/vineelap/Documents/piglets_detection/piglet-detection-main/artifacts/label_samples/2026-07-10__13_30_08#M/track_440_f3020.jpg,13,1,0,219,40,260,86,boxed
/Users/vineelap/Documents/piglets_detection/piglet-detection-main/artifacts/label_samples/2026-07-10__13_30_08#M/track_440_f3020.jpg,13,3,1,173,29,220,90,boxed
/Users/vineelap/Documents/piglets_detection/piglet-detection-main/artifacts/label_samples/2026-07-10__13_00_08#M/track_1243_f15720.jpg,11,1,0,27,209,127,255,boxed
/Users/vineelap/Documents/piglets_detection/piglet-detection-main/artifacts/label_samples/2026-07-10__13_00_08#M/track_1243_f15720.jpg,11,1,1,8,259,104,313,boxed
/Users/vineelap/Documents/piglets_detection/piglet-detection-main/artifacts/label_samples/2026-07-10__10_00_07#M/track_990_f12850.jpg,11,1,0,34,196,106,253,boxed
/Users/vineelap/Documents/piglets_detection/piglet-detection-main/artifacts/label_samples/2026-07-10__10_00_07#M/track_990_f12850.jpg,11,1,1,25,254,113,312,boxed
/Users/vineelap/Documents/piglets_detection/piglet-detection-main/artifacts/label_samples/2026-07-10__13_00_08#M/track_928_f10950.jpg,14,1,0,53,159,112,217,boxed
/Users/vineelap/Documents/piglets_detection/piglet-detection-main/artifacts/label_samples/2026-07-10__13_00_08#M/track_928_f10950.jpg,14,4,1,50,214,127,257,boxed
/Users/vineelap/Documents/piglets_detection/piglet-detection-main/artifacts/label_samples/2026-07-10__08_30_06#M/track_573_f3020.jpg,12,1,0,63,182,144,237,boxed
/Users/vineelap/Documents/piglets_detection/piglet-detection-main/artifacts/label_samples/2026-07-10__08_30_06#M/track_573_f3020.jpg,12,2,1,55,246,151,302,boxed
/Users/vineelap/Documents/piglets_detection/piglet-detection-main/artifacts/label_samples/2026-07-10__13_00_08#M/track_1535_f19100.jpg,14,1,0,135,185,197,231,boxed
/Users/vineelap/Documents/piglets_detection/piglet-detection-main/artifacts/label_samples/2026-07-10__13_00_08#M/track_1535_f19100.jpg,14,4,1,129,148,203,187,boxed
/Users/vineelap/Documents/piglets_detection/piglet-detection-main/artifacts/label_samples/2026-07-11__09_30_06#M/track_2862_f18600.jpg,10,1,0,171,132,223,177,boxed
/Users/vineelap/Documents/piglets_detection/piglet-detection-main/artifacts/label_samples/2026-07-11__09_30_06#M/track_2862_f18600.jpg,10,0,1,177,91,245,140,boxed
/Users/vineelap/Documents/piglets_detection/piglet-detection-main/artifacts/label_samples/2026-07-10__10_00_07#M/track_1597_f17080.jpg,13,1,0,203,117,258,162,boxed
/Users/vineelap/Documents/piglets_detection/piglet-detection-main/artifacts/label_samples/2026-07-10__10_00_07#M/track_1597_f17080.jpg,13,3,1,164,81,224,136,boxed
/Users/vineelap/Documents/piglets_detection/piglet-detection-main/artifacts/label_samples/2026-07-10__10_00_07#M/track_445_f8540.jpg,10,1,0,250,201,317,282,boxed
/Users/vineelap/Documents/piglets_detection/piglet-detection-main/artifacts/label_samples/2026-07-10__10_00_07#M/track_445_f8540.jpg,10,0,1,197,180,253,238,boxed
/Users/vineelap/Documents/piglets_detection/piglet-detection-main/artifacts/label_samples/2026-07-10__13_30_08#M/track_1125_f7130.jpg,12,1,0,37,113,97,165,boxed
/Users/vineelap/Documents/piglets_detection/piglet-detection-main/artifacts/label_samples/2026-07-10__13_30_08#M/track_1125_f7130.jpg,12,2,1,48,167,127,223,boxed
/Users/vineelap/Documents/piglets_detection/piglet-detection-main/artifacts/label_samples/2026-07-10__13_00_08#M/track_871_f10570.jpg,10,1,0,29,182,73,243,boxed
/Users/vineelap/Documents/piglets_detection/piglet-detection-main/artifacts/label_samples/2026-07-10__13_00_08#M/track_871_f10570.jpg,10,0,1,67,223,129,286,boxed
/Users/vineelap/Documents/piglets_detection/piglet-detection-main/artifacts/label_samples/2026-07-10__10_00_07#M/track_206_f6030.jpg,12,1,0,149,25,210,75,boxed
/Users/vineelap/Documents/piglets_detection/piglet-detection-main/artifacts/label_samples/2026-07-10__10_00_07#M/track_206_f6030.jpg,12,2,1,94,42,157,109,boxed
/Users/vineelap/Documents/piglets_detection/piglet-detection-main/artifacts/label_samples/2026-07-11__09_30_06#M/track_416_f3080.jpg,10,1,0,36,164,105,207,boxed
/Users/vineelap/Documents/piglets_detection/piglet-detection-main/artifacts/label_samples/2026-07-11__09_30_06#M/track_416_f3080.jpg,10,0,1,39,217,115,282,boxed
/Users/vineelap/Documents/piglets_detection/piglet-detection-main/artifacts/label_samples/2026-07-10__13_30_08#M/track_589_f3690.jpg,14,1,0,149,2,178,54,boxed
/Users/vineelap/Documents/piglets_detection/piglet-detection-main/artifacts/label_samples/2026-07-10__13_30_08#M/track_589_f3690.jpg,14,4,1,179,7,211,57,boxed
/Users/vineelap/Documents/piglets_detection/piglet-detection-main/artifacts/label_samples/2026-07-10__10_00_07#M/track_1438_f16080.jpg,11,1,0,222,30,254,83,boxed
/Users/vineelap/Documents/piglets_detection/piglet-detection-main/artifacts/label_samples/2026-07-10__10_00_07#M/track_1438_f16080.jpg,11,1,1,254,22,296,83,boxed
/Users/vineelap/Documents/piglets_detection/piglet-detection-main/artifacts/label_samples/2026-07-10__10_00_07#M/track_1389_f15690.jpg,10,1,0,216,23,253,73,boxed
/Users/vineelap/Documents/piglets_detection/piglet-detection-main/artifacts/label_samples/2026-07-10__10_00_07#M/track_1389_f15690.jpg,10,0,1,244,3,283,56,boxed
/Users/vineelap/Documents/piglets_detection/piglet-detection-main/artifacts/label_samples/2026-07-10__13_30_08#M/track_502_f3200.jpg,13,1,0,172,164,230,221,boxed
/Users/vineelap/Documents/piglets_detection/piglet-detection-main/artifacts/label_samples/2026-07-10__13_30_08#M/track_502_f3200.jpg,13,3,1,132,216,214,287,boxed
/Users/vineelap/Documents/piglets_detection/piglet-detection-main/artifacts/label_samples/2026-07-10__10_00_07#M/track_2014_f19650.jpg,13,1,0,216,14,250,69,boxed
/Users/vineelap/Documents/piglets_detection/piglet-detection-main/artifacts/label_samples/2026-07-10__10_00_07#M/track_2014_f19650.jpg,13,3,1,250,3,283,72,boxed
/Users/vineelap/Documents/piglets_detection/piglet-detection-main/artifacts/label_samples/2026-07-10__13_00_08#M/track_693_f9840.jpg,14,1,0,172,114,211,178,boxed
/Users/vineelap/Documents/piglets_detection/piglet-detection-main/artifacts/label_samples/2026-07-10__13_00_08#M/track_693_f9840.jpg,14,4,1,210,139,256,210,boxed
/Users/vineelap/Documents/piglets_detection/piglet-detection-main/artifacts/label_samples/2026-07-10__13_00_08#M/track_1220_f15650.jpg,14,1,0,98,273,165,303,boxed
/Users/vineelap/Documents/piglets_detection/piglet-detection-main/artifacts/label_samples/2026-07-10__13_00_08#M/track_1220_f15650.jpg,14,4,1,98,235,164,270,boxed
/Users/vineelap/Documents/piglets_detection/piglet-detection-main/artifacts/label_samples/2026-07-10__10_00_07#M/track_1278_f15060.jpg,10,1,0,186,52,224,101,boxed
/Users/vineelap/Documents/piglets_detection/piglet-detection-main/artifacts/label_samples/2026-07-10__10_00_07#M/track_1278_f15060.jpg,10,0,1,204,32,250,76,boxed
/Users/vineelap/Documents/piglets_detection/piglet-detection-main/artifacts/label_samples/2026-07-10__13_30_08#M/track_113_f650.jpg,14,1,0,191,105,250,153,boxed
/Users/vineelap/Documents/piglets_detection/piglet-detection-main/artifacts/label_samples/2026-07-10__13_30_08#M/track_113_f650.jpg,14,4,1,162,131,210,187,boxed
/Users/vineelap/Documents/piglets_detection/piglet-detection-main/artifacts/label_samples/2026-07-10__10_00_07#M/track_6_f90.jpg,11,1,0,27,168,89,217,boxed
/Users/vineelap/Documents/piglets_detection/piglet-detection-main/artifacts/label_samples/2026-07-10__10_00_07#M/track_6_f90.jpg,11,1,1,28,224,99,275,boxed
/Users/vineelap/Documents/piglets_detection/piglet-detection-main/artifacts/label_samples/2026-07-10__08_30_06#M/track_692_f3680.jpg,13,1,0,27,1,64,41,boxed
/Users/vineelap/Documents/piglets_detection/piglet-detection-main/artifacts/label_samples/2026-07-10__08_30_06#M/track_692_f3680.jpg,13,3,1,40,25,99,75,boxed
/Users/vineelap/Documents/piglets_detection/piglet-detection-main/artifacts/label_samples/2026-07-10__13_30_08#M/track_902_f6050.jpg,13,1,0,98,90,152,142,boxed
/Users/vineelap/Documents/piglets_detection/piglet-detection-main/artifacts/label_samples/2026-07-10__13_30_08#M/track_902_f6050.jpg,13,3,1,114,129,204,185,boxed
/Users/vineelap/Documents/piglets_detection/piglet-detection-main/artifacts/label_samples/2026-07-11__09_30_06#M/track_1616_f12250.jpg,10,1,0,267,208,328,264,boxed
/Users/vineelap/Documents/piglets_detection/piglet-detection-main/artifacts/label_samples/2026-07-11__09_30_06#M/track_1616_f12250.jpg,10,0,1,246,148,321,210,boxed
/Users/vineelap/Documents/piglets_detection/piglet-detection-main/artifacts/label_samples/2026-07-10__08_30_06#M/track_1122_f7080.jpg,12,1,0,78,95,126,162,boxed
/Users/vineelap/Documents/piglets_detection/piglet-detection-main/artifacts/label_samples/2026-07-10__08_30_06#M/track_1122_f7080.jpg,12,2,1,117,119,177,195,boxed
/Users/vineelap/Documents/piglets_detection/piglet-detection-main/artifacts/label_samples/2026-07-10__10_00_07#M/track_2_f150.jpg,11,1,0,27,178,103,226,boxed
/Users/vineelap/Documents/piglets_detection/piglet-detection-main/artifacts/label_samples/2026-07-10__10_00_07#M/track_2_f150.jpg,11,1,1,60,231,142,283,boxed
/Users/vineelap/Documents/piglets_detection/piglet-detection-main/artifacts/label_samples/2026-07-10__13_00_08#M/track_860_f10520.jpg,10,1,0,269,77,331,121,boxed
/Users/vineelap/Documents/piglets_detection/piglet-detection-main/artifacts/label_samples/2026-07-10__13_00_08#M/track_860_f10520.jpg,10,0,1,228,112,286,173,boxed
/Users/vineelap/Documents/piglets_detection/piglet-detection-main/artifacts/label_samples/2026-07-10__13_00_08#M/track_1200_f14930.jpg,11,1,0,178,121,228,174,boxed
/Users/vineelap/Documents/piglets_detection/piglet-detection-main/artifacts/label_samples/2026-07-10__13_00_08#M/track_1200_f14930.jpg,11,1,1,140,157,194,208,boxed
/Users/vineelap/Documents/piglets_detection/piglet-detection-main/artifacts/label_samples/2026-07-10__10_00_07#M/track_469_f9020.jpg,10,1,0,245,110,288,166,boxed
/Users/vineelap/Documents/piglets_detection/piglet-detection-main/artifacts/label_samples/2026-07-10__10_00_07#M/track_469_f9020.jpg,10,0,1,190,91,245,151,boxed
/Users/vineelap/Documents/piglets_detection/piglet-detection-main/artifacts/label_samples/2026-07-10__13_00_08#M/track_465_f9210.jpg,12,1,0,185,129,233,205,boxed
/Users/vineelap/Documents/piglets_detection/piglet-detection-main/artifacts/label_samples/2026-07-10__13_00_08#M/track_465_f9210.jpg,12,2,1,135,85,185,177,boxed
/Users/vineelap/Documents/piglets_detection/piglet-detection-main/artifacts/label_samples/2026-07-11__09_30_06#M/track_1166_f9470.jpg,14,1,0,101,149,160,204,boxed
/Users/vineelap/Documents/piglets_detection/piglet-detection-main/artifacts/label_samples/2026-07-11__09_30_06#M/track_1166_f9470.jpg,14,4,1,116,199,179,253,boxed
/Users/vineelap/Documents/piglets_detection/piglet-detection-main/artifacts/label_samples/2026-07-11__09_30_06#M/track_1477_f11530.jpg,11,1,0,48,197,125,261,boxed
/Users/vineelap/Documents/piglets_detection/piglet-detection-main/artifacts/label_samples/2026-07-11__09_30_06#M/track_1477_f11530.jpg,11,1,1,48,261,115,324,boxed
/Users/vineelap/Documents/piglets_detection/piglet-detection-main/artifacts/label_samples/2026-07-10__13_30_08#M/track_937_f6340.jpg,14,1,0,72,272,137,316,boxed
/Users/vineelap/Documents/piglets_detection/piglet-detection-main/artifacts/label_samples/2026-07-10__13_30_08#M/track_937_f6340.jpg,14,4,1,74,239,151,274,boxed
/Users/vineelap/Documents/piglets_detection/piglet-detection-main/artifacts/label_samples/2026-07-14__16_00_06#M/track_130.jpg,10,1,0,85,13,120,57,boxed
/Users/vineelap/Documents/piglets_detection/piglet-detection-main/artifacts/label_samples/2026-07-14__16_00_06#M/track_130.jpg,10,0,1,47,17,85,62,boxed
/Users/vineelap/Documents/piglets_detection/piglet-detection-main/artifacts/label_samples/2026-07-10__08_30_06#M/track_740_f3840.jpg,13,1,0,65,11,119,66,boxed
/Users/vineelap/Documents/piglets_detection/piglet-detection-main/artifacts/label_samples/2026-07-10__08_30_06#M/track_740_f3840.jpg,13,3,1,18,32,62,88,boxed
/Users/vineelap/Documents/piglets_detection/piglet-detection-main/artifacts/label_samples/2026-07-11__09_30_06#M/track_1922_f13940.jpg,10,1,0,26,196,83,266,boxed
/Users/vineelap/Documents/piglets_detection/piglet-detection-main/artifacts/label_samples/2026-07-11__09_30_06#M/track_1922_f13940.jpg,10,0,1,32,268,109,312,boxed
/Users/vineelap/Documents/piglets_detection/piglet-detection-main/artifacts/label_samples/2026-07-10__13_30_08#M/track_126_f610.jpg,11,1,0,65,202,143,249,boxed
/Users/vineelap/Documents/piglets_detection/piglet-detection-main/artifacts/label_samples/2026-07-10__13_30_08#M/track_126_f610.jpg,11,1,1,54,254,130,309,boxed
/Users/vineelap/Documents/piglets_detection/piglet-detection-main/artifacts/label_samples/2026-07-10__13_30_08#M/track_937_f6360.jpg,14,1,0,13,240,89,277,boxed
/Users/vineelap/Documents/piglets_detection/piglet-detection-main/artifacts/label_samples/2026-07-10__13_30_08#M/track_937_f6360.jpg,14,4,1,25,191,95,232,boxed
/Users/vineelap/Documents/piglets_detection/piglet-detection-main/artifacts/label_samples/2026-07-10__13_30_08#M/track_1671_f9910.jpg,12,1,0,123,31,174,82,boxed
/Users/vineelap/Documents/piglets_detection/piglet-detection-main/artifacts/label_samples/2026-07-10__13_30_08#M/track_1671_f9910.jpg,12,2,1,74,36,126,104,boxed
/Users/vineelap/Documents/piglets_detection/piglet-detection-main/artifacts/label_samples/2026-07-10__10_00_07#M/track_1860_f18870.jpg,10,1,0,172,30,213,76,boxed
/Users/vineelap/Documents/piglets_detection/piglet-detection-main/artifacts/label_samples/2026-07-10__10_00_07#M/track_1860_f18870.jpg,10,0,1,203,16,245,61,boxed
/Users/vineelap/Documents/piglets_detection/piglet-detection-main/artifacts/label_samples/2026-07-10__10_00_07#M/track_1960_f19430.jpg,14,1,0,240,23,276,67,boxed
/Users/vineelap/Documents/piglets_detection/piglet-detection-main/artifacts/label_samples/2026-07-10__10_00_07#M/track_1960_f19430.jpg,14,4,1,204,18,236,61,boxed
/Users/vineelap/Documents/piglets_detection/piglet-detection-main/artifacts/label_samples/2026-07-11__09_30_06#M/track_2603_f16740.jpg,10,1,0,154,19,206,75,boxed
/Users/vineelap/Documents/piglets_detection/piglet-detection-main/artifacts/label_samples/2026-07-11__09_30_06#M/track_2603_f16740.jpg,10,0,1,211,17,259,71,boxed
/Users/vineelap/Documents/piglets_detection/piglet-detection-main/artifacts/label_samples/2026-07-10__13_00_08#M/track_1235_f15520.jpg,11,1,0,148,185,195,255,boxed
/Users/vineelap/Documents/piglets_detection/piglet-detection-main/artifacts/label_samples/2026-07-10__13_00_08#M/track_1235_f15520.jpg,11,1,1,206,205,250,283,boxed
/Users/vineelap/Documents/piglets_detection/piglet-detection-main/artifacts/label_samples/2026-07-10__13_30_08#M/track_360_f2430.jpg,14,1,0,84,153,131,216,boxed
/Users/vineelap/Documents/piglets_detection/piglet-detection-main/artifacts/label_samples/2026-07-10__13_30_08#M/track_360_f2430.jpg,14,4,1,121,193,169,257,boxed
/Users/vineelap/Documents/piglets_detection/piglet-detection-main/artifacts/label_samples/2026-07-10__13_30_08#M/track_1265_f7760.jpg,14,1,0,225,67,269,141,boxed
/Users/vineelap/Documents/piglets_detection/piglet-detection-main/artifacts/label_samples/2026-07-10__13_30_08#M/track_1265_f7760.jpg,14,4,1,275,85,316,155,boxed
/Users/vineelap/Documents/piglets_detection/piglet-detection-main/artifacts/label_samples/2026-07-10__08_30_06#M/track_719_f3820.jpg,12,1,0,56,166,111,239,boxed
/Users/vineelap/Documents/piglets_detection/piglet-detection-main/artifacts/label_samples/2026-07-10__08_30_06#M/track_719_f3820.jpg,12,2,1,53,250,146,300,boxed
/Users/vineelap/Documents/piglets_detection/piglet-detection-main/artifacts/label_samples/2026-07-10__10_00_07#M/track_1960_f19450.jpg,14,1,0,109,29,153,78,boxed
/Users/vineelap/Documents/piglets_detection/piglet-detection-main/artifacts/label_samples/2026-07-10__10_00_07#M/track_1960_f19450.jpg,14,4,1,73,32,106,78,boxed
/Users/vineelap/Documents/piglets_detection/piglet-detection-main/artifacts/label_samples/2026-07-10__10_00_07#M/track_8_f170.jpg,11,1,0,33,103,78,158,boxed
/Users/vineelap/Documents/piglets_detection/piglet-detection-main/artifacts/label_samples/2026-07-10__10_00_07#M/track_8_f170.jpg,11,1,1,37,147,108,193,boxed
/Users/vineelap/Documents/piglets_detection/piglet-detection-main/artifacts/label_samples/2026-07-10__13_00_08#M/track_104_f3320.jpg,11,1,0,167,55,219,129,boxed
/Users/vineelap/Documents/piglets_detection/piglet-detection-main/artifacts/label_samples/2026-07-10__13_00_08#M/track_104_f3320.jpg,11,1,1,221,68,274,146,boxed
/Users/vineelap/Documents/piglets_detection/piglet-detection-main/artifacts/label_samples/2026-07-10__10_00_07#M/track_1301_f15250.jpg,11,1,0,148,232,212,270,boxed
/Users/vineelap/Documents/piglets_detection/piglet-detection-main/artifacts/label_samples/2026-07-10__10_00_07#M/track_1301_f15250.jpg,11,1,1,124,263,182,310,boxed
/Users/vineelap/Documents/piglets_detection/piglet-detection-main/artifacts/label_samples/2026-07-11__09_30_06#M/track_548_f4640.jpg,14,1,0,140,28,173,62,boxed
/Users/vineelap/Documents/piglets_detection/piglet-detection-main/artifacts/label_samples/2026-07-11__09_30_06#M/track_548_f4640.jpg,14,4,1,162,24,200,62,boxed
/Users/vineelap/Documents/piglets_detection/piglet-detection-main/artifacts/label_samples/2026-07-11__09_30_06#M/track_1547_f11880.jpg,14,1,0,75,179,157,217,boxed
/Users/vineelap/Documents/piglets_detection/piglet-detection-main/artifacts/label_samples/2026-07-11__09_30_06#M/track_1547_f11880.jpg,14,4,1,73,219,136,263,boxed
/Users/vineelap/Documents/piglets_detection/piglet-detection-main/artifacts/label_samples/2026-07-11__09_30_06#M/track_1906_f13970.jpg,14,1,0,228,93,272,143,boxed
/Users/vineelap/Documents/piglets_detection/piglet-detection-main/artifacts/label_samples/2026-07-11__09_30_06#M/track_1906_f13970.jpg,14,4,1,268,120,304,187,boxed
/Users/vineelap/Documents/piglets_detection/piglet-detection-main/artifacts/label_samples/2026-07-11__09_30_06#M/track_3009_f19680.jpg,11,1,0,70,144,139,191,boxed
/Users/vineelap/Documents/piglets_detection/piglet-detection-main/artifacts/label_samples/2026-07-11__09_30_06#M/track_3009_f19680.jpg,11,1,1,92,199,164,245,boxed
/Users/vineelap/Documents/piglets_detection/piglet-detection-main/artifacts/label_samples/2026-07-10__08_30_06#M/track_246_f1280.jpg,11,1,0,221,218,292,273,boxed
/Users/vineelap/Documents/piglets_detection/piglet-detection-main/artifacts/label_samples/2026-07-10__08_30_06#M/track_246_f1280.jpg,11,1,1,178,179,255,228,boxed
/Users/vineelap/Documents/piglets_detection/piglet-detection-main/artifacts/label_samples/2026-07-10__08_30_06#M/track_891_f4490.jpg,13,1,0,20,141,77,179,boxed
/Users/vineelap/Documents/piglets_detection/piglet-detection-main/artifacts/label_samples/2026-07-10__08_30_06#M/track_891_f4490.jpg,13,3,1,6,111,78,146,boxed
/Users/vineelap/Documents/piglets_detection/piglet-detection-main/artifacts/label_samples/2026-07-10__10_00_07#M/track_906_f12280.jpg,10,1,0,184,18,227,69,boxed
/Users/vineelap/Documents/piglets_detection/piglet-detection-main/artifacts/label_samples/2026-07-10__10_00_07#M/track_906_f12280.jpg,10,0,1,207,17,261,60,boxed
/Users/vineelap/Documents/piglets_detection/piglet-detection-main/artifacts/label_samples/2026-07-10__10_00_07#M/track_1178_f14330.jpg,11,1,0,228,88,268,158,boxed
/Users/vineelap/Documents/piglets_detection/piglet-detection-main/artifacts/label_samples/2026-07-10__10_00_07#M/track_1178_f14330.jpg,11,1,1,279,103,316,189,boxed
/Users/vineelap/Documents/piglets_detection/piglet-detection-main/artifacts/label_samples/2026-07-10__13_00_08#M/track_1103_f12780.jpg,14,1,0,228,177,254,219,boxed
/Users/vineelap/Documents/piglets_detection/piglet-detection-main/artifacts/label_samples/2026-07-10__13_00_08#M/track_1103_f12780.jpg,14,4,1,198,136,246,190,boxed
/Users/vineelap/Documents/piglets_detection/piglet-detection-main/artifacts/label_samples/2026-07-10__13_30_08#M/track_14_f40.jpg,13,1,0,90,0,134,46,boxed
/Users/vineelap/Documents/piglets_detection/piglet-detection-main/artifacts/label_samples/2026-07-10__13_30_08#M/track_14_f40.jpg,13,3,1,93,44,181,94,boxed
/Users/vineelap/Documents/piglets_detection/piglet-detection-main/artifacts/label_samples/2026-07-10__10_00_07#M/track_811_f11560.jpg,10,1,0,70,53,116,118,boxed
/Users/vineelap/Documents/piglets_detection/piglet-detection-main/artifacts/label_samples/2026-07-10__10_00_07#M/track_811_f11560.jpg,10,0,1,117,66,163,128,boxed
/Users/vineelap/Documents/piglets_detection/piglet-detection-main/artifacts/label_samples/2026-07-10__13_30_08#M/track_788_f5380.jpg,14,1,0,50,187,129,232,boxed
/Users/vineelap/Documents/piglets_detection/piglet-detection-main/artifacts/label_samples/2026-07-10__13_30_08#M/track_788_f5380.jpg,14,4,1,45,229,115,277,boxed
/Users/vineelap/Documents/piglets_detection/piglet-detection-main/artifacts/label_samples/2026-07-11__09_30_06#M/track_3009_f19630.jpg,11,1,0,58,132,114,196,boxed
/Users/vineelap/Documents/piglets_detection/piglet-detection-main/artifacts/label_samples/2026-07-11__09_30_06#M/track_3009_f19630.jpg,11,1,1,53,189,128,232,boxed
/Users/vineelap/Documents/piglets_detection/piglet-detection-main/artifacts/label_samples/2026-07-10__13_30_08#M/track_685_f4410.jpg,11,1,0,43,87,125,118,boxed
/Users/vineelap/Documents/piglets_detection/piglet-detection-main/artifacts/label_samples/2026-07-10__13_30_08#M/track_685_f4410.jpg,11,1,1,40,63,122,93,boxed
/Users/vineelap/Documents/piglets_detection/piglet-detection-main/artifacts/label_samples/2026-07-10__13_00_08#M/track_1025_f11800.jpg,12,1,0,165,144,220,217,boxed
/Users/vineelap/Documents/piglets_detection/piglet-detection-main/artifacts/label_samples/2026-07-10__13_00_08#M/track_1025_f11800.jpg,12,2,1,169,215,253,275,boxed
/Users/vineelap/Documents/piglets_detection/piglet-detection-main/artifacts/label_samples/2026-07-10__10_00_07#M/track_1168_f14120.jpg,10,1,0,204,122,249,170,boxed
/Users/vineelap/Documents/piglets_detection/piglet-detection-main/artifacts/label_samples/2026-07-10__10_00_07#M/track_1168_f14120.jpg,10,0,1,230,108,285,152,boxed
/Users/vineelap/Documents/piglets_detection/piglet-detection-main/artifacts/label_samples/2026-07-10__13_30_08#M/track_320_f2300.jpg,13,1,0,171,64,255,101,boxed
/Users/vineelap/Documents/piglets_detection/piglet-detection-main/artifacts/label_samples/2026-07-10__13_30_08#M/track_320_f2300.jpg,13,3,1,159,95,245,173,boxed
/Users/vineelap/Documents/piglets_detection/piglet-detection-main/artifacts/label_samples/2026-07-10__13_30_08#M/track_943_f6390.jpg,14,1,0,87,6,128,74,boxed
/Users/vineelap/Documents/piglets_detection/piglet-detection-main/artifacts/label_samples/2026-07-10__13_30_08#M/track_943_f6390.jpg,14,4,1,127,7,169,72,boxed
/Users/vineelap/Documents/piglets_detection/piglet-detection-main/artifacts/label_samples/2026-07-10__10_00_07#M/track_1007_f12930.jpg,11,1,0,238,148,288,219,boxed
/Users/vineelap/Documents/piglets_detection/piglet-detection-main/artifacts/label_samples/2026-07-10__10_00_07#M/track_1007_f12930.jpg,11,1,1,275,132,349,192,boxed
/Users/vineelap/Documents/piglets_detection/piglet-detection-main/artifacts/label_samples/2026-07-10__13_30_08#M/track_3_f100.jpg,11,1,0,167,202,215,271,boxed
/Users/vineelap/Documents/piglets_detection/piglet-detection-main/artifacts/label_samples/2026-07-10__13_30_08#M/track_3_f100.jpg,11,1,1,194,182,259,236,boxed
/Users/vineelap/Documents/piglets_detection/piglet-detection-main/artifacts/label_samples/2026-07-10__13_30_08#M/track_1201_f7500.jpg,11,1,0,83,159,132,223,boxed
/Users/vineelap/Documents/piglets_detection/piglet-detection-main/artifacts/label_samples/2026-07-10__13_30_08#M/track_1201_f7500.jpg,11,1,1,138,183,177,258,boxed
/Users/vineelap/Documents/piglets_detection/piglet-detection-main/artifacts/label_samples/2026-07-10__10_00_07#M/track_6_f50.jpg,11,1,0,21,161,75,219,boxed
/Users/vineelap/Documents/piglets_detection/piglet-detection-main/artifacts/label_samples/2026-07-10__10_00_07#M/track_6_f50.jpg,11,1,1,21,219,96,276,boxed
/Users/vineelap/Documents/piglets_detection/piglet-detection-main/artifacts/label_samples/2026-07-10__10_00_07#M/track_1349_f15680.jpg,10,1,0,212,43,254,97,boxed
/Users/vineelap/Documents/piglets_detection/piglet-detection-main/artifacts/label_samples/2026-07-10__10_00_07#M/track_1349_f15680.jpg,10,0,1,237,34,280,83,boxed
/Users/vineelap/Documents/piglets_detection/piglet-detection-main/artifacts/label_samples/2026-07-10__10_00_07#M/track_1785_f18270.jpg,10,1,0,201,10,241,63,boxed
/Users/vineelap/Documents/piglets_detection/piglet-detection-main/artifacts/label_samples/2026-07-10__10_00_07#M/track_1785_f18270.jpg,10,0,1,228,8,272,60,boxed
/Users/vineelap/Documents/piglets_detection/piglet-detection-main/artifacts/label_samples/2026-07-11__09_30_06#M/track_1734_f12820.jpg,11,1,0,198,187,234,245,boxed
/Users/vineelap/Documents/piglets_detection/piglet-detection-main/artifacts/label_samples/2026-07-11__09_30_06#M/track_1734_f12820.jpg,11,1,1,227,157,271,210,boxed
/Users/vineelap/Documents/piglets_detection/piglet-detection-main/artifacts/label_samples/2026-07-11__09_30_06#M/track_2446_f16330.jpg,10,1,0,33,301,107,342,boxed
/Users/vineelap/Documents/piglets_detection/piglet-detection-main/artifacts/label_samples/2026-07-11__09_30_06#M/track_2446_f16330.jpg,10,0,1,35,245,116,288,boxed
/Users/vineelap/Documents/piglets_detection/piglet-detection-main/artifacts/label_samples/2026-07-10__08_30_06#M/track_253_f1180.jpg,11,1,0,180,176,247,233,boxed
/Users/vineelap/Documents/piglets_detection/piglet-detection-main/artifacts/label_samples/2026-07-10__08_30_06#M/track_253_f1180.jpg,11,1,1,147,152,233,198,boxed
/Users/vineelap/Documents/piglets_detection/piglet-detection-main/artifacts/label_samples/2026-07-11__09_30_06#M/track_2968_f19440.jpg,10,1,0,133,74,194,134,boxed
/Users/vineelap/Documents/piglets_detection/piglet-detection-main/artifacts/label_samples/2026-07-11__09_30_06#M/track_2968_f19440.jpg,10,0,1,190,60,245,131,boxed
/Users/vineelap/Documents/piglets_detection/piglet-detection-main/artifacts/label_samples/2026-07-11__09_30_06#M/track_2772_f18540.jpg,10,1,0,182,215,258,275,boxed
/Users/vineelap/Documents/piglets_detection/piglet-detection-main/artifacts/label_samples/2026-07-11__09_30_06#M/track_2772_f18540.jpg,10,0,1,218,177,298,230,boxed
/Users/vineelap/Documents/piglets_detection/piglet-detection-main/artifacts/label_samples/2026-07-10__10_00_07#M/track_1280_f15040.jpg,14,1,0,36,93,111,129,boxed
/Users/vineelap/Documents/piglets_detection/piglet-detection-main/artifacts/label_samples/2026-07-10__10_00_07#M/track_1280_f15040.jpg,14,4,1,35,133,103,173,boxed
/Users/vineelap/Documents/piglets_detection/piglet-detection-main/artifacts/label_samples/2026-07-10__10_00_07#M/track_990_f12820.jpg,11,1,0,55,171,124,218,boxed
/Users/vineelap/Documents/piglets_detection/piglet-detection-main/artifacts/label_samples/2026-07-10__10_00_07#M/track_990_f12820.jpg,11,1,1,46,226,120,274,boxed
/Users/vineelap/Documents/piglets_detection/piglet-detection-main/artifacts/label_samples/2026-07-11__09_30_06#M/track_1590_f12160.jpg,11,1,0,138,68,190,128,boxed
/Users/vineelap/Documents/piglets_detection/piglet-detection-main/artifacts/label_samples/2026-07-11__09_30_06#M/track_1590_f12160.jpg,11,1,1,110,111,169,166,boxed
/Users/vineelap/Documents/piglets_detection/piglet-detection-main/artifacts/label_samples/2026-07-10__10_00_07#M/track_21_f400.jpg,10,1,0,13,216,93,269,boxed
/Users/vineelap/Documents/piglets_detection/piglet-detection-main/artifacts/label_samples/2026-07-10__10_00_07#M/track_21_f400.jpg,10,0,1,16,280,94,322,boxed
/Users/vineelap/Documents/piglets_detection/piglet-detection-main/artifacts/label_samples/2026-07-10__13_30_08#M/track_1090_f6970.jpg,11,1,0,71,1,115,33,boxed
/Users/vineelap/Documents/piglets_detection/piglet-detection-main/artifacts/label_samples/2026-07-10__13_30_08#M/track_1090_f6970.jpg,11,1,1,37,18,78,61,boxed
/Users/vineelap/Documents/piglets_detection/piglet-detection-main/artifacts/label_samples/2026-07-10__13_30_08#M/track_790_f5620.jpg,11,1,0,33,126,107,156,boxed
/Users/vineelap/Documents/piglets_detection/piglet-detection-main/artifacts/label_samples/2026-07-10__13_30_08#M/track_790_f5620.jpg,11,1,1,30,98,104,121,boxed
